"CrashFactId","Name","MinorInjuries","ModerateInjuries","SevereInjuries","FatalInjuries","TcrNumber","CityDamageFlag","ShortFormFlag","Distance","CrashDateTime","PedestrianAction","RoadwaySurface","RoadwayCondition","Lighting","PrimaryCollisionFactor","TrafficControl","Weather","CollisionType","ProximityToIntersection","VehicleInvolvedWith","PedestrianDirectionFrom","PedestrianDirectionTo","DirectionFromIntersection","Comment"
"650682","CR-0000085580","0","0","0","0","21-024-4000","False","True","","1/24/2021 12:00:00 AM","No Pedestrians Involved","Unknown","Unknown","Unknown","Unknown","Unknown","Unknown","Rear End","Related","Other Vehicle","Not Applicable","Not Applicable","West Of",""
"650683","CR-0000085582","0","0","0","0","21-025-0144","False","False","22","1/25/2021 6:19:00 AM","No Pedestrians Involved","Dry","No Unusual Conditions","Dusk - Dawn","Violation Driver 1","Controls Functioning","Clear","Rear End","Related","Other Vehicle","Not Applicable","Not Applicable","West Of",""
"650686","CR-0000085531","0","0","0","0","21-023-4004","False","True","0","1/22/2021 12:45:00 AM","No Pedestrians Involved","Unknown","Unknown","Unknown","Unknown","Unknown","Unknown","Rear End","Intersection","Other Vehicle","Not Applicable","Not Applicable","At",""
"650687","CR-0000085550","1","0","0","0","21-022-0497","False","False","30","1/22/2021 3:03:00 PM","No Pedestrians Involved","Dry","No Unusual Conditions","Daylight","Violation Driver 1","Controls Functioning","Cloudy","Rear End","Related","Other Vehicle","Not Applicable","Not Applicable","South Of",""
"650688","CR-0000085552","0","1","0","0","21-022-0643","False","False","0","1/22/2021 5:57:00 PM","Crossing In Crosswalk - At Intersection","Wet","No Unusual Conditions","Dusk - Dawn","Violation Driver 1","Controls Functioning","Clear","Vehicle/Pedestrian","Intersection","Pedestrian","North","South","At",""
"650689","CR-0000085553","1","0","0","0","21-022-0696","False","False","51","1/22/2021 6:51:00 PM","No Pedestrians Involved","Wet","No Unusual Conditions","Dark - Street Light","Violation Driver 1","No Controls Present/Factor","Rain","Rear End","Non-Related","Parked Vehicle","Not Applicable","Not Applicable","South Of",""
"650690","CR-0000085554","1","0","0","0","21-022-0734","False","False","22","1/22/2021 7:56:00 PM","Crossing - Not In Crosswalk","Wet","No Unusual Conditions","Dark - Street Light","Pedestrian At Fault","No Controls Present/Factor","Cloudy","Vehicle/Pedestrian","Related","Pedestrian","South","North","East Of",""
"650691","CR-0000085557","1","0","0","0","21-023-0197","False","False","0","1/23/2021 7:45:00 AM","No Pedestrians Involved","Dry","No Unusual Conditions","Daylight","Unknown","Controls Functioning","Clear","Broadside","Intersection","Other Vehicle","Not Applicable","Not Applicable","At",""
"650692","CR-0000085558","0","0","0","0","21-023-0242","False","False","20","1/23/2021 9:00:00 AM","No Pedestrians Involved","Dry","No Unusual Conditions","Daylight","Violation Driver 1","Controls Functioning","Cloudy","Rear End","Related","Other Vehicle","Not Applicable","Not Applicable","South Of",""
"650717","CR-0000085560","0","0","0","0","21-023-0538","False","False","","1/23/2021 4:09:00 PM","No Pedestrians Involved","Wet","No Unusual Conditions","Daylight","Violation Driver 1","Controls Functioning","Cloudy","Rear End","Related","Parked Vehicle","Not Applicable","Not Applicable","West Of",""
"650718","CR-0000085562","1","0","0","0","21-023-0584","False","False","35","1/23/2021 4:57:00 PM","No Pedestrians Involved","Dry","No Unusual Conditions","Daylight","Violation Driver 1","Unknown","Clear","Rear End","Related","Other Vehicle","Not Applicable","Not Applicable","West Of",""
"650719","CR-0000085563","0","0","0","0","21-024-9702","False","True","","1/23/2021 7:53:00 PM","No Pedestrians Involved","Wet","No Unusual Conditions","Dark - Street Light","Unknown","Controls Functioning","Rain","Rear End","Related","Other Vehicle","Not Applicable","Not Applicable","East Of",""
"650720","CR-0000085564","0","0","1","0","21-023-0800","False","False","25","1/23/2021 8:48:00 PM","No Pedestrians Involved","Dry","No Unusual Conditions","Dark - Street Light","Violation Driver 1","No Controls Present/Factor","Cloudy","Rear End","Related","Parked Vehicle","Not Applicable","Not Applicable","North Of",""
"650721","CR-0000085567","0","0","0","0","21-024-4002","False","True","0","1/23/2021 11:10:00 AM","No Pedestrians Involved","Unknown","Unknown","Daylight","Unknown","Unknown","Unknown","Rear End","Intersection","Other Vehicle","Not Applicable","Not Applicable","At",""
"650722","CR-0000085568","1","0","0","0","21-024-0376","False","False","0","1/24/2021 12:51:00 PM","No Pedestrians Involved","Wet","No Unusual Conditions","Daylight","Violation Driver 1","Controls Functioning","Cloudy","Broadside","Intersection","Other Vehicle","Not Applicable","Not Applicable","At",""
"650723","CR-0000085569","0","1","0","0","21-024-0129","True","False","238","1/24/2021 4:00:00 AM","No Pedestrians Involved","Dry","No Unusual Conditions","Dark - Street Light","Violation Driver 1","Controls Functioning","Clear","Hit Object","Non-Related","Fixed Object","Not Applicable","Not Applicable","West Of","Tree"
"650740","CR-0000085575","0","1","0","0","21-024-0629","True","False","48","1/24/2021 6:30:00 PM","No Pedestrians Involved","Wet","No Unusual Conditions","Dark - Street Light","Violation Driver 1","No Controls Present/Factor","Rain","Hit Object","Related","Fixed Object","Not Applicable","Not Applicable","East Of","Tree"
"650741","CR-0000085586","1","0","0","0","21-025-0481","False","False","0","1/25/2021 1:18:00 PM","No Pedestrians Involved","Dry","No Unusual Conditions","Daylight","Violation Driver 1","Controls Functioning","Clear","Rear End","Intersection","Other Vehicle","Not Applicable","Not Applicable","At",""
"650742","CR-0000085594","1","0","0","0","21-026-0488","True","False","0","1/26/2021 3:05:00 PM","No Pedestrians Involved","Wet","No Unusual Conditions","Daylight","Violation Driver 1","Controls Functioning","Rain","Broadside","Intersection","Other Vehicle","Not Applicable","Not Applicable","At","Street sign"
"650743","CR-0000085595","2","0","0","0","21-026-0496","False","False","0","1/26/2021 3:10:00 PM","No Pedestrians Involved","Wet","No Unusual Conditions","Daylight","Violation Driver 1","Controls Functioning","Rain","Broadside","Intersection","Other Vehicle","Not Applicable","Not Applicable","At",""
"650744","CR-0000085599","0","0","0","0","21-027-0032","True","False","390","1/27/2021 12:52:00 AM","No Pedestrians Involved","Wet","No Unusual Conditions","Dark - Street Light Not Functioning","Violation Driver 1","Controls Functioning","Rain","Hit Object","Non-Related","Fixed Object","Not Applicable","Not Applicable","North Of","Tree"
"650745","CR-0000085601","1","0","0","0","21-027-0166","False","False","0","1/27/2021 8:00:00 AM","No Pedestrians Involved","Wet","Other","Daylight","Violation Driver 1","Controls Not Functioning","Rain","Broadside","Intersection","Other Vehicle","Not Applicable","Not Applicable","At",""
"650746","CR-0000085605","0","0","0","0","21-027-0757","False","False","0","1/27/2021 7:03:00 PM","No Pedestrians Involved","Wet","No Unusual Conditions","Dark - Street Light","Violation Driver 1","No Controls Present/Factor","Rain","Broadside","Intersection","Other Vehicle","Not Applicable","Not Applicable","At",""
"650747","CR-0000085583","0","0","0","0","21-025-9703","False","True","51","1/25/2021 6:52:00 AM","No Pedestrians Involved","Dry","No Unusual Conditions","Dark - Street Light","Unknown","Controls Functioning","Clear","Other","Non-Related","Parked Vehicle","Not Applicable","Not Applicable","South Of",""
"650748","CR-0000085584","0","0","0","0","21-025-0308","False","False","0","1/25/2021 10:25:00 AM","No Pedestrians Involved","Dry","No Unusual Conditions","Dark - Street Light","Unknown","Controls Functioning","Clear","Sideswipe","Intersection","Other Vehicle","Not Applicable","Not Applicable","At",""
"650749","CR-0000085587","0","0","0","0","21-025-0517","False","False","43","1/25/2021 1:54:00 PM","No Pedestrians Involved","Dry","No Unusual Conditions","Daylight","Violation Driver 1","No Controls Present/Factor","Clear","Sideswipe","Related","Other Vehicle","Not Applicable","Not Applicable","South Of",""
"650750","CR-0000085588","0","1","0","0","21-025-0598","False","False","130","1/25/2021 3:10:00 PM","Not In Road","Dry","No Unusual Conditions","Daylight","Violation Driver 1","No Controls Present/Factor","Cloudy","Vehicle/Pedestrian","Non-Related","Scooter Non-Motorized","South","North","South Of",""
"650751","CR-0000085591","1","0","0","0","21-026-4000","False","True","51","1/25/2021 4:05:00 PM","No Pedestrians Involved","Unknown","Unknown","Daylight","Unknown","Unknown","Unknown","Sideswipe","Non-Related","Other Vehicle","Not Applicable","Not Applicable","West Of",""
"650752","CR-0000085596","1","0","0","0","21-026-0865","False","False","0","1/26/2021 10:51:00 PM","No Pedestrians Involved","Wet","No Unusual Conditions","Dark - Street Light","Unknown","Controls Functioning","Rain","Broadside","Intersection","Other Vehicle","Not Applicable","Not Applicable","At",""
"650753","CR-0000085609","0","0","1","0","21-028-0678","False","False","0","1/28/2021 6:09:00 PM","Crossing In Crosswalk - At Intersection","Wet","No Unusual Conditions","Dark - Street Light","Pedestrian At Fault","Controls Functioning","Rain","Vehicle/Pedestrian","Intersection","Pedestrian","East","West","At",""
"650754","CR-0000085613","0","0","0","0","21-029-0167","False","False","0","1/29/2021 7:01:00 AM","No Pedestrians Involved","Dry","No Unusual Conditions","Daylight","Violation Driver 1","Controls Functioning","Clear","Hit Object","Intersection","Fixed Object","Not Applicable","Not Applicable","At","Curb"
"650755","CR-0000085619","0","0","0","0","21-028-0337","False","False","","1/28/2021 11:36:00 AM","No Pedestrians Involved","Wet","No Unusual Conditions","Daylight","Violation Driver 1","Controls Not Functioning","Rain","Rear End","Related","Other Vehicle","Not Applicable","Not Applicable","East Of",""
"650756","CR-0000085620","1","0","0","0","21-028-0434","False","False","36","1/28/2021 1:30:00 PM","No Pedestrians Involved","Wet","No Unusual Conditions","Daylight","Violation Driver 1","No Controls Present/Factor","Rain","Rear End","Related","Other Vehicle","Not Applicable","Not Applicable","East Of",""
"650761","CR-0000085606","0","0","0","0","21-033-9706","False","True","0","1/28/2021 1:30:00 PM","No Pedestrians Involved","Dry","Unknown","Daylight","Unknown","Controls Functioning","Clear","Head On","Intersection","Other Vehicle","Not Applicable","Not Applicable","At",""
"650762","CR-0000085607","2","0","0","0","21-028-0127","False","False","0","1/28/2021 5:48:00 AM","No Pedestrians Involved","Wet","No Unusual Conditions","Dark - Street Light","Violation Driver 1","Controls Functioning","Rain","Broadside","Intersection","Other Vehicle","Not Applicable","Not Applicable","At",""
"650763","CR-0000085611","0","0","0","0","21-029-0088","False","False","110","1/29/2021 1:45:00 AM","No Pedestrians Involved","Wet","No Unusual Conditions","Dark - Street Light","Violation Driver 1","No Controls Present/Factor","Rain","Other","Non-Related","Parked Vehicle","Not Applicable","Not Applicable","South Of",""
"650764","CR-0000085615","2","0","0","0","21-030-0344","False","False","0","1/30/2021 10:55:00 AM","No Pedestrians Involved","Dry","No Unusual Conditions","Daylight","Violation Driver 1","Controls Functioning","Clear","Head On","Intersection","Other Vehicle","Not Applicable","Not Applicable","At",""
"650765","CR-0000085617","0","0","0","1","21-035-0041","True","False","616","2/4/2021 12:15:00 AM","No Pedestrians Involved","Dry","No Unusual Conditions","Dark - Street Light","Violation Driver 1","No Controls Present/Factor","Clear","Hit Object","Non-Related","Fixed Object","Not Applicable","Not Applicable","East Of","Tree and center median"
"650766","CR-0000085624","0","0","0","0","21-029-0296","False","False","200","1/29/2021 10:20:00 AM","No Pedestrians Involved","Dry","No Unusual Conditions","Daylight","Violation Driver 1","No Controls Present/Factor","Clear","Sideswipe","Non-Related","Other Vehicle","Not Applicable","Not Applicable","West Of",""
"650767","CR-0000085627","0","0","0","0","21-030-0366","False","False","420","1/29/2021 10:20:00 AM","No Pedestrians Involved","Dry","No Unusual Conditions","Daylight","Violation Driver 1","Controls Functioning","Clear","Sideswipe","Non-Related","Parked Vehicle","Not Applicable","Not Applicable","South Of",""
"650802","CR-0000085623","1","0","0","0","21-029-0204","False","False","0","1/29/2021 8:13:00 AM","No Pedestrians Involved","Dry","No Unusual Conditions","Daylight","Violation Driver 1","Controls Not Functioning","Clear","Broadside","Intersection","Other Vehicle","Not Applicable","Not Applicable","At",""
"650803","CR-0000085565","0","0","0","0","21-023-0901","False","False","51","1/23/2021 10:25:00 PM","No Pedestrians Involved","Dry","No Unusual Conditions","Dark - Street Light","Violation Driver 1","No Controls Present/Factor","Clear","Head On","Non-Related","Parked Vehicle","Not Applicable","Not Applicable","South Of",""
"650804","CR-0000085576","0","1","0","0","21-024-0708","False","False","312","1/24/2021 8:28:00 PM","No Pedestrians Involved","Wet","No Unusual Conditions","Dark - Street Light","Violation Driver 1","No Controls Present/Factor","Rain","Hit Object","Non-Related","Fixed Object","Not Applicable","Not Applicable","East Of","Power pole"
"650805","CR-0000085581","0","0","0","0","21-024-4001","False","True","0","1/24/2021 1:49:00 AM","No Pedestrians Involved","Unknown","Unknown","Unknown","Unknown","Unknown","Unknown","Rear End","Intersection","Parked Vehicle","Not Applicable","Not Applicable","At","Two parked cars were hit."
"650806","CR-0000085604","0","0","0","0","21-027-0693","False","False","150","1/27/2021 5:50:00 PM","No Pedestrians Involved","Wet","No Unusual Conditions","Dark - Street Light","Unknown","No Controls Present/Factor","Rain","Head On","Non-Related","Other Vehicle","Not Applicable","Not Applicable","South Of",""
"650807","CR-0000085614","0","0","0","0","21-029-4000","False","True","51","1/29/2021 6:06:00 AM","No Pedestrians Involved","Unknown","Unknown","Dusk - Dawn","Unknown","Unknown","Unknown","Rear End","Non-Related","Parked Vehicle","Not Applicable","Not Applicable","North Of",""
"650808","CR-0000085629","2","0","0","0","21-029-0321","False","False","0","1/29/2021 10:50:00 AM","No Pedestrians Involved","Dry","No Unusual Conditions","Daylight","Violation Driver 1","Controls Functioning","Clear","Other","Intersection","Other Vehicle","Not Applicable","Not Applicable","At",""
"650809","CR-0000085633","0","0","0","0","21-029-0533","False","False","16","1/29/2021 2:24:00 PM","No Pedestrians Involved","Dry","No Unusual Conditions","Daylight","Violation Driver 1","No Controls Present/Factor","Clear","Head On","Related","Other Vehicle","Not Applicable","Not Applicable","South Of",""
"650810","CR-0000085544","0","0","0","0","21-021-0253","False","False","36","1/21/2021 10:20:00 AM","No Pedestrians Involved","Dry","No Unusual Conditions","Daylight","Violation Driver 1","Controls Functioning","Clear","Rear End","Related","Motor Vehicle On Other Roadway","Not Applicable","Not Applicable","South Of",""
"650811","CR-0000085545","1","0","0","0","21-021-0827","False","False","24","1/21/2021 10:17:00 PM","No Pedestrians Involved","Dry","Construction - Repair Zone","Dark - Street Light","Violation Driver 1","Controls Functioning","Clear","Rear End","Related","Other Vehicle","Not Applicable","Not Applicable","East Of",""
"650812","CR-0000085549","0","0","0","0","21-024-9701","False","True","51","1/22/2021 3:00:00 PM","No Pedestrians Involved","Wet","No Unusual Conditions","Daylight","Unknown","No Controls Present/Factor","Rain","Broadside","Non-Related","Parked Vehicle","Not Applicable","Not Applicable","Unknown",""
"650813","CR-0000085551","0","0","0","0","21-022-0638","False","False","100","1/22/2021 5:48:00 PM","No Pedestrians Involved","Wet","No Unusual Conditions","Dark - Street Light","Violation Driver 1","No Controls Present/Factor","Cloudy","Broadside","Non-Related","Other Vehicle","Not Applicable","Not Applicable","North Of",""
"650814","CR-0000085561","0","0","0","0","21-023-0643","False","False","82","1/23/2021 4:20:00 PM","No Pedestrians Involved","Dry","No Unusual Conditions","Daylight","Violation Driver 1","Controls Functioning","Clear","Sideswipe","Non-Related","Parked Vehicle","Not Applicable","Not Applicable","North Of",""
"650815","CR-0000085570","1","0","0","0","21-024-0174","False","False","87","1/24/2021 6:40:00 AM","No Pedestrians Involved","Dry","No Unusual Conditions","Dusk - Dawn","Violation Driver 1","No Controls Present/Factor","Cloudy","Head On","Non-Related","Parked Vehicle","Not Applicable","Not Applicable","South Of",""
"650817","CR-0000085628","2","1","0","0","21-029-0297","False","False","0","1/29/2021 10:24:00 AM","No Pedestrians Involved","Dry","No Unusual Conditions","Daylight","Violation Driver 1","Controls Functioning","Clear","Sideswipe","Intersection","Other Vehicle","Not Applicable","Not Applicable","At",""
"650818","CR-0000085630","1","1","0","0","21-029-0452","False","False","44","1/29/2021 1:15:00 PM","No Pedestrians Involved","Dry","No Unusual Conditions","Daylight","Violation Driver 1","Controls Functioning","Cloudy","Broadside","Related","Other Vehicle","Not Applicable","Not Applicable","South Of",""
"650819","CR-0000085631","1","0","0","0","21-029-0560","False","False","0","1/29/2021 2:23:00 PM","No Pedestrians Involved","Dry","No Unusual Conditions","Daylight","Violation Driver 1","No Controls Present/Factor","Clear","Broadside","Intersection","Other Vehicle","Not Applicable","Not Applicable","At",""
"650820","CR-0000085632","0","0","0","0","21-029-0507","True","False","387","1/29/2021 2:07:00 PM","No Pedestrians Involved","Dry","No Unusual Conditions","Daylight","Violation Driver 1","No Controls Present/Factor","Clear","Hit Object","Non-Related","Fixed Object","Not Applicable","Not Applicable","North Of",""
"650821","CR-0000085636","1","0","0","0","21-029-1022","True","False","0","1/29/2021 11:36:00 PM","No Pedestrians Involved","Dry","No Unusual Conditions","Dark - Street Light","Violation Driver 1","Controls Functioning","Clear","Sideswipe","Intersection","Other Vehicle","Not Applicable","Not Applicable","At","Center Median"
"650822","CR-0000085221","0","0","0","0","21-005-4002","False","True","51","1/1/2021 12:05:00 AM","No Pedestrians Involved","Unknown","Unknown","Unknown","Unknown","Unknown","Unknown","Broadside","Non-Related","Other Vehicle","Not Applicable","Not Applicable","West Of",""
"650823","CR-0000085643","1","1","0","0","21-030-0456","False","False","0","1/30/2021 1:15:00 PM","No Pedestrians Involved","Dry","No Unusual Conditions","Daylight","Violation Driver 1","No Controls Present/Factor","Clear","Broadside","Intersection","Other Vehicle","Not Applicable","Not Applicable","At",""
"650831","CR-0000085648","0","0","0","0","21-031-0140","False","False","33","1/31/2021 1:00:00 AM","No Pedestrians Involved","Dry","No Unusual Conditions","Dark - No Street Light","Violation Driver 1","Controls Functioning","Clear","Rear End","Related","Parked Vehicle","Not Applicable","Not Applicable","East Of",""
"650832","CR-0000085649","0","0","0","0","21-031-0053","True","False","178","1/31/2021 12:55:00 AM","No Pedestrians Involved","Dry","No Unusual Conditions","Dark - Street Light","Violation Driver 1","Controls Functioning","Clear","Hit Object","Non-Related","Fixed Object","Not Applicable","Not Applicable","East Of",""
"650833","CR-0000085655","0","1","1","0","21-031-0953","True","False","87","1/31/2021 11:58:00 PM","No Pedestrians Involved","Dry","No Unusual Conditions","Dark - Street Light","Violation Driver 1","No Controls Present/Factor","Clear","Broadside","Non-Related","Other Vehicle","Not Applicable","Not Applicable","West Of","Tree, street sign"
"650835","CR-0000085657","0","1","0","0","21-032-0816","False","False","351","2/1/2021 6:06:00 PM","Crossing - Not In Crosswalk","Dry","No Unusual Conditions","Dark - Street Light","Pedestrian At Fault","No Controls Present/Factor","Unknown","Vehicle/Pedestrian","Non-Related","Pedestrian","South","North","East Of",""
"650852","CR-0000085638","0","0","0","0","21-029-1042","True","False","230","1/29/2021 11:55:00 PM","No Pedestrians Involved","Dry","No Unusual Conditions","Dark - Street Light","Violation Driver 1","Controls Functioning","Clear","Hit Object","Non-Related","Fixed Object","Not Applicable","Not Applicable","South Of","Tree"
"650853","CR-0000085644","2","0","0","0","21-030-0506","False","False","0","1/30/2021 2:26:00 PM","No Pedestrians Involved","Dry","No Unusual Conditions","Daylight","Violation Driver 1","No Controls Present/Factor","Clear","Broadside","Intersection","Other Vehicle","Not Applicable","Not Applicable","At",""
"650854","CR-0000085650","1","0","0","0","21-031-0307","False","False","458","1/31/2021 10:27:00 AM","No Pedestrians Involved","Dry","No Unusual Conditions","Daylight","Violation Driver 1","No Controls Present/Factor","Cloudy","Rear End","Non-Related","Parked Vehicle","Not Applicable","Not Applicable","South Of",""
"650855","CR-0000085651","2","0","0","0","21-031-0399","False","False","38","1/31/2021 12:30:00 PM","No Pedestrians Involved","Dry","No Unusual Conditions","Daylight","Violation Driver 1","Controls Functioning","Clear","Rear End","Related","Other Vehicle","Not Applicable","Not Applicable","East Of",""
"650856","CR-0000085652","0","0","0","0","21-031-0663","False","False","0","1/31/2021 6:00:00 PM","No Pedestrians Involved","Dry","No Unusual Conditions","Dark - Street Light","Violation Driver 1","Controls Functioning","Clear","Head On","Intersection","Other Vehicle","Not Applicable","Not Applicable","At",""
"650857","CR-0000085656","0","0","1","0","21-032-0543","False","False","28","2/1/2021 1:30:00 PM","No Pedestrians Involved","Dry","No Unusual Conditions","Dark - Street Light","Bike At Fault","Controls Functioning","Clear","Vehicle/Bike","Related","Bike","Not Applicable","Not Applicable","South Of",""
"650858","CR-0000085661","0","0","0","0","21-033-0520","False","False","0","2/2/2021 2:30:00 PM","No Pedestrians Involved","Dry","No Unusual Conditions","Daylight","Violation Driver 1","Controls Functioning","Clear","Sideswipe","Intersection","Other Vehicle","Not Applicable","Not Applicable","At",""
"650880","CR-0000085572","0","1","0","0","21-024-0441","False","False","600","1/24/2021 2:30:00 PM","No Pedestrians Involved","Wet","No Unusual Conditions","Daylight","Violation Driver 1","No Controls Present/Factor","Rain","Hit Object","Non-Related","Fixed Object","Not Applicable","Not Applicable","South Of","Power pole"
"650881","CR-0000085574","1","0","0","0","21-024-0613","False","False","48","1/24/2021 6:07:00 PM","No Pedestrians Involved","Wet","No Unusual Conditions","Dark - Street Light","Violation Driver 1","Controls Functioning","Rain","Sideswipe","Related","Other Vehicle","Not Applicable","Not Applicable","North Of",""
"650882","CR-0000085579","0","0","0","0","21-025-4002","False","True","","1/23/2021 11:00:00 PM","No Pedestrians Involved","Unknown","Unknown","Unknown","Unknown","Unknown","Unknown","Other","Related","Parked Vehicle","Not Applicable","Not Applicable","West Of",""
"650883","CR-0000085585","2","0","0","0","21-025-0446","False","False","0","1/25/2021 12:39:00 PM","No Pedestrians Involved","Dry","No Unusual Conditions","Daylight","Violation Driver 1","Controls Functioning","Clear","Broadside","Intersection","Other Vehicle","Not Applicable","Not Applicable","At",""
"650884","CR-0000085589","0","0","0","0","21-025-0978","False","False","0","1/25/2021 10:40:00 PM","No Pedestrians Involved","Dry","No Unusual Conditions","Dark - Street Light","Violation Driver 1","No Controls Present/Factor","Wind","Broadside","Intersection","Parked Vehicle","Not Applicable","Not Applicable","At",""
"650885","CR-0000085590","0","0","0","0","21-025-4001","False","True","51","1/25/2021 8:40:00 AM","No Pedestrians Involved","Unknown","Unknown","Daylight","Unknown","Unknown","Unknown","Sideswipe","Non-Related","Parked Vehicle","Not Applicable","Not Applicable","West Of",""
"650886","CR-0000085592","1","1","0","0","21-026-0173","False","False","0","1/26/2021 8:32:00 AM","No Pedestrians Involved","Dry","No Unusual Conditions","Daylight","Violation Driver 1","Controls Functioning","Clear","Broadside","Intersection","Other Vehicle","Not Applicable","Not Applicable","At",""
"650887","CR-0000085593","0","0","0","0","21-026-0319","False","False","159","1/26/2021 11:45:00 AM","No Pedestrians Involved","Dry","No Unusual Conditions","Daylight","Unknown","Controls Functioning","Clear","Sideswipe","Non-Related","Other Vehicle","Not Applicable","Not Applicable","East Of",""
"650888","CR-0000085597","2","0","0","0","21-026-0889","False","False","0","1/26/2021 11:29:00 PM","No Pedestrians Involved","Wet","No Unusual Conditions","Dark - No Street Light","Unknown","Controls Not Functioning","Rain","Head On","Intersection","Other Vehicle","Not Applicable","Not Applicable","At",""
"650889","CR-0000085600","0","0","0","0","21-027-0119","False","False","0","1/27/2021 4:30:00 AM","No Pedestrians Involved","Wet","No Unusual Conditions","Dark - Street Light","Violation Driver 1","Controls Functioning","Wind","Rear End","Intersection","Parked Vehicle","Not Applicable","Not Applicable","At",""
"650890","CR-0000085602","0","0","0","0","21-027-0482","False","False","24","1/27/2021 2:12:00 PM","No Pedestrians Involved","Wet","No Unusual Conditions","Daylight","Violation Driver 1","No Controls Present/Factor","Rain","Rear End","Related","Parked Vehicle","Not Applicable","Not Applicable","South Of",""
"650891","CR-0000085603","1","0","0","0","21-027-0663","False","False","0","1/27/2021 5:30:00 PM","No Pedestrians Involved","Wet","No Unusual Conditions","Dark - Street Light","Violation Driver 1","Controls Functioning","Rain","Broadside","Intersection","Motor Vehicle On Other Roadway","Not Applicable","Not Applicable","At",""
"650892","CR-0000085608","0","0","0","0","21-028-0446","True","False","55","1/28/2021 1:37:00 PM","No Pedestrians Involved","Wet","No Unusual Conditions","Daylight","Violation Driver 1","No Controls Present/Factor","Rain","Hit Object","Non-Related","Fixed Object","Not Applicable","Not Applicable","South Of","Tree"
"650893","CR-0000085610","0","0","0","0","21-030-9701","False","True","","1/29/2021 2:24:00 PM","No Pedestrians Involved","Dry","No Unusual Conditions","Daylight","Unknown","Controls Functioning","Clear","Rear End","Related","Other Vehicle","Not Applicable","Not Applicable","Unknown",""
"650910","CR-0000085634","1","0","0","0","21-029-0841","False","False","0","1/29/2021 8:10:00 PM","No Pedestrians Involved","Dry","No Unusual Conditions","Dark - Street Light","Bike At Fault","Controls Functioning","Clear","Vehicle/Bike","Intersection","Bike","Not Applicable","Not Applicable","At","Bike vs Bike crash"
"650911","CR-0000085639","0","0","0","0","21-030-0092","False","False","95","1/30/2021 1:43:00 AM","No Pedestrians Involved","Dry","No Unusual Conditions","Dark - Street Light","Violation Driver 1","Controls Functioning","Clear","Sideswipe","Non-Related","Other Vehicle","Not Applicable","Not Applicable","South Of",""
"650912","CR-0000085641","0","0","0","0","21-030-0178","False","False","78","1/30/2021 5:10:00 AM","No Pedestrians Involved","Dry","No Unusual Conditions","Dark - Street Light","Violation Driver 1","No Controls Present/Factor","Clear","Sideswipe","Non-Related","Parked Vehicle","Not Applicable","Not Applicable","West Of",""
"650913","CR-0000085645","0","0","0","0","21-030-0565","False","False","106","1/30/2021 3:55:00 PM","No Pedestrians Involved","Dry","Unknown","Daylight","Violation Driver 1","No Controls Present/Factor","Clear","Sideswipe","Non-Related","Parked Vehicle","Not Applicable","Not Applicable","West Of",""
"650914","CR-0000085647","1","0","0","0","21-030-1011","False","False","120","1/30/2021 11:44:00 PM","No Pedestrians Involved","Dry","No Unusual Conditions","Dark - Street Light","Violation Driver 1","Controls Functioning","Clear","Rear End","Non-Related","Other Vehicle","Not Applicable","Not Applicable","South Of",""
"650922","CR-0000085653","0","0","0","0","21-031-0677","False","False","0","1/31/2021 6:26:00 PM","No Pedestrians Involved","Dry","No Unusual Conditions","Dark - Street Light","Violation Driver 1","No Controls Present/Factor","Clear","Sideswipe","Intersection","Motor Vehicle On Other Roadway","Not Applicable","Not Applicable","At",""
"650924","CR-0000085658","0","0","0","0","21-032-0551","True","False","30","2/1/2021 1:41:00 PM","No Pedestrians Involved","Dry","No Unusual Conditions","Daylight","Violation Driver 1","Controls Functioning","Clear","Hit Object","Related","Fixed Object","Not Applicable","Not Applicable","North Of","Street sign"
"650925","CR-0000085660","0","0","0","0","21-033-0408","False","False","","2/2/2021 12:37:00 PM","No Pedestrians Involved","Wet","No Unusual Conditions","Daylight","Violation Driver 1","Controls Functioning","Clear","Rear End","Related","Other Vehicle","Not Applicable","Not Applicable","East Of",""
"650965","CR-0000085612","0","0","0","0","21-029-0221","False","False","0","1/29/2021 6:30:00 AM","No Pedestrians Involved","Wet","No Unusual Conditions","Dark - Street Light","Unknown","No Controls Present/Factor","Rain","Broadside","Intersection","Other Vehicle","Not Applicable","Not Applicable","At",""
"650966","CR-0000085618","0","0","0","1","21-038-0065","False","False","49","2/7/2021 2:04:00 AM","No Pedestrians Involved","Dry","No Unusual Conditions","Dark - Street Light","Violation Driver 1","Controls Functioning","Clear","Hit Object","Related","Fixed Object","Not Applicable","Not Applicable","North Of","Overpass support pillar"
"650967","CR-0000085621","1","2","0","0","21-028-0806","False","False","0","1/28/2021 9:00:00 PM","No Pedestrians Involved","Wet","No Unusual Conditions","Dark - Street Light","Violation Driver 1","Controls Functioning","Rain","Broadside","Intersection","Other Vehicle","Not Applicable","Not Applicable","At",""