"CrashFactId","Name","MinorInjuries","ModerateInjuries","SevereInjuries","FatalInjuries","TcrNumber","CityDamageFlag","ShortFormFlag","Distance","CrashDateTime","PedestrianAction","RoadwaySurface","RoadwayCondition","Lighting","PrimaryCollisionFactor","TrafficControl","Weather","CollisionType","ProximityToIntersection","VehicleInvolvedWith","PedestrianDirectionFrom","PedestrianDirectionTo","DirectionFromIntersection","Comment"
"652788","CR-0000085751","1","0","0","0","21-042-0130","False","False","565","2/11/2021 6:00:00 AM","No Pedestrians Involved","Dry","No Unusual Conditions","Dusk - Dawn","Violation Driver 1","No Controls Present/Factor","Clear","Rear End","Non-Related","Other Vehicle","Not Applicable","Not Applicable","North Of",""
"652826","CR-0000085754","0","1","0","0","21-040-0871","False","False","28","2/9/2021 8:15:00 PM","No Pedestrians Involved","Dry","No Unusual Conditions","Dark - Street Light","Violation Driver 1","Controls Functioning","Clear","Rear End","Related","Parked Vehicle","Not Applicable","Not Applicable","West Of",""
"652827","CR-0000085764","0","0","0","0","21-043-1033","False","False","45","2/12/2021 11:04:00 PM","No Pedestrians Involved","Dry","No Unusual Conditions","Dark - Street Light","Violation Driver 1","Controls Functioning","Clear","Broadside","Related","Parked Vehicle","Not Applicable","Not Applicable","North Of",""
"652883","CR-0000085752","1","0","0","0","21-042-0173","False","False","0","2/11/2021 7:37:00 AM","No Pedestrians Involved","Dry","No Unusual Conditions","Daylight","Violation Driver 1","No Controls Present/Factor","Cloudy","Rear End","Intersection","Other Vehicle","Not Applicable","Not Applicable","At",""
"652884","CR-0000085753","1","0","0","0","21-042-0663","False","False","35","2/11/2021 4:57:00 PM","No Pedestrians Involved","Wet","No Unusual Conditions","Dusk - Dawn","Violation Driver 1","No Controls Present/Factor","Rain","Broadside","Related","Other Vehicle","Not Applicable","Not Applicable","East Of",""
"652885","CR-0000085756","0","0","0","0","21-042-0879","False","False","96","2/11/2021 10:41:00 PM","No Pedestrians Involved","Wet","No Unusual Conditions","Dark - Street Light","Violation Driver 1","No Controls Present/Factor","Rain","Hit Object","Non-Related","Fixed Object","Not Applicable","Not Applicable","North Of","PG&E pole"
"652886","CR-0000085761","0","0","0","0","21-043-0827","False","False","51","2/12/2021 6:56:00 PM","No Pedestrians Involved","Dry","No Unusual Conditions","Dark - Street Light","Violation Driver 1","No Controls Present/Factor","Clear","Rear End","Non-Related","Other Vehicle","Not Applicable","Not Applicable","South Of",""
"652887","CR-0000085762","0","0","0","0","21-043-0842","False","False","","2/12/2021 7:12:00 PM","No Pedestrians Involved","Dry","No Unusual Conditions","Dark - Street Light","Violation Driver 1","Controls Functioning","Clear","Rear End","Related","Other Vehicle","Not Applicable","Not Applicable","North Of",""
"652888","CR-0000085766","0","0","0","0","21-042-0086","True","False","47","2/11/2021 3:30:00 AM","No Pedestrians Involved","Dry","No Unusual Conditions","Dark - Street Light","Violation Driver 1","No Controls Present/Factor","Clear","Hit Object","Related","Fixed Object","Not Applicable","Not Applicable","East Of","Tree, building"
"652889","CR-0000085774","0","0","1","0","21-044-0153","False","False","0","2/13/2021 4:50:00 AM","Crossing In Crosswalk - At Intersection","Wet","No Unusual Conditions","Dark - Street Light","Pedestrian At Fault","Controls Functioning","Cloudy","Vehicle/Pedestrian","Intersection","Pedestrian","South","North","At",""
"652896","CR-0000085755","0","0","0","0","21-042-0907","False","False","0","2/11/2021 9:54:00 PM","No Pedestrians Involved","Wet","No Unusual Conditions","Dark - Street Light","Violation Driver 1","Controls Functioning","Rain","Rear End","Intersection","Other Vehicle","Not Applicable","Not Applicable","At",""
"652904","CR-0000085757","0","1","0","0","21-042-0962","True","False","24","2/11/2021 11:26:00 PM","No Pedestrians Involved","Wet","No Unusual Conditions","Dark - Street Light","Violation Driver 1","Controls Functioning","Rain","Hit Object","Related","Fixed Object","Not Applicable","Not Applicable","North Of","2 traffic lights"
"652905","CR-0000085758","0","0","0","0","21-043-0037","False","False","20","2/12/2021 12:25:00 AM","No Pedestrians Involved","Wet","Unknown","Dark - Street Light","Violation Driver 1","Unknown","Cloudy","Rear End","Related","Other Vehicle","Not Applicable","Not Applicable","West Of",""
"652906","CR-0000085763","1","0","0","0","21-043-0989","False","False","45","2/12/2021 10:03:00 PM","No Pedestrians Involved","Dry","No Unusual Conditions","Dark - Street Light","Violation Driver 1","Controls Functioning","Clear","Hit Object","Related","Fixed Object","Not Applicable","Not Applicable","West Of","Median, tree"
"652907","CR-0000085765","0","0","0","0","21-042-0078","False","False","144","2/11/2021 3:00:00 AM","No Pedestrians Involved","Dry","No Unusual Conditions","Dark - Street Light","Violation Driver 1","No Controls Present/Factor","Clear","Head On","Non-Related","Parked Vehicle","Not Applicable","Not Applicable","South Of",""
"652972","CR-0000085747","0","0","0","0","21-043-0381","False","False","0","2/12/2021 11:47:00 AM","No Pedestrians Involved","Dry","No Unusual Conditions","Daylight","Violation Driver 1","Controls Functioning","Clear","Broadside","Intersection","Other Vehicle","Not Applicable","Not Applicable","At",""
"652973","CR-0000085748","2","0","0","1","21-046-0222","False","False","330","2/15/2021 10:07:00 AM","No Pedestrians Involved","Wet","No Unusual Conditions","Daylight","Violation Driver 1","Controls Functioning","Rain","Hit Object","Non-Related","Fixed Object","Not Applicable","Not Applicable","West Of","D1 had a medical episode and ran off road, hit the curb and V2. V2 then hit a curb and a fence."
"652974","CR-0000085750","1","1","0","0","21-041-0368","False","False","0","2/10/2021 11:26:00 AM","No Pedestrians Involved","Dry","No Unusual Conditions","Daylight","Violation Driver 1","Controls Functioning","Clear","Broadside","Intersection","Other Vehicle","Not Applicable","Not Applicable","At",""
"652975","CR-0000085759","1","0","0","0","21-043-0566","False","False","0","2/12/2021 2:47:00 PM","No Pedestrians Involved","Dry","No Unusual Conditions","Daylight","Violation Driver 1","No Controls Present/Factor","Clear","Rear End","Intersection","Motorcycle","Not Applicable","Not Applicable","At",""
"653006","CR-0000085760","0","0","0","0","21-043-0821","False","False","0","2/12/2021 6:52:00 PM","No Pedestrians Involved","Dry","No Unusual Conditions","Dark - Street Light","Violation Driver 1","Controls Not Functioning","Clear","Broadside","Intersection","Other Vehicle","Not Applicable","Not Applicable","At",""
"653007","CR-0000085769","0","0","0","0","21-042-0643","False","False","51","2/11/2021 4:38:00 PM","No Pedestrians Involved","Wet","No Unusual Conditions","Daylight","Violation Driver 1","Controls Functioning","Rain","Rear End","Non-Related","Other Vehicle","Not Applicable","Not Applicable","West Of",""
"653008","CR-0000085773","0","0","0","0","21-044-0146","True","False","292","2/13/2021 4:28:00 AM","No Pedestrians Involved","Dry","No Unusual Conditions","Dark - Street Light","Violation Driver 1","No Controls Present/Factor","Clear","Hit Object","Non-Related","Fixed Object","Not Applicable","North","South Of","Light pole"
"653009","CR-0000085775","1","0","0","0","21-044-0676","False","False","0","2/13/2021 6:18:00 PM","No Pedestrians Involved","Dry","No Unusual Conditions","Dark - Street Light","Violation Driver 1","No Controls Present/Factor","Clear","Other","Intersection","Non-Collision","Not Applicable","Not Applicable","At",""
"653010","CR-0000085776","0","0","0","0","21-044-0712","False","False","0","2/13/2021 7:02:00 PM","No Pedestrians Involved","Dry","No Unusual Conditions","Dark - Street Light","Violation Driver 1","Controls Functioning","Clear","Broadside","Intersection","Other Vehicle","Not Applicable","Not Applicable","At",""
"653011","CR-0000085777","1","0","0","0","21-044-0889","False","False","43","2/13/2021 11:00:00 PM","No Pedestrians Involved","Dry","No Unusual Conditions","Dark - Street Light","Violation Driver 1","Controls Functioning","Clear","Rear End","Related","Other Vehicle","Not Applicable","Not Applicable","South Of",""
"653012","CR-0000085778","0","0","0","0","21-045-0028","False","False","20","2/14/2021 12:28:00 AM","No Pedestrians Involved","Dry","No Unusual Conditions","Dark - Street Light","Violation Driver 1","No Controls Present/Factor","Clear","Rear End","Related","Parked Vehicle","Not Applicable","Not Applicable","South Of",""
"653411","CR-0000085770","0","0","0","0","21-042-0739","False","False","200","2/11/2021 6:12:00 PM","No Pedestrians Involved","Wet","No Unusual Conditions","Dark - Street Light","Violation Driver 1","Controls Functioning","Cloudy","Other","Non-Related","Other Vehicle","Not Applicable","Not Applicable","South Of",""
"653412","CR-0000085779","0","0","0","0","21-045-0150","False","False","24","2/14/2021 4:21:00 AM","No Pedestrians Involved","Dry","No Unusual Conditions","Dark - Street Light Not Functioning","Violation Driver 2","No Controls Present/Factor","Clear","Rear End","Related","Parked Vehicle","Not Applicable","Not Applicable","South Of",""
"653426","CR-0000085780","0","0","1","0","21-045-0195","True","False","220","2/14/2021 7:06:00 AM","No Pedestrians Involved","Dry","No Unusual Conditions","Daylight","Violation Driver 1","No Controls Present/Factor","Cloudy","Hit Object","Non-Related","Fixed Object","Not Applicable","Not Applicable","East Of","Tree"
"653456","CR-0000085781","0","1","0","0","21-045-0294","False","False","147","2/14/2021 10:10:00 AM","No Pedestrians Involved","Dry","No Unusual Conditions","Daylight","Violation Driver 1","Controls Functioning","Cloudy","Sideswipe","Non-Related","Other Vehicle","Not Applicable","Not Applicable","North Of",""
"653542","CR-0000085767","0","0","0","0","21-042-0374","False","False","30","2/11/2021 11:49:00 AM","No Pedestrians Involved","Dry","No Unusual Conditions","Daylight","Violation Driver 1","Controls Functioning","Clear","Sideswipe","Related","Other Vehicle","Not Applicable","Not Applicable","East Of",""
"653543","CR-0000085768","0","0","0","0","21-042-0416","False","False","","2/11/2021 1:28:00 PM","No Pedestrians Involved","Dry","No Unusual Conditions","Daylight","Violation Driver 1","Controls Functioning","Clear","Sideswipe","Related","Other Vehicle","Not Applicable","Not Applicable","South Of",""
"676672","CR-0000085782","0","0","0","0","21-045-0610","False","False","0","2/14/2021 8:00:00 PM","No Pedestrians Involved","Dry","No Unusual Conditions","Dusk - Dawn","Violation Driver 1","Controls Functioning","Clear","Sideswipe","Intersection","Other Vehicle","Not Applicable","Not Applicable","At",""
"676673","CR-0000085783","1","1","0","0","21-045-0715","False","False","74","2/14/2021 8:41:00 PM","No Pedestrians Involved","Wet","No Unusual Conditions","Dark - Street Light","Violation Driver 1","No Controls Present/Factor","Clear","Sideswipe","Non-Related","Parked Vehicle","Not Applicable","Not Applicable","South Of",""
"676674","CR-0000085784","0","0","0","0","21-045-0785","False","False","0","2/14/2021 9:50:00 PM","No Pedestrians Involved","Dry","No Unusual Conditions","Dark - Street Light","Violation Driver 1","Controls Functioning","Clear","Sideswipe","Intersection","Other Vehicle","Not Applicable","Not Applicable","At",""
"676675","CR-0000085785","0","0","0","0","21-046-0832","False","False","340","2/15/2021 11:46:00 PM","No Pedestrians Involved","Dry","No Unusual Conditions","Dark - Street Light","Violation Driver 1","Controls Functioning","Clear","Rear End","Non-Related","Parked Vehicle","Not Applicable","Not Applicable","South Of",""
"676676","CR-0000085786","1","0","0","0","21-046-0104","False","False","0","2/15/2021 3:54:00 AM","No Pedestrians Involved","Wet","No Unusual Conditions","Dark - Street Light","Violation Driver 1","Controls Functioning","Rain","Rear End","Intersection","Other Vehicle","Not Applicable","Not Applicable","At",""
"676677","CR-0000085787","0","0","0","0","21-047-0008","False","False","0","2/15/2021 11:50:00 PM","No Pedestrians Involved","Dry","No Unusual Conditions","Dark - Street Light","Violation Driver 1","No Controls Present/Factor","Clear","Rear End","Intersection","Parked Vehicle","Not Applicable","Not Applicable","At",""
"676678","CR-0000085788","0","0","0","0","21-046-0730","False","False","514","2/15/2021 10:49:00 PM","No Pedestrians Involved","Dry","No Unusual Conditions","Dark - Street Light","Violation Driver 1","No Controls Present/Factor","Clear","Head On","Non-Related","Other Vehicle","Not Applicable","Not Applicable","North Of",""
"676679","CR-0000085789","1","0","0","0","21-046-0593","False","False","0","2/15/2021 5:22:00 PM","Crossing In Crosswalk - At Intersection","Dry","No Unusual Conditions","Daylight","Violation Driver 1","No Controls Present/Factor","Clear","Vehicle/Pedestrian","Intersection","Pedestrian","North","South","At",""
"676680","CR-0000085790","1","0","0","0","21-046-0522","False","False","0","2/15/2021 3:45:00 PM","No Pedestrians Involved","Dry","No Unusual Conditions","Daylight","Violation Driver 1","Controls Functioning","Clear","Rear End","Intersection","Other Vehicle","Not Applicable","Not Applicable","At",""
"676681","CR-0000085791","0","0","0","0","21-046-0131","True","False","34","2/15/2021 6:14:00 AM","No Pedestrians Involved","Slippery (Muddy Oily etc.)","Unknown","Dark - Street Light","Violation Driver 1","No Controls Present/Factor","Rain","Hit Object","Related","Fixed Object","Not Applicable","Not Applicable","North Of","Light pole"
"676682","CR-0000085792","1","0","0","0","21-047-0471","False","False","110","2/16/2021 1:06:00 PM","No Pedestrians Involved","Dry","No Unusual Conditions","Daylight","Violation Driver 1","No Controls Present/Factor","Clear","Head On","Non-Related","Parked Vehicle","Not Applicable","Not Applicable","East Of",""
"676683","CR-0000085793","0","0","0","0","21-047-4000","False","True","","2/16/2021 8:00:00 AM","No Pedestrians Involved","Unknown","Unknown","Daylight","Unknown","Unknown","Unknown","Sideswipe","Related","Other Vehicle","Not Applicable","Not Applicable","Unknown",""
"676684","CR-0000085794","0","1","0","0","21-047-0506","False","False","0","2/16/2021 1:43:00 PM","No Pedestrians Involved","Dry","No Unusual Conditions","Daylight","Violation Driver 1","No Controls Present/Factor","Clear","Vehicle/Bike","Intersection","Bike","Not Applicable","Not Applicable","At",""
"676685","CR-0000085795","1","0","0","0","21-047-0520","False","False","0","2/16/2021 1:56:00 PM","No Pedestrians Involved","Dry","No Unusual Conditions","Daylight","Violation Driver 1","Controls Functioning","Clear","Rear End","Intersection","Other Vehicle","Not Applicable","Not Applicable","At",""
"676686","CR-0000085796","0","0","0","0","21-047-0577","False","False","51","2/16/2021 2:44:00 PM","No Pedestrians Involved","Dry","No Unusual Conditions","Daylight","Unknown","Controls Functioning","Clear","Rear End","Non-Related","Other Vehicle","Not Applicable","Not Applicable","East Of",""
"676687","CR-0000085797","1","0","0","0","21-047-0555","False","False","380","2/16/2021 2:22:00 PM","No Pedestrians Involved","Dry","No Unusual Conditions","Daylight","Bike At Fault","Controls Functioning","Clear","Vehicle/Bike","Non-Related","Bike","Not Applicable","Not Applicable","North Of",""
"676688","CR-0000085798","0","1","0","0","21-047-0604","False","False","0","2/16/2021 3:21:00 PM","Crossing In Crosswalk - At Intersection","Dry","No Unusual Conditions","Daylight","Violation Driver 1","Controls Functioning","Clear","Vehicle/Pedestrian","Intersection","Pedestrian","North","South","At",""
"676689","CR-0000085799","1","0","0","0","21-047-0646","False","False","0","2/16/2021 4:08:00 PM","No Pedestrians Involved","Dry","No Unusual Conditions","Daylight","Violation Driver 1","Controls Functioning","Clear","Broadside","Intersection","Other Vehicle","Not Applicable","Not Applicable","At",""
"676690","CR-0000085800","2","0","0","0","21-047-0819","False","False","0","2/16/2021 7:57:00 PM","No Pedestrians Involved","Dry","No Unusual Conditions","Dark - Street Light","Violation Driver 1","Controls Functioning","Clear","Rear End","Intersection","Other Vehicle","Not Applicable","Not Applicable","At",""
"676691","CR-0000085801","0","0","0","0","21-047-0867","True","False","100","2/16/2021 9:10:00 PM","No Pedestrians Involved","Dry","No Unusual Conditions","Dark - Street Light","Unknown","Controls Functioning","Clear","Hit Object","Non-Related","Fixed Object","Not Applicable","Not Applicable","East Of","Curb"
"676692","CR-0000085802","0","0","0","0","21-048-0142","False","False","76","2/16/2021 11:00:00 PM","No Pedestrians Involved","Dry","No Unusual Conditions","Dark - Street Light","Violation Driver 1","No Controls Present/Factor","Unknown","Head On","Non-Related","Parked Vehicle","Not Applicable","Not Applicable","North Of",""
"676693","CR-0000085803","0","0","1","0","21-048-0126","False","False","0","2/17/2021 6:31:00 AM","No Pedestrians Involved","Dry","No Unusual Conditions","Daylight","Violation Driver 1","No Controls Present/Factor","Clear","Rear End","Intersection","Other Vehicle","Not Applicable","Not Applicable","At","Possible broken foot"
"676694","CR-0000085804","2","0","0","0","21-048-0168","False","False","125","2/17/2021 7:54:00 AM","In Road - Includes Shoulder","Dry","Other","Daylight","Violation Driver 1","No Controls Present/Factor","Clear","Vehicle/Pedestrian","Non-Related","Pedestrian","No Direction (Not Walking)","No Direction (Not Walking)","North Of","V1 hit V2 and thereby hit P1 standing near V2"
"676695","CR-0000085805","0","1","0","0","21-048-0248","False","False","122","2/17/2021 9:19:00 AM","No Pedestrians Involved","Dry","No Unusual Conditions","Daylight","Violation Driver 1","No Controls Present/Factor","Clear","Sideswipe","Non-Related","Parked Vehicle","Not Applicable","Not Applicable","South Of",""
"676696","CR-0000085806","1","0","0","0","21-048-0393","False","False","104","2/17/2021 12:19:00 PM","No Pedestrians Involved","Dry","Unknown","Daylight","Violation Driver 1","Unknown","Clear","Rear End","Non-Related","Other Vehicle","Not Applicable","Not Applicable","North Of",""
"676697","CR-0000085807","0","0","1","0","21-048-0671","False","False","181","2/17/2021 4:56:00 PM","No Pedestrians Involved","Dry","No Unusual Conditions","Daylight","Violation Driver 1","No Controls Present/Factor","Clear","Broadside","Non-Related","Other Vehicle","Not Applicable","Not Applicable","West Of",""
"676698","CR-0000085808","0","0","0","0","21-048-0948","False","False","87","2/17/2021 10:18:00 PM","No Pedestrians Involved","Dry","No Unusual Conditions","Dark - No Street Light","Violation Driver 1","No Controls Present/Factor","Clear","Rear End","Non-Related","Parked Vehicle","Not Applicable","Not Applicable","West Of",""
"676699","CR-0000085809","0","0","0","0","21-049-0006","False","False","200","2/18/2021 12:04:00 AM","No Pedestrians Involved","Dry","No Unusual Conditions","Dark - Street Light","Violation Driver 1","No Controls Present/Factor","Clear","Sideswipe","Non-Related","Parked Vehicle","Not Applicable","Not Applicable","South Of",""
"676700","CR-0000085810","0","0","0","0","21-049-0379","False","False","74","2/18/2021 11:54:00 AM","No Pedestrians Involved","Dry","No Unusual Conditions","Daylight","Violation Driver 1","No Controls Present/Factor","Clear","Other","Non-Related","Parked Vehicle","Not Applicable","Not Applicable","South Of",""
"676701","CR-0000085811","0","0","0","0","21-049-0404","False","False","","2/18/2021 1:58:00 PM","No Pedestrians Involved","Dry","No Unusual Conditions","Daylight","Violation Driver 1","Controls Functioning","Clear","Rear End","Related","Other Vehicle","Not Applicable","Not Applicable","East Of",""
"676702","CR-0000085812","0","0","0","0","21-049-0428","True","False","58","2/18/2021 12:42:00 PM","No Pedestrians Involved","Dry","No Unusual Conditions","Daylight","Violation Driver 1","No Controls Present/Factor","Clear","Hit Object","Non-Related","Fixed Object","Not Applicable","Not Applicable","East Of","Tree"
"676703","CR-0000085813","0","0","0","0","21-049-0735","False","False","0","2/18/2021 5:39:00 PM","No Pedestrians Involved","Dry","No Unusual Conditions","Daylight","Violation Driver 1","Controls Functioning","Clear","Sideswipe","Intersection","Other Vehicle","Not Applicable","Not Applicable","At",""
"676704","CR-0000085814","0","0","0","0","21-049-0944","False","False","135","2/18/2021 10:14:00 PM","No Pedestrians Involved","Dry","No Unusual Conditions","Dark - Street Light","Violation Driver 1","No Controls Present/Factor","Clear","Sideswipe","Non-Related","Parked Vehicle","Not Applicable","Not Applicable","West Of",""
"676705","CR-0000085815","0","0","1","0","21-050-0439","False","False","0","2/19/2021 1:51:00 PM","No Pedestrians Involved","Dry","No Unusual Conditions","Daylight","Violation Driver 1","No Controls Present/Factor","Clear","Broadside","Intersection","Motorcycle","Not Applicable","Not Applicable","At",""
"676706","CR-0000085816","0","0","0","0","21-050-0969","False","False","51","2/19/2021 11:45:00 PM","No Pedestrians Involved","Dry","No Unusual Conditions","Dark - Street Light","Violation Driver 1","Unknown","Clear","Sideswipe","Non-Related","Parked Vehicle","Not Applicable","Not Applicable","East Of",""
"676707","CR-0000085817","1","0","0","0","21-050-0906","True","False","0","2/19/2021 10:49:00 PM","No Pedestrians Involved","Dry","No Unusual Conditions","Dark - Street Light","Violation Driver 1","Controls Functioning","Clear","Hit Object","Intersection","Fixed Object","Not Applicable","Not Applicable","At","Traffic signal"
"676708","CR-0000085818","0","0","0","0","21-045-9702","False","True","51","2/13/2021 5:00:00 PM","No Pedestrians Involved","Dry","No Unusual Conditions","Dark - Street Light","Unknown","No Controls Present/Factor","Clear","Other","Non-Related","Parked Vehicle","Not Applicable","Not Applicable","North Of",""
"676709","CR-0000085819","0","0","0","0","21-044-0829","False","False","0","2/13/2021 9:36:00 PM","No Pedestrians Involved","Dry","No Unusual Conditions","Dark - Street Light","Violation Driver 1","Controls Functioning","Clear","Head On","Intersection","Other Vehicle","Not Applicable","Not Applicable","At",""
"676710","CR-0000085820","0","0","0","0","21-045-9703","False","True","51","2/14/2021 2:30:00 PM","No Pedestrians Involved","Dry","No Unusual Conditions","Daylight","Unknown","No Controls Present/Factor","Clear","Other","Non-Related","Other Vehicle","Not Applicable","Not Applicable","North Of",""
"676711","CR-0000085821","0","0","0","0","21-045-0702","False","False","140","2/14/2021 8:08:00 PM","No Pedestrians Involved","Dry","No Unusual Conditions","Dark - Street Light","Violation Driver 1","No Controls Present/Factor","Clear","Sideswipe","Non-Related","Parked Vehicle","Not Applicable","Not Applicable","East Of",""
"676712","CR-0000085822","1","0","0","0","21-048-0610","False","False","0","2/17/2021 4:00:00 PM","No Pedestrians Involved","Dry","No Unusual Conditions","Daylight","Other Improper Driving","Controls Functioning","Clear","Vehicle/Bike","Intersection","Bike","Not Applicable","Not Applicable","At",""
"676713","CR-0000085823","0","2","0","0","21-048-0898","False","False","179","2/17/2021 8:49:00 PM","Crossing - Not In Crosswalk","Dry","No Unusual Conditions","Dark - Street Light","Pedestrian At Fault","Controls Functioning","Clear","Vehicle/Pedestrian","Non-Related","Pedestrian","South","North","East Of",""
"676714","CR-0000085824","1","0","0","0","21-050-0332","False","False","51","2/19/2021 11:47:00 AM","Crossing - Not In Crosswalk","Dry","No Unusual Conditions","Daylight","Pedestrian At Fault","Controls Functioning","Clear","Vehicle/Pedestrian","Non-Related","Pedestrian","South","North","East Of",""
"676715","CR-0000085825","0","1","0","0","21-050-0211","False","False","0","2/19/2021 12:25:00 PM","No Pedestrians Involved","Dry","No Unusual Conditions","Daylight","Violation Driver 1","Controls Functioning","Clear","Head On","Intersection","Other Vehicle","Not Applicable","Not Applicable","At",""
"676716","CR-0000085826","0","0","0","0","21-050-0530","False","False","51","2/19/2021 3:38:00 PM","No Pedestrians Involved","Dry","No Unusual Conditions","Daylight","Bike At Fault","No Controls Present/Factor","Clear","Vehicle/Bike","Non-Related","Bike","Not Applicable","Not Applicable","Unknown",""
"676717","CR-0000085827","2","0","0","0","21-050-0670","False","False","0","2/19/2021 6:06:00 PM","No Pedestrians Involved","Dry","No Unusual Conditions","Dusk - Dawn","Violation Driver 1","Controls Functioning","Clear","Broadside","Intersection","Other Vehicle","Not Applicable","Not Applicable","At",""
"676718","CR-0000085828","0","1","0","0","21-050-0680","False","False","","2/19/2021 6:48:00 PM","No Pedestrians Involved","Dry","No Unusual Conditions","Daylight","Bike At Fault","No Controls Present/Factor","Clear","Other","Related","Non-Collision","Not Applicable","Not Applicable","East Of",""
"676719","CR-0000085829","1","0","0","0","21-051-0133","False","False","900","2/20/2021 4:50:00 AM","No Pedestrians Involved","Wet","No Unusual Conditions","Dark - Street Light","Violation Driver 1","No Controls Present/Factor","Rain","Head On","Non-Related","Other Vehicle","Not Applicable","Not Applicable","South Of",""
"676720","CR-0000085830","1","0","0","0","21-051-0190","False","False","0","2/20/2021 8:08:00 AM","No Pedestrians Involved","Wet","No Unusual Conditions","Daylight","Violation Driver 1","Controls Functioning","Rain","Broadside","Intersection","Other Vehicle","Not Applicable","Not Applicable","At",""
"676721","CR-0000085831","3","1","0","0","21-051-0591","False","False","0","2/20/2021 5:47:00 PM","No Pedestrians Involved","Dry","No Unusual Conditions","Dark - Street Light","Violation Driver 1","No Controls Present/Factor","Clear","Broadside","Intersection","Other Vehicle","Not Applicable","Not Applicable","At",""
"676722","CR-0000085832","0","2","0","0","21-051-0579","False","False","0","2/20/2021 5:35:00 PM","No Pedestrians Involved","Dry","No Unusual Conditions","Daylight","Violation Driver 1","Controls Functioning","Clear","Broadside","Intersection","Other Vehicle","Not Applicable","Not Applicable","At",""
"676723","CR-0000085833","0","0","0","0","21-051-0662","False","False","0","2/20/2021 6:54:00 PM","No Pedestrians Involved","Dry","No Unusual Conditions","Dark - Street Light","Violation Driver 1","Controls Functioning","Clear","Broadside","Intersection","Other Vehicle","Not Applicable","Not Applicable","At",""
"676724","CR-0000085834","0","0","0","0","21-051-0889","False","False","0","2/20/2021 11:15:00 PM","No Pedestrians Involved","Dry","No Unusual Conditions","Dark - Street Light","Violation Driver 1","No Controls Present/Factor","Clear","Sideswipe","Intersection","Parked Vehicle","Not Applicable","Not Applicable","At",""
"676725","CR-0000085835","0","1","0","0","21-052-0156","False","False","0","2/21/2021 5:45:00 AM","No Pedestrians Involved","Dry","No Unusual Conditions","Dusk - Dawn","Other Improper Driving","Controls Functioning","Clear","Head On","Intersection","Other Vehicle","Not Applicable","Not Applicable","At",""
"676726","CR-0000085836","0","0","0","0","21-052-0326","False","False","120","2/21/2021 12:20:00 PM","No Pedestrians Involved","Dry","No Unusual Conditions","Daylight","Violation Driver 1","Controls Functioning","Clear","Rear End","Non-Related","Other Vehicle","Not Applicable","Not Applicable","East Of",""
"676727","CR-0000085837","0","0","0","0","21-052-0461","False","False","120","2/21/2021 3:23:00 PM","No Pedestrians Involved","Dry","No Unusual Conditions","Daylight","Violation Driver 1","Controls Functioning","Clear","Rear End","Non-Related","Other Vehicle","Not Applicable","Not Applicable","West Of",""
"676728","CR-0000085838","0","0","0","0","21-052-0471","False","False","","2/21/2021 3:40:00 PM","No Pedestrians Involved","Dry","No Unusual Conditions","Daylight","Violation Driver 1","No Controls Present/Factor","Clear","Sideswipe","Related","Parked Vehicle","Not Applicable","Not Applicable","North Of",""
"676729","CR-0000085839","1","1","0","0","21-052-0483","False","False","0","2/21/2021 4:04:00 PM","No Pedestrians Involved","Dry","No Unusual Conditions","Daylight","Violation Driver 1","Controls Functioning","Clear","Head On","Intersection","Other Vehicle","Not Applicable","Not Applicable","At",""
"676730","CR-0000085840","0","0","0","0","21-052-0648","False","False","21","2/21/2021 7:31:00 PM","No Pedestrians Involved","Dry","Unknown","Dark - Street Light","Violation Driver 1","No Controls Present/Factor","Clear","Hit Object","Related","Fixed Object","Not Applicable","Not Applicable","South Of","Curb, retaining wall"
"676731","CR-0000085841","0","0","0","0","21-053-0115","False","False","30","2/22/2021 4:45:00 AM","No Pedestrians Involved","Dry","No Unusual Conditions","Dark - Street Light","Violation Driver 1","No Controls Present/Factor","Clear","Broadside","Related","Parked Vehicle","Not Applicable","Not Applicable","West Of",""
"676732","CR-0000085842","0","0","0","0","21-053-0121","False","False","75","2/22/2021 5:09:00 AM","No Pedestrians Involved","Dry","No Unusual Conditions","Dark - Street Light","Violation Driver 1","No Controls Present/Factor","Clear","Rear End","Non-Related","Parked Vehicle","Not Applicable","Not Applicable","East Of",""
"676733","CR-0000085843","0","0","0","0","21-053-0460","False","False","0","2/22/2021 7:30:00 AM","No Pedestrians Involved","Dry","No Unusual Conditions","Daylight","Violation Driver 1","No Controls Present/Factor","Clear","Broadside","Intersection","Other Vehicle","Not Applicable","Not Applicable","At",""
"676734","CR-0000085844","2","0","0","0","21-053-0199","False","False","0","2/22/2021 8:22:00 AM","No Pedestrians Involved","Dry","No Unusual Conditions","Daylight","Violation Driver 1","Controls Functioning","Clear","Broadside","Intersection","Other Vehicle","Not Applicable","Not Applicable","At",""