"CrashFactId","Name","MinorInjuries","ModerateInjuries","SevereInjuries","FatalInjuries","TcrNumber","CityDamageFlag","ShortFormFlag","Distance","CrashDateTime","PedestrianAction","RoadwaySurface","RoadwayCondition","Lighting","PrimaryCollisionFactor","TrafficControl","Weather","CollisionType","ProximityToIntersection","VehicleInvolvedWith","PedestrianDirectionFrom","PedestrianDirectionTo","DirectionFromIntersection","Comment"
"676930","CR-0000086049","1","0","0","0","21-073-0873","False","False","28","3/14/2021 9:58:00 PM","No Pedestrians Involved","Wet","No Unusual Conditions","Dark - Street Light","Violation Driver 1","No Controls Present/Factor","Rain","Sideswipe","Related","Parked Vehicle","Not Applicable","Not Applicable","South Of",""
"676931","CR-0000086050","0","0","0","0","21-073-0876","True","False","30","3/14/2021 10:02:00 PM","No Pedestrians Involved","Wet","No Unusual Conditions","Dark - Street Light","Violation Driver 1","No Controls Present/Factor","Rain","Hit Object","Related","Fixed Object","Not Applicable","Not Applicable","South Of","Light pole"
"676932","CR-0000086051","0","0","0","0","21-075-0526","False","False","200","3/15/2021 8:00:00 PM","No Pedestrians Involved","Dry","No Unusual Conditions","Dusk - Dawn","Violation Driver 1","No Controls Present/Factor","Cloudy","Sideswipe","Non-Related","Other Vehicle","Not Applicable","Not Applicable","North Of",""
"676933","CR-0000086052","1","0","0","0","21-074-1012","False","False","0","3/15/2021 10:34:00 PM","No Pedestrians Involved","Dry","No Unusual Conditions","Dark - Street Light Not Functioning","Unknown","No Controls Present/Factor","Clear","Sideswipe","Intersection","Other Vehicle","Not Applicable","Not Applicable","At",""
"676934","CR-0000086053","1","0","0","0","21-075-0451","False","False","0","3/16/2021 12:45:00 PM","No Pedestrians Involved","Dry","No Unusual Conditions","Daylight","Violation Driver 1","Controls Functioning","Clear","Rear End","Intersection","Other Vehicle","Not Applicable","Not Applicable","At",""
"676935","CR-0000086054","0","0","0","0","21-075-0505","False","False","36","3/16/2021 1:47:00 PM","No Pedestrians Involved","Dry","Unknown","Daylight","Violation Driver 1","Unknown","Clear","Broadside","Related","Parked Vehicle","Not Applicable","Not Applicable","North Of",""
"676936","CR-0000086055","1","0","0","0","21-075-0525","False","False","0","3/16/2021 2:20:00 PM","No Pedestrians Involved","Dry","No Unusual Conditions","Daylight","Violation Driver 1","Controls Functioning","Clear","Rear End","Intersection","Other Vehicle","Not Applicable","Not Applicable","At",""
"676937","CR-0000086056","1","1","0","0","21-075-0542","False","False","0","3/16/2021 2:34:00 PM","No Pedestrians Involved","Dry","No Unusual Conditions","Daylight","Violation Driver 1","Controls Functioning","Clear","Broadside","Intersection","Other Vehicle","Not Applicable","Not Applicable","At",""
"676938","CR-0000086057","0","1","0","0","21-075-0590","False","False","0","3/16/2021 3:30:00 PM","No Pedestrians Involved","Dry","Unknown","Daylight","Violation Driver 1","Controls Functioning","Clear","Vehicle/Bike","Intersection","Bike","Not Applicable","Not Applicable","At",""
"676939","CR-0000086058","0","0","0","0","21-075-0717","False","False","0","3/16/2021 4:40:00 PM","No Pedestrians Involved","Dry","No Unusual Conditions","Daylight","Violation Driver 1","No Controls Present/Factor","Clear","Sideswipe","Intersection","Other Vehicle","Not Applicable","Not Applicable","At",""
"676940","CR-0000086059","0","0","0","0","21-075-0981","False","False","103","3/16/2021 11:22:00 PM","No Pedestrians Involved","Dry","No Unusual Conditions","Dark - Street Light","Violation Driver 1","Controls Functioning","Clear","Other","Non-Related","Other Vehicle","Not Applicable","Not Applicable","North Of",""
"676941","CR-0000086060","0","0","0","0","21-076-1018","True","False","0","3/17/2021 11:00:00 PM","No Pedestrians Involved","Dry","No Unusual Conditions","Dark - Street Light","Violation Driver 1","Controls Functioning","Clear","Hit Object","Intersection","Fixed Object","Not Applicable","Not Applicable","At","Electric box"
"676942","CR-0000086061","1","1","0","0","21-076-0363","False","False","0","3/17/2021 11:18:00 AM","No Pedestrians Involved","Dry","No Unusual Conditions","Daylight","Violation Driver 1","Controls Functioning","Clear","Broadside","Intersection","Other Vehicle","Not Applicable","Not Applicable","At",""
"676943","CR-0000086062","1","0","0","0","21-076-0186","False","False","0","3/17/2021 8:27:00 AM","No Pedestrians Involved","Dry","No Unusual Conditions","Daylight","Violation Driver 1","Controls Functioning","Cloudy","Broadside","Intersection","Other Vehicle","Not Applicable","Not Applicable","At",""
"676944","CR-0000086063","0","0","0","0","21-077-0362","False","False","80","3/17/2021 6:00:00 PM","No Pedestrians Involved","Wet","No Unusual Conditions","Dark - Street Light","Violation Driver 1","No Controls Present/Factor","Cloudy","Sideswipe","Non-Related","Parked Vehicle","Not Applicable","Not Applicable","West Of",""
"676945","CR-0000086064","0","1","0","0","21-077-0025","False","False","40","3/18/2021 12:27:00 AM","No Pedestrians Involved","Dry","No Unusual Conditions","Dark - Street Light","Violation Driver 1","Controls Functioning","Cloudy","Rear End","Related","Parked Vehicle","Not Applicable","Not Applicable","East Of",""
"676946","CR-0000086065","0","0","0","0","21-077-0441","False","False","0","3/18/2021 1:20:00 PM","No Pedestrians Involved","Dry","No Unusual Conditions","Daylight","Violation Driver 1","Controls Functioning","Rain","Broadside","Intersection","Other Vehicle","Not Applicable","Not Applicable","At",""
"676947","CR-0000086066","0","0","0","0","21-082-4001","False","True","","3/23/2021 10:14:00 AM","No Pedestrians Involved","Unknown","Unknown","Daylight","Unknown","Unknown","Unknown","Rear End","Related","Other Vehicle","Not Applicable","Not Applicable","South Of",""
"676948","CR-0000086067","0","0","0","1","21-087-0670","True","False","520","3/28/2021 5:11:00 PM","No Pedestrians Involved","Dry","No Unusual Conditions","Daylight","Violation Driver 1","No Controls Present/Factor","Clear","Hit Object","Non-Related","Fixed Object","Not Applicable","Not Applicable","West Of","Curb, tree in P-lot"
"676949","CR-0000086068","0","0","0","0","21-067-9729","False","True","","3/4/2021 3:43:00 PM","No Pedestrians Involved","Dry","No Unusual Conditions","Daylight","Violation Driver 1","No Controls Present/Factor","Clear","Broadside","Related","Parked Vehicle","Not Applicable","Not Applicable","North Of",""
"676950","CR-0000086069","0","0","0","0","21-071-0528","False","False","100","3/12/2021 3:29:00 PM","No Pedestrians Involved","Dry","No Unusual Conditions","Daylight","Unknown","Controls Functioning","Clear","Hit Object","Non-Related","Fixed Object","Not Applicable","Not Applicable","South Of","PG&E pole"
"676951","CR-0000086070","0","0","0","0","21-072-0031","True","False","0","3/13/2021 12:30:00 AM","No Pedestrians Involved","Dry","No Unusual Conditions","Dark - Street Light","Violation Driver 1","Controls Functioning","Clear","Hit Object","Intersection","Fixed Object","Not Applicable","Not Applicable","At","Traffic signal, fence"
"676952","CR-0000086071","0","0","0","0","21-072-0418","False","False","32","3/13/2021 12:24:00 PM","No Pedestrians Involved","Dry","No Unusual Conditions","Daylight","Unknown","No Controls Present/Factor","Clear","Rear End","Related","Parked Vehicle","Not Applicable","Not Applicable","South Of",""
"676953","CR-0000086072","1","0","0","0","21-072-0678","False","False","357","3/13/2021 5:20:00 PM","No Pedestrians Involved","Dry","No Unusual Conditions","Dusk - Dawn","Violation Driver 1","No Controls Present/Factor","Clear","Rear End","Non-Related","Parked Vehicle","Not Applicable","Not Applicable","East Of",""
"676954","CR-0000086073","1","0","0","0","21-072-0787","False","False","20","3/13/2021 7:00:00 PM","Crossing In Crosswalk - At Intersection","Dry","No Unusual Conditions","Dark - Street Light","Violation Driver 1","Controls Functioning","Clear","Vehicle/Pedestrian","Related","Pedestrian","North","South","East Of",""
"676955","CR-0000086074","0","2","0","0","21-073-0497","False","False","0","3/14/2021 3:30:00 PM","Crossing In Crosswalk - At Intersection","Dry","No Unusual Conditions","Daylight","Violation Driver 1","Controls Functioning","Clear","Vehicle/Pedestrian","Intersection","Pedestrian","East","West","At",""
"676956","CR-0000086075","0","0","0","0","21-074-0238","False","False","35","3/15/2021 8:40:00 AM","No Pedestrians Involved","Dry","No Unusual Conditions","Daylight","Unknown","Controls Functioning","Clear","Rear End","Related","Other Vehicle","Not Applicable","Not Applicable","South Of",""
"676957","CR-0000086076","0","0","0","0","21-074-0154","True","False","395","3/15/2021 5:56:00 AM","No Pedestrians Involved","Wet","No Unusual Conditions","Dusk - Dawn","Violation Driver 1","Controls Functioning","Clear","Hit Object","Non-Related","Fixed Object","Not Applicable","North","East Of","Light pole"
"676958","CR-0000086077","0","0","0","0","21-074-0309","False","False","310","3/15/2021 9:45:00 AM","No Pedestrians Involved","Dry","No Unusual Conditions","Daylight","Violation Driver 1","No Controls Present/Factor","Cloudy","Broadside","Non-Related","Parked Vehicle","Not Applicable","Not Applicable","North Of",""
"676959","CR-0000086078","0","0","0","0","21-075-9743","False","True","0","3/15/2021 3:20:00 PM","No Pedestrians Involved","Dry","No Unusual Conditions","Daylight","Unknown","Controls Functioning","Clear","Rear End","Intersection","Other Vehicle","Not Applicable","Not Applicable","At",""
"676960","CR-0000086079","2","1","0","0","21-075-0702","False","False","150","3/15/2021 5:16:00 PM","No Pedestrians Involved","Dry","No Unusual Conditions","Daylight","Violation Driver 1","No Controls Present/Factor","Clear","Head On","Non-Related","Other Vehicle","Not Applicable","Not Applicable","North Of",""
"676961","CR-0000086080","0","0","0","0","21-075-0706","False","False","67","3/16/2021 5:21:00 PM","No Pedestrians Involved","Dry","No Unusual Conditions","Daylight","Violation Driver 1","No Controls Present/Factor","Clear","Rear End","Non-Related","Other Vehicle","Not Applicable","Not Applicable","South Of",""
"676962","CR-0000086081","0","0","0","0","21-077-0249","False","False","540","3/18/2021 9:15:00 AM","No Pedestrians Involved","Wet","No Unusual Conditions","Daylight","Violation Driver 1","No Controls Present/Factor","Cloudy","Head On","Non-Related","Other Vehicle","Not Applicable","Not Applicable","West Of",""
"676963","CR-0000086082","1","0","0","0","21-077-0307","False","False","0","3/18/2021 10:45:00 AM","No Pedestrians Involved","Wet","No Unusual Conditions","Daylight","Violation Driver 1","Controls Functioning","Rain","Head On","Intersection","Other Vehicle","Not Applicable","Not Applicable","At",""
"676964","CR-0000086083","0","1","0","0","21-077-0370","False","False","230","3/18/2021 11:55:00 AM","Not In Road","Wet","No Unusual Conditions","Daylight","Pedestrian At Fault","No Controls Present/Factor","Rain","Vehicle/Pedestrian","Non-Related","Skateboard","South","North","North Of",""
"676965","CR-0000086084","1","0","0","0","21-077-0464","False","False","39","3/18/2021 2:10:00 PM","Crossing - Not In Crosswalk","Wet","No Unusual Conditions","Daylight","Violation Driver 1","Controls Functioning","Rain","Vehicle/Pedestrian","Related","Pedestrian","North","South","West Of",""
"676966","CR-0000086085","0","0","0","0","21-078-0047","True","False","0","3/19/2021 1:31:00 AM","No Pedestrians Involved","Wet","No Unusual Conditions","Dark - Street Light","Unknown","No Controls Present/Factor","Rain","Hit Object","Intersection","Fixed Object","Not Applicable","Not Applicable","At","Median island, street sign"
"676967","CR-0000086086","0","0","0","0","21-078-0122","True","False","190","3/19/2021 5:23:00 AM","No Pedestrians Involved","Dry","No Unusual Conditions","Daylight","Violation Driver 1","No Controls Present/Factor","Clear","Hit Object","Non-Related","Fixed Object","Not Applicable","Not Applicable","East Of","Light pole, tree"
"676968","CR-0000086087","0","0","0","0","21-078-1045","False","False","20","3/19/2021 6:53:00 AM","No Pedestrians Involved","Wet","No Unusual Conditions","Daylight","Violation Driver 1","No Controls Present/Factor","Cloudy","Rear End","Related","Other Vehicle","Not Applicable","Not Applicable","South Of",""
"676969","CR-0000086088","0","0","0","0","21-079-0232","False","False","103","3/19/2021 8:30:00 AM","No Pedestrians Involved","Dry","No Unusual Conditions","Daylight","Violation Driver 1","No Controls Present/Factor","Clear","Rear End","Non-Related","Parked Vehicle","Not Applicable","Not Applicable","East Of",""
"676970","CR-0000086089","1","0","0","0","21-078-0268","False","False","0","3/19/2021 10:30:00 AM","No Pedestrians Involved","Dry","No Unusual Conditions","Daylight","Violation Driver 1","Controls Functioning","Clear","Broadside","Intersection","Other Vehicle","Not Applicable","Not Applicable","At",""
"676971","CR-0000086090","1","0","0","0","21-078-0307","True","False","330","3/19/2021 11:30:00 AM","No Pedestrians Involved","Wet","No Unusual Conditions","Daylight","Other Than Driver","No Controls Present/Factor","Cloudy","Hit Object","Non-Related","Fixed Object","Not Applicable","Not Applicable","North Of","Lightpole. A vehicle made a right turn onto N/B San Ignacio infront of V1, leading the driver to veer off the road and hit the light pole"
"676972","CR-0000086091","0","0","0","0","21-078-0313","True","False","51","3/19/2021 11:41:00 AM","No Pedestrians Involved","Dry","No Unusual Conditions","Daylight","Other Improper Driving","No Controls Present/Factor","Cloudy","Hit Object","Non-Related","Fixed Object","Not Applicable","Not Applicable","West Of","Trees. Medical seizure led D1 to crash into a tree"
"676973","CR-0000086092","2","0","0","0","21-078-0600","False","False","28","3/19/2021 5:00:00 PM","No Pedestrians Involved","Dry","No Unusual Conditions","Daylight","Violation Driver 1","Controls Functioning","Cloudy","Rear End","Related","Other Vehicle","Not Applicable","Not Applicable","East Of",""
"676974","CR-0000086093","0","0","0","0","21-078-0599","False","False","220","3/19/2021 5:14:00 PM","No Pedestrians Involved","Dry","No Unusual Conditions","Daylight","Violation Driver 1","No Controls Present/Factor","Clear","Rear End","Non-Related","Parked Vehicle","Not Applicable","Not Applicable","North Of",""
"676975","CR-0000086094","0","0","0","0","21-078-0787","False","False","285","3/19/2021 6:00:00 PM","No Pedestrians Involved","Wet","Unknown","Dark - Street Light","Unknown","No Controls Present/Factor","Cloudy","Sideswipe","Non-Related","Parked Vehicle","Not Applicable","Not Applicable","South Of",""
"676976","CR-0000086095","0","0","1","0","21-078-0804","True","False","125","3/19/2021 8:36:00 PM","No Pedestrians Involved","Dry","No Unusual Conditions","Dark - Street Light","Violation Driver 1","Controls Functioning","Clear","Hit Object","Non-Related","Fixed Object","Not Applicable","Not Applicable","South Of","Tree, street sign"
"676977","CR-0000086097","0","0","0","0","21-079-0251","True","False","200","3/20/2021 8:31:00 AM","No Pedestrians Involved","Dry","No Unusual Conditions","Daylight","Violation Driver 1","No Controls Present/Factor","Clear","Hit Object","Non-Related","Fixed Object","Not Applicable","Not Applicable","North Of","Street signs"
"676978","CR-0000086096","1","0","0","0","21-079-0034","True","False","20","3/20/2021 12:37:00 AM","No Pedestrians Involved","Dry","No Unusual Conditions","Dark - Street Light","Unknown","Controls Functioning","Clear","Hit Object","Related","Fixed Object","Not Applicable","Not Applicable","West Of","Curb, guard rail"
"676979","CR-0000086098","0","0","0","0","21-079-0343","True","False","51","3/20/2021 10:55:00 AM","No Pedestrians Involved","Dry","Reduced Roadway Width","Daylight","Unknown","No Controls Present/Factor","Clear","Hit Object","Non-Related","Fixed Object","Not Applicable","Not Applicable","North Of","Street sign"
"676980","CR-0000086099","1","0","0","0","21-079-0381","True","False","450","3/20/2021 11:38:00 AM","No Pedestrians Involved","Dry","No Unusual Conditions","Daylight","Violation Driver 1","No Controls Present/Factor","Clear","Hit Object","Non-Related","Fixed Object","Not Applicable","Not Applicable","West Of","Light pole"
"676981","CR-0000086100","0","0","0","0","21-079-0475","False","False","0","3/20/2021 1:21:00 PM","No Pedestrians Involved","Dry","No Unusual Conditions","Daylight","Violation Driver 1","Controls Functioning","Clear","Broadside","Intersection","Other Vehicle","Not Applicable","Not Applicable","At",""
"676982","CR-0000086101","0","0","0","0","21-079-0681","False","False","0","3/20/2021 5:47:00 PM","No Pedestrians Involved","Dry","No Unusual Conditions","Daylight","Violation Driver 1","Controls Functioning","Clear","Sideswipe","Intersection","Other Vehicle","Not Applicable","Not Applicable","At",""
"676983","CR-0000086102","1","1","0","0","21-079-0720","False","False","0","3/20/2021 8:37:00 AM","No Pedestrians Involved","Dry","No Unusual Conditions","Daylight","Violation Driver 1","Controls Functioning","Clear","Broadside","Intersection","Other Vehicle","Not Applicable","Not Applicable","At",""
"676984","CR-0000086103","1","0","0","0","21-079-0754","False","False","","3/20/2021 7:09:00 PM","No Pedestrians Involved","Dry","No Unusual Conditions","Dusk - Dawn","Violation Driver 1","Controls Functioning","Clear","Rear End","Related","Other Vehicle","Not Applicable","Not Applicable","North Of",""
"676985","CR-0000086104","0","0","0","0","21-078-0776","False","False","90","3/20/2021 8:20:00 PM","No Pedestrians Involved","Dry","No Unusual Conditions","Dark - Street Light","Violation Driver 1","Controls Functioning","Clear","Sideswipe","Non-Related","Other Vehicle","Not Applicable","Not Applicable","East Of",""
"676986","CR-0000086105","1","0","0","0","21-079-0894","False","False","0","3/20/2021 9:50:00 PM","No Pedestrians Involved","Dry","No Unusual Conditions","Dark - Street Light","Violation Driver 1","No Controls Present/Factor","Clear","Broadside","Intersection","Other Vehicle","Not Applicable","Not Applicable","At",""
"676987","CR-0000086120","0","1","0","0","21-080-0161","False","False","53","3/21/2021 5:05:00 AM","No Pedestrians Involved","Dry","No Unusual Conditions","Dark - Street Light","Violation Driver 1","No Controls Present/Factor","Clear","Sideswipe","Non-Related","Parked Vehicle","Not Applicable","Not Applicable","West Of",""
"676988","CR-0000086121","0","0","1","0","21-080-0359","False","False","0","3/21/2021 11:35:00 AM","No Pedestrians Involved","Dry","No Unusual Conditions","Daylight","Violation Driver 1","Controls Functioning","Clear","Sideswipe","Intersection","Motorcycle","Not Applicable","Not Applicable","At",""
"676989","CR-0000086122","6","0","0","0","21-080-0404","False","False","40","3/21/2021 12:31:00 PM","No Pedestrians Involved","Dry","No Unusual Conditions","Daylight","Violation Driver 1","Controls Functioning","Clear","Sideswipe","Related","Other Vehicle","Not Applicable","Not Applicable","West Of",""
"676990","CR-0000086123","0","0","1","0","21-080-0545","False","False","67","3/21/2021 3:31:00 PM","No Pedestrians Involved","Dry","No Unusual Conditions","Daylight","Violation Driver 1","No Controls Present/Factor","Clear","Rear End","Non-Related","Parked Vehicle","Not Applicable","Not Applicable","East Of",""
"676991","CR-0000086124","0","0","0","0","21-080-0638","True","False","29","3/21/2021 4:57:00 PM","No Pedestrians Involved","Dry","No Unusual Conditions","Daylight","Violation Driver 1","No Controls Present/Factor","Clear","Head On","Related","Other Vehicle","Not Applicable","Not Applicable","East Of","Tree"
"676992","CR-0000086125","0","0","0","0","21-080-0754","False","False","32","3/21/2021 6:30:00 PM","No Pedestrians Involved","Unknown","No Unusual Conditions","Daylight","Violation Driver 1","Controls Functioning","Clear","Rear End","Related","Other Vehicle","Not Applicable","Not Applicable","East Of",""
"676993","CR-0000086126","0","0","0","0","21-080-0741","True","False","0","3/21/2021 6:31:00 PM","No Pedestrians Involved","Dry","No Unusual Conditions","Daylight","Violation Driver 1","No Controls Present/Factor","Clear","Rear End","Intersection","Parked Vehicle","Not Applicable","Not Applicable","At",""
"676994","CR-0000086127","1","0","0","0","21-080-0826","False","False","0","3/21/2021 8:05:00 PM","No Pedestrians Involved","Dry","No Unusual Conditions","Dark - Street Light","Violation Driver 1","Controls Functioning","Clear","Broadside","Intersection","Other Vehicle","Not Applicable","Not Applicable","At",""
"676995","CR-0000086129","0","1","0","0","21-080-0830","False","False","0","3/21/2021 8:10:00 PM","No Pedestrians Involved","Dry","No Unusual Conditions","Dark - Street Light","Violation Driver 1","Controls Functioning","Clear","Broadside","Intersection","Other Vehicle","Not Applicable","Not Applicable","At",""
"676996","CR-0000086130","0","0","0","0","21-082-9702","False","False","51","3/21/2021 10:00:00 PM","No Pedestrians Involved","Unknown","Unknown","Dark - Street Light","Unknown","No Controls Present/Factor","Unknown","Rear End","Non-Related","Parked Vehicle","Not Applicable","Not Applicable","East Of",""
"676997","CR-0000086137","0","0","0","1","21-091-1108","False","False","0","4/1/2021 11:36:00 PM","Crossing In Crosswalk - At Intersection","Dry","No Unusual Conditions","Dark - Street Light","Unknown","Controls Functioning","Clear","Vehicle/Pedestrian","Intersection","Wheelchair","West","East","At","Hit and run"
"676998","CR-0000086138","1","0","0","0","21-058-9702","False","False","51","2/6/2021 10:30:00 AM","No Pedestrians Involved","Dry","No Unusual Conditions","Daylight","Unknown","Controls Functioning","Clear","Sideswipe","Non-Related","Other Vehicle","Not Applicable","Not Applicable","West Of",""
"676999","CR-0000086139","0","0","0","0","21-064-9723","False","True","","2/19/2021 7:00:00 PM","No Pedestrians Involved","Dry","No Unusual Conditions","Dark - Street Light","Unknown","Controls Functioning","Clear","Rear End","Related","Other Vehicle","Not Applicable","Not Applicable","West Of",""
"677000","CR-0000086140","0","0","0","0","21-069-9712","False","True","0","2/20/2021 9:00:00 PM","No Pedestrians Involved","Unknown","No Unusual Conditions","Unknown","Unknown","No Controls Present/Factor","Clear","Broadside","Intersection","Other Vehicle","Not Applicable","Not Applicable","At",""
"677001","CR-0000086141","0","0","0","0","21-068-9709","False","True","51","2/21/2021 12:20:00 PM","No Pedestrians Involved","Dry","No Unusual Conditions","Daylight","Unknown","Controls Functioning","Clear","Rear End","Non-Related","Other Vehicle","Not Applicable","Not Applicable","South Of",""
"677002","CR-0000086142","0","0","0","0","21-055-0251","False","True","260","2/24/2021 10:56:00 AM","No Pedestrians Involved","Dry","No Unusual Conditions","Daylight","Violation Driver 1","Controls Functioning","Clear","Rear End","Non-Related","Parked Vehicle","Not Applicable","Not Applicable","South Of",""
"677003","CR-0000086143","0","0","0","0","21-062-9707","False","True","51","2/28/2021 1:00:00 AM","No Pedestrians Involved","Dry","No Unusual Conditions","Dark - Street Light","Unknown","Controls Functioning","Clear","Other","Non-Related","Parked Vehicle","Not Applicable","Not Applicable","North Of",""
"677004","CR-0000086144","0","0","0","0","21-060-0500","False","True","0","3/1/2021 1:30:00 PM","No Pedestrians Involved","Dry","No Unusual Conditions","Daylight","Violation Driver 1","Controls Functioning","Clear","Sideswipe","Intersection","Other Vehicle","Not Applicable","Not Applicable","At",""
"677005","CR-0000086145","0","0","0","0","21-061-9709","False","True","0","3/2/2021 1:40:00 PM","No Pedestrians Involved","Dry","No Unusual Conditions","Daylight","Unknown","No Controls Present/Factor","Clear","Other","Intersection","Other Vehicle","Not Applicable","Not Applicable","At",""
"677006","CR-0000086146","0","0","0","0","21-091-9704","False","True","","3/5/2021 3:00:00 PM","No Pedestrians Involved","Unknown","Unknown","Daylight","Unknown","Controls Functioning","Unknown","Rear End","Related","Motorcycle","Not Applicable","Not Applicable","South Of",""
"677007","CR-0000086147","0","0","0","0","21-069-9740","False","True","0","3/5/2021 5:00:00 PM","No Pedestrians Involved","Dry","No Unusual Conditions","Daylight","Unknown","Controls Functioning","Clear","Sideswipe","Intersection","Other Vehicle","Not Applicable","Not Applicable","At",""
"677008","CR-0000086148","0","0","0","0","21-067-9728","False","True","0","3/6/2021 1:30:00 PM","No Pedestrians Involved","Dry","No Unusual Conditions","Daylight","Unknown","Controls Functioning","Clear","Rear End","Intersection","Other Vehicle","Not Applicable","Not Applicable","At",""
"677009","CR-0000086149","2","0","0","0","21-079-0789","False","False","0","3/20/2021 7:48:00 PM","No Pedestrians Involved","Dry","No Unusual Conditions","Dark - Street Light","Violation Driver 1","Controls Functioning","Clear","Rear End","Intersection","Other Vehicle","Not Applicable","Not Applicable","At",""
"677010","CR-0000086150","1","2","0","0","21-080-0529","False","False","0","3/21/2021 3:12:00 PM","No Pedestrians Involved","Dry","No Unusual Conditions","Daylight","Violation Driver 1","Controls Not Functioning","Clear","Rear End","Intersection","Other Vehicle","Not Applicable","Not Applicable","At",""
"677011","CR-0000086151","0","0","0","0","21-081-9703","False","True","0","3/22/2021 9:05:00 AM","No Pedestrians Involved","Unknown","Unknown","Daylight","Unknown","Unknown","Unknown","Sideswipe","Intersection","Other Vehicle","Not Applicable","Not Applicable","At",""
"677012","CR-0000086152","0","2","0","0","21-081-0182","False","False","0","3/22/2021 7:45:00 AM","No Pedestrians Involved","Dry","No Unusual Conditions","Daylight","Violation Driver 1","Controls Not Functioning","Clear","Sideswipe","Intersection","Other Vehicle","Not Applicable","Not Applicable","At",""
"677013","CR-0000086153","1","0","0","0","21-081-0336","False","False","30","3/22/2021 10:46:00 AM","No Pedestrians Involved","Dry","No Unusual Conditions","Daylight","Violation Driver 1","Controls Functioning","Clear","Sideswipe","Related","Other Vehicle","Not Applicable","Not Applicable","West Of",""
"677014","CR-0000086154","0","0","0","0","21-081-0628","False","False","30","3/22/2021 4:15:00 PM","No Pedestrians Involved","Dry","No Unusual Conditions","Daylight","Violation Driver 1","Controls Functioning","Clear","Sideswipe","Related","Other Vehicle","Not Applicable","Not Applicable","North Of",""
"677015","CR-0000086155","1","0","0","0","21-081-0760","False","False","115","3/22/2021 6:09:00 PM","No Pedestrians Involved","Dry","No Unusual Conditions","Daylight","Violation Driver 1","No Controls Present/Factor","Clear","Sideswipe","Non-Related","Motorcycle","Not Applicable","Not Applicable","East Of",""
"677016","CR-0000086156","2","1","0","0","21-081-0826","False","False","0","3/22/2021 7:03:00 PM","No Pedestrians Involved","Dry","No Unusual Conditions","Dusk - Dawn","Violation Driver 1","No Controls Present/Factor","Clear","Head On","Intersection","Other Vehicle","Not Applicable","Not Applicable","At",""
"677017","CR-0000086157","1","0","0","0","21-081-1059","False","False","0","3/22/2021 11:18:00 PM","No Pedestrians Involved","Dry","No Unusual Conditions","Dark - Street Light","Violation Driver 1","No Controls Present/Factor","Clear","Sideswipe","Intersection","Other Vehicle","Not Applicable","Not Applicable","At",""
"677018","CR-0000086158","1","0","0","0","21-082-0114","False","False","0","3/23/2021 6:26:00 AM","No Pedestrians Involved","Dry","No Unusual Conditions","Dark - Street Light","Violation Driver 1","Controls Functioning","Clear","Broadside","Intersection","Other Vehicle","Not Applicable","Not Applicable","At",""
"677019","CR-0000086159","0","0","0","0","21-084-9708","False","True","","3/23/2021 1:25:00 PM","No Pedestrians Involved","Dry","No Unusual Conditions","Daylight","Unknown","Controls Functioning","Clear","Broadside","Related","Other Vehicle","Not Applicable","Not Applicable","South Of",""
"677020","CR-0000086160","1","0","0","0","21-082-0270","False","False","0","3/23/2021 10:02:00 AM","No Pedestrians Involved","Dry","No Unusual Conditions","Daylight","Violation Driver 1","Controls Functioning","Clear","Broadside","Intersection","Other Vehicle","Not Applicable","Not Applicable","At",""
"677021","CR-0000086161","2","0","0","0","21-082-0375","False","False","0","3/23/2021 11:39:00 AM","No Pedestrians Involved","Dry","No Unusual Conditions","Daylight","Violation Driver 1","Controls Functioning","Clear","Head On","Intersection","Other Vehicle","Not Applicable","Not Applicable","At",""
"677022","CR-0000086162","0","0","0","0","21-082-0748","False","False","50","3/23/2021 6:23:00 PM","No Pedestrians Involved","Unknown","No Unusual Conditions","Daylight","Violation Driver 1","No Controls Present/Factor","Clear","Rear End","Related","Parked Vehicle","Not Applicable","Not Applicable","South Of",""
"677023","CR-0000086163","1","0","0","0","21-082-0151","False","False","","3/23/2021 7:45:00 AM","No Pedestrians Involved","Dry","No Unusual Conditions","Daylight","Violation Driver 1","Unknown","Clear","Sideswipe","Related","Other Vehicle","Not Applicable","Not Applicable","East Of",""
"677024","CR-0000086164","0","1","0","0","21-082-0777","False","False","0","3/23/2021 6:50:00 PM","No Pedestrians Involved","Dry","No Unusual Conditions","Dusk - Dawn","Violation Driver 1","Controls Functioning","Clear","Sideswipe","Intersection","Other Vehicle","Not Applicable","Not Applicable","At",""
"677025","CR-0000086165","0","0","1","0","21-082-0826","False","False","0","3/23/2021 7:49:00 PM","No Pedestrians Involved","Dry","No Unusual Conditions","Dusk - Dawn","Bike At Fault","Controls Functioning","Clear","Vehicle/Bike","Intersection","Bike","Not Applicable","Not Applicable","At",""