"CrashFactId","Name","MinorInjuries","ModerateInjuries","SevereInjuries","FatalInjuries","TcrNumber","CityDamageFlag","ShortFormFlag","Distance","CrashDateTime","PedestrianAction","RoadwaySurface","RoadwayCondition","Lighting","PrimaryCollisionFactor","TrafficControl","Weather","CollisionType","ProximityToIntersection","VehicleInvolvedWith","PedestrianDirectionFrom","PedestrianDirectionTo","DirectionFromIntersection","Comment"
"677410","CR-0000086556","0","0","0","0","21-124-4000","False","True","51","5/4/2021 12:05:00 AM","No Pedestrians Involved","Unknown","Unknown","Unknown","Unknown","Unknown","Unknown","Sideswipe","Non-Related","Parked Vehicle","Not Applicable","Not Applicable","North Of",""
"677411","CR-0000086557","0","0","0","0","21-124-4002","False","True","0","5/4/2021 8:07:00 AM","No Pedestrians Involved","Unknown","Unknown","Daylight","Unknown","Unknown","Unknown","Sideswipe","Intersection","Other Vehicle","Not Applicable","Not Applicable","At",""
"677412","CR-0000086558","0","0","0","0","21-125-0569","False","True","0","5/5/2021 3:34:00 PM","No Pedestrians Involved","Dry","No Unusual Conditions","Daylight","Unknown","No Controls Present/Factor","Clear","Broadside","Intersection","Other Vehicle","Not Applicable","Not Applicable","At",""
"677413","CR-0000086559","0","0","0","0","21-126-0030","False","False","49","5/6/2021 12:50:00 AM","No Pedestrians Involved","Dry","No Unusual Conditions","Dark - Street Light","Unknown","Unknown","Clear","Rear End","Related","Parked Vehicle","Not Applicable","Not Applicable","North Of",""
"677414","CR-0000086560","0","0","0","0","21-127-1022","True","False","164","5/7/2021 11:13:00 PM","No Pedestrians Involved","Dry","No Unusual Conditions","Dark - Street Light","Violation Driver 1","Controls Functioning","Clear","Hit Object","Non-Related","Fixed Object","Not Applicable","Not Applicable","North Of","Tree, street signs"
"677415","CR-0000086561","0","1","0","0","21-083-0818","False","False","20","3/24/2021 6:38:00 PM","Crossing - Not In Crosswalk","Dry","No Unusual Conditions","Dark - Street Light","Pedestrian At Fault","Controls Functioning","Clear","Vehicle/Pedestrian","Related","Pedestrian","North","South","East Of",""
"677416","CR-0000086562","1","0","0","0","21-114-0843","False","False","","4/24/2021 9:13:00 PM","No Pedestrians Involved","Dry","No Unusual Conditions","Dark - Street Light","Violation Driver 1","Controls Functioning","Clear","Rear End","Related","Other Vehicle","Not Applicable","Not Applicable","North Of",""
"677417","CR-0000086563","1","0","0","0","21-120-0893","False","False","36","4/30/2021 8:31:00 PM","No Pedestrians Involved","Dry","No Unusual Conditions","Dark - Street Light","Violation Driver 1","Controls Functioning","Clear","Rear End","Related","Other Vehicle","Not Applicable","Not Applicable","South Of",""
"677419","CR-0000086565","0","0","0","0","21-122-0788","False","False","162","5/2/2021 6:31:00 PM","No Pedestrians Involved","Dry","No Unusual Conditions","Daylight","Violation Driver 1","Controls Functioning","Clear","Hit Object","Non-Related","Fixed Object","Not Applicable","Not Applicable","East Of","Fence"
"677420","CR-0000086566","0","0","0","0","21-127-0212","False","False","218","5/7/2021 9:15:00 AM","No Pedestrians Involved","Dry","No Unusual Conditions","Daylight","Violation Driver 1","No Controls Present/Factor","Clear","Rear End","Non-Related","Parked Vehicle","Not Applicable","Not Applicable","West Of",""
"677421","CR-0000086567","0","0","0","0","21-127-0754","False","False","0","5/7/2021 6:26:00 PM","No Pedestrians Involved","Dry","No Unusual Conditions","Daylight","Violation Driver 1","No Controls Present/Factor","Clear","Broadside","Intersection","Other Vehicle","Not Applicable","Not Applicable","At",""
"677422","CR-0000086568","0","0","0","0","21-127-0963","False","False","316","5/7/2021 10:04:00 PM","No Pedestrians Involved","Dry","No Unusual Conditions","Dark - Street Light","Violation Driver 1","No Controls Present/Factor","Clear","Sideswipe","Non-Related","Parked Vehicle","Not Applicable","Not Applicable","West Of",""
"677423","CR-0000086569","0","0","0","0","21-128-0087","False","False","38","5/8/2021 1:37:00 AM","No Pedestrians Involved","Dry","No Unusual Conditions","Dark - Street Light","Violation Driver 1","No Controls Present/Factor","Clear","Rear End","Related","Parked Vehicle","Not Applicable","Not Applicable","East Of",""
"677424","CR-0000086570","0","0","0","0","21-128-0249","False","False","18","5/8/2021 8:10:00 AM","No Pedestrians Involved","Dry","No Unusual Conditions","Daylight","Violation Driver 1","Controls Functioning","Clear","Rear End","Related","Other Vehicle","Not Applicable","Not Applicable","North Of",""
"677425","CR-0000086571","0","0","0","0","21-128-0364","False","False","745","5/8/2021 10:54:00 AM","No Pedestrians Involved","Dry","No Unusual Conditions","Daylight","Violation Driver 1","No Controls Present/Factor","Clear","Rear End","Non-Related","Parked Vehicle","Not Applicable","Not Applicable","South Of",""
"677426","CR-0000086572","0","0","0","0","21-128-0608","False","False","126","5/8/2021 4:14:00 PM","No Pedestrians Involved","Dry","No Unusual Conditions","Daylight","Violation Driver 1","Controls Functioning","Clear","Rear End","Non-Related","Parked Vehicle","Not Applicable","Not Applicable","East Of",""
"677427","CR-0000086573","0","0","0","0","21-128-0503","False","False","51","5/8/2021 2:00:00 PM","No Pedestrians Involved","Dry","No Unusual Conditions","Daylight","Violation Driver 1","Controls Functioning","Clear","Sideswipe","Non-Related","Other Vehicle","Not Applicable","Not Applicable","East Of",""
"677428","CR-0000086574","0","0","1","0","21-128-0882","False","False","0","5/8/2021 9:08:00 PM","No Pedestrians Involved","Dry","No Unusual Conditions","Dark - Street Light","Violation Driver 1","No Controls Present/Factor","Clear","Rear End","Intersection","Motorcycle","Not Applicable","Not Applicable","At",""
"677429","CR-0000086575","0","0","0","0","21-128-0936","False","False","20","5/8/2021 9:40:00 PM","No Pedestrians Involved","Dry","No Unusual Conditions","Dark - Street Light","Violation Driver 1","Controls Functioning","Clear","Rear End","Related","Other Vehicle","Not Applicable","Not Applicable","East Of",""
"677430","CR-0000086576","0","0","0","0","21-128-1081","True","False","61","5/8/2021 11:54:00 PM","No Pedestrians Involved","Dry","No Unusual Conditions","Dark - Street Light","Violation Driver 1","No Controls Present/Factor","Clear","Hit Object","Non-Related","Fixed Object","Not Applicable","Not Applicable","North Of","Tree"
"677431","CR-0000086577","1","0","1","0","21-129-0017","True","False","0","5/9/2021 12:15:00 AM","No Pedestrians Involved","Dry","No Unusual Conditions","Dark - Street Light","Violation Driver 1","Controls Functioning","Clear","Broadside","Intersection","Other Vehicle","Not Applicable","Not Applicable","At","Traffic signal"
"677432","CR-0000086578","0","0","0","0","21-129-0321","False","False","52","5/9/2021 10:51:00 AM","No Pedestrians Involved","Dry","No Unusual Conditions","Daylight","Violation Driver 1","Controls Functioning","Clear","Rear End","Non-Related","Other Vehicle","Not Applicable","Not Applicable","North Of",""
"677433","CR-0000086579","0","0","0","0","21-129-0542","False","False","56","5/9/2021 4:27:00 PM","No Pedestrians Involved","Dry","No Unusual Conditions","Daylight","Violation Driver 1","Controls Functioning","Clear","Rear End","Non-Related","Parked Vehicle","Not Applicable","Not Applicable","North Of",""
"677434","CR-0000086580","1","0","0","0","21-129-0570","False","False","0","5/9/2021 5:04:00 PM","No Pedestrians Involved","Dry","No Unusual Conditions","Daylight","Violation Driver 1","Controls Functioning","Clear","Broadside","Intersection","Motorcycle","Not Applicable","Not Applicable","At",""
"677435","CR-0000086581","0","0","0","0","21-129-0737","False","False","252","5/9/2021 8:06:00 PM","No Pedestrians Involved","Dry","No Unusual Conditions","Dusk - Dawn","Violation Driver 1","No Controls Present/Factor","Clear","Hit Object","Non-Related","Fixed Object","Not Applicable","Not Applicable","South Of","Fence"
"677436","CR-0000086582","0","0","0","0","21-130-0379","False","False","0","5/9/2021 9:10:00 PM","No Pedestrians Involved","Dry","No Unusual Conditions","Unknown","Violation Driver 1","Controls Functioning","Clear","Rear End","Intersection","Other Vehicle","Not Applicable","Not Applicable","At",""
"677437","CR-0000086583","1","0","0","0","21-129-0796","False","False","80","5/9/2021 9:10:00 PM","No Pedestrians Involved","Dry","No Unusual Conditions","Dark - Street Light","Violation Driver 1","No Controls Present/Factor","Clear","Head On","Non-Related","Parked Vehicle","Not Applicable","Not Applicable","South Of",""
"677438","CR-0000086584","0","0","0","0","21-130-0494","False","False","51","5/10/2021 12:20:00 PM","No Pedestrians Involved","Dry","No Unusual Conditions","Daylight","Violation Driver 1","Controls Functioning","Clear","Sideswipe","Non-Related","Other Vehicle","Not Applicable","Not Applicable","East Of",""
"677439","CR-0000086585","0","0","0","0","21-130-0887","True","False","0","5/10/2021 7:16:00 PM","No Pedestrians Involved","Dry","No Unusual Conditions","Daylight","Violation Driver 1","Controls Functioning","Clear","Hit Object","Intersection","Fixed Object","Not Applicable","Not Applicable","At","Street sign"
"677440","CR-0000086586","0","0","0","0","21-131-0300","False","False","26","5/11/2021 2:00:00 AM","No Pedestrians Involved","Dry","No Unusual Conditions","Dark - Street Light","Violation Driver 1","No Controls Present/Factor","Clear","Head On","Related","Parked Vehicle","Not Applicable","Not Applicable","South Of",""
"677441","CR-0000086587","1","0","0","0","21-131-0193","False","False","115","5/11/2021 7:35:00 AM","No Pedestrians Involved","Dry","No Unusual Conditions","Daylight","Violation Driver 1","No Controls Present/Factor","Clear","Sideswipe","Non-Related","Parked Vehicle","Not Applicable","Not Applicable","East Of",""
"677442","CR-0000086588","0","0","0","0","21-131-0562","True","False","28","5/11/2021 1:45:00 PM","No Pedestrians Involved","Dry","No Unusual Conditions","Daylight","Violation Driver 1","No Controls Present/Factor","Clear","Hit Object","Related","Fixed Object","Not Applicable","Not Applicable","South Of","Light pole"
"677443","CR-0000086589","0","0","0","0","21-132-0670","False","False","0","5/12/2021 4:13:00 PM","No Pedestrians Involved","Dry","No Unusual Conditions","Daylight","Violation Driver 1","Controls Functioning","Clear","Rear End","Intersection","Other Vehicle","Not Applicable","Not Applicable","At",""
"677444","CR-0000086590","0","0","0","0","21-132-0683","False","False","0","5/12/2021 4:25:00 PM","No Pedestrians Involved","Dry","No Unusual Conditions","Daylight","Violation Driver 1","No Controls Present/Factor","Clear","Hit Object","Intersection","Fixed Object","Not Applicable","Not Applicable","At","Fire hydrant"
"677445","CR-0000086591","0","0","0","0","21-133-0453","False","False","550","5/13/2021 1:49:00 PM","No Pedestrians Involved","Dry","No Unusual Conditions","Daylight","Violation Driver 1","No Controls Present/Factor","Clear","Broadside","Non-Related","Other Vehicle","Not Applicable","Not Applicable","South Of",""
"677446","CR-0000086592","1","0","0","0","21-133-1112","True","False","19","5/13/2021 11:30:00 PM","No Pedestrians Involved","Dry","No Unusual Conditions","Dark - Street Light","Violation Driver 1","Unknown","Clear","Hit Object","Related","Fixed Object","Not Applicable","Not Applicable","West Of","Tree"
"677447","CR-0000086593","0","0","1","0","21-135-0723","False","False","0","5/15/2021 6:31:00 PM","No Pedestrians Involved","Dry","No Unusual Conditions","Daylight","Violation Driver 1","Controls Functioning","Clear","Sideswipe","Intersection","Motorcycle","Not Applicable","Not Applicable","At",""
"677448","CR-0000086595","0","0","0","0","21-093-0093","True","False","415","4/3/2021 2:11:00 AM","No Pedestrians Involved","Dry","No Unusual Conditions","Dark - Street Light","Violation Driver 1","No Controls Present/Factor","Clear","Hit Object","Non-Related","Fixed Object","Not Applicable","Not Applicable","South Of","Curb"
"677449","CR-0000086596","0","0","0","0","21-112-0552","False","False","0","4/22/2021 2:29:00 PM","No Pedestrians Involved","Dry","No Unusual Conditions","Daylight","Violation Driver 1","Controls Not Functioning","Clear","Rear End","Intersection","Other Vehicle","Not Applicable","Not Applicable","At",""
"677450","CR-0000086597","0","0","0","0","21-121-0807","False","False","","5/1/2021 6:07:00 PM","No Pedestrians Involved","Dry","No Unusual Conditions","Daylight","Violation Driver 1","Controls Functioning","Clear","Rear End","Related","Parked Vehicle","Not Applicable","Not Applicable","Unknown",""
"677451","CR-0000086598","0","0","0","0","21-122-0292","False","False","50","5/2/2021 8:53:00 AM","No Pedestrians Involved","Dry","No Unusual Conditions","Daylight","Violation Driver 1","No Controls Present/Factor","Clear","Sideswipe","Related","Parked Vehicle","Not Applicable","Not Applicable","North Of",""
"677452","CR-0000086599","0","0","0","0","21-122-0693","True","False","0","5/2/2021 5:09:00 PM","No Pedestrians Involved","Dry","No Unusual Conditions","Daylight","Violation Driver 1","Controls Functioning","Clear","Hit Object","Intersection","Fixed Object","Not Applicable","Not Applicable","At","Traffic signal pole"
"677453","CR-0000086600","0","0","0","0","21-123-0170","False","False","93","5/3/2021 7:35:00 AM","No Pedestrians Involved","Dry","No Unusual Conditions","Daylight","Violation Driver 1","Controls Functioning","Clear","Rear End","Non-Related","Parked Vehicle","Not Applicable","Not Applicable","West Of",""
"677454","CR-0000086601","0","0","0","0","21-123-0392","False","False","0","5/3/2021 12:27:00 PM","No Pedestrians Involved","Dry","No Unusual Conditions","Daylight","Violation Driver 1","No Controls Present/Factor","Clear","Hit Object","Intersection","Fixed Object","Not Applicable","Not Applicable","At","PG&E pole"
"677455","CR-0000086602","0","0","0","0","21-124-0811","True","False","0","5/4/2021 6:50:00 PM","No Pedestrians Involved","Dry","No Unusual Conditions","Daylight","Violation Driver 1","Controls Functioning","Clear","Hit Object","Intersection","Fixed Object","Not Applicable","Not Applicable","At","Ped. crossing signal"
"677456","CR-0000086603","1","0","0","0","21-127-0118","False","False","300","5/7/2021 6:42:00 AM","No Pedestrians Involved","Dry","No Unusual Conditions","Daylight","Violation Driver 1","Controls Functioning","Clear","Broadside","Non-Related","Motorcycle","Not Applicable","Not Applicable","West Of",""
"677457","CR-0000086604","2","2","0","0","21-127-0134","False","False","0","5/7/2021 7:20:00 AM","No Pedestrians Involved","Dry","No Unusual Conditions","Daylight","Violation Driver 1","Controls Functioning","Clear","Broadside","Intersection","Other Vehicle","Not Applicable","Not Applicable","At",""
"677458","CR-0000086605","0","0","0","0","21-127-0194","True","False","520","5/7/2021 8:59:00 AM","No Pedestrians Involved","Dry","No Unusual Conditions","Daylight","Violation Driver 1","Controls Functioning","Clear","Hit Object","Non-Related","Fixed Object","Not Applicable","Not Applicable","South Of","Light pole"
"677459","CR-0000086606","1","0","0","0","21-127-0382","False","False","268","5/7/2021 12:06:00 PM","No Pedestrians Involved","Dry","No Unusual Conditions","Daylight","Violation Driver 1","No Controls Present/Factor","Clear","Rear End","Non-Related","Other Vehicle","Not Applicable","Not Applicable","North Of",""
"677460","CR-0000086607","0","0","0","0","21-127-0444","False","False","24","5/7/2021 1:22:00 PM","No Pedestrians Involved","Dry","No Unusual Conditions","Daylight","Violation Driver 1","No Controls Present/Factor","Clear","Hit Object","Related","Fixed Object","Not Applicable","Not Applicable","North Of","Fire hydrant, fence"
"677461","CR-0000086608","0","1","0","0","21-127-0942","False","False","20","5/7/2021 9:30:00 PM","In Road - Includes Shoulder","Dry","No Unusual Conditions","Dark - Street Light","Violation Driver 1","No Controls Present/Factor","Clear","Vehicle/Pedestrian","Related","Pedestrian","West","East","North Of",""
"677462","CR-0000086609","0","0","0","0","21-127-0951","False","False","300","5/7/2021 9:52:00 PM","No Pedestrians Involved","Dry","No Unusual Conditions","Dark - Street Light","Violation Driver 1","Controls Functioning","Clear","Sideswipe","Non-Related","Parked Vehicle","Not Applicable","Not Applicable","East Of",""
"677463","CR-0000086610","0","0","0","0","21-127-0998","True","False","32","5/7/2021 10:41:00 PM","No Pedestrians Involved","Dry","No Unusual Conditions","Dark - Street Light","Violation Driver 1","Controls Functioning","Clear","Hit Object","Related","Fixed Object","Not Applicable","Not Applicable","North Of","Signal light pole"
"677464","CR-0000086611","0","0","0","0","21-128-0453","False","False","35","5/7/2021 11:33:00 PM","No Pedestrians Involved","Dry","No Unusual Conditions","Dark - Street Light","Violation Driver 1","No Controls Present/Factor","Clear","Sideswipe","Related","Other Vehicle","Not Applicable","Not Applicable","West Of",""
"677465","CR-0000086612","1","0","0","0","21-128-0363","False","False","16","5/8/2021 10:49:00 AM","No Pedestrians Involved","Dry","No Unusual Conditions","Daylight","Violation Driver 1","No Controls Present/Factor","Clear","Vehicle/Bike","Related","Bike","Not Applicable","Not Applicable","West Of",""
"677466","CR-0000086613","1","0","0","0","21-128-0559","True","False","0","5/8/2021 3:06:00 PM","No Pedestrians Involved","Dry","No Unusual Conditions","Daylight","Unknown","Controls Functioning","Clear","Broadside","Intersection","Other Vehicle","Not Applicable","Not Applicable","At","Street sign"
"677467","CR-0000086614","0","0","1","0","21-128-0628","False","False","0","5/8/2021 4:40:00 PM","No Pedestrians Involved","Dry","No Unusual Conditions","Daylight","Violation Driver 1","Controls Functioning","Clear","Broadside","Intersection","Motorcycle","Not Applicable","Not Applicable","At",""
"677468","CR-0000086615","1","0","0","0","21-128-0743","False","False","0","5/8/2021 6:50:00 PM","No Pedestrians Involved","Dry","No Unusual Conditions","Daylight","Violation Driver 1","Controls Functioning","Clear","Broadside","Intersection","Other Vehicle","Not Applicable","Not Applicable","At",""
"677469","CR-0000086616","0","0","0","0","21-128-0762","False","False","0","5/8/2021 7:12:00 PM","No Pedestrians Involved","Dry","No Unusual Conditions","Dusk - Dawn","Violation Driver 1","No Controls Present/Factor","Clear","Broadside","Intersection","Parked Vehicle","Not Applicable","Not Applicable","At",""
"677470","CR-0000086617","0","0","0","0","21-128-0934","False","False","0","5/8/2021 10:00:00 PM","No Pedestrians Involved","Dry","No Unusual Conditions","Dark - Street Light","Violation Driver 1","No Controls Present/Factor","Clear","Rear End","Intersection","Other Vehicle","Not Applicable","Not Applicable","At",""
"677471","CR-0000086618","0","1","0","0","21-129-0037","False","False","0","5/9/2021 12:34:00 AM","Crossing In Crosswalk - At Intersection","Dry","No Unusual Conditions","Dark - Street Light","Pedestrian At Fault","Controls Functioning","Clear","Vehicle/Pedestrian","Intersection","Pedestrian","North","South","At",""
"677472","CR-0000086619","0","1","0","0","21-129-0477","False","False","830","5/9/2021 2:55:00 PM","No Pedestrians Involved","Dry","No Unusual Conditions","Daylight","Bike At Fault","No Controls Present/Factor","Clear","Vehicle/Bike","Non-Related","Bike","Not Applicable","Not Applicable","South Of",""
"677473","CR-0000086620","1","0","0","0","21-129-0541","False","False","68","5/9/2021 4:08:00 PM","No Pedestrians Involved","Dry","No Unusual Conditions","Daylight","Other Than Driver","Controls Functioning","Clear","Rear End","Non-Related","Other Vehicle","Not Applicable","Not Applicable","South Of","D1 had a medical emergency that led to the collision"
"677474","CR-0000086621","2","2","0","0","21-129-0648","False","False","185","5/9/2021 6:28:00 PM","No Pedestrians Involved","Dry","No Unusual Conditions","Daylight","Violation Driver 1","No Controls Present/Factor","Clear","Broadside","Non-Related","Other Vehicle","Not Applicable","Not Applicable","East Of",""
"677475","CR-0000086622","0","0","0","0","21-130-0249","False","False","90","5/10/2021 8:42:00 AM","No Pedestrians Involved","Dry","No Unusual Conditions","Daylight","Violation Driver 1","No Controls Present/Factor","Clear","Broadside","Non-Related","Other Vehicle","Not Applicable","Not Applicable","South Of",""
"677476","CR-0000086623","0","1","0","0","21-131-0252","False","False","0","5/11/2021 9:30:00 AM","No Pedestrians Involved","Dry","No Unusual Conditions","Daylight","Violation Driver 1","No Controls Present/Factor","Clear","Broadside","Intersection","Other Vehicle","Not Applicable","Not Applicable","At",""
"677477","CR-0000086624","0","0","0","0","21-131-0224","False","False","49","5/11/2021 7:27:00 AM","No Pedestrians Involved","Dry","No Unusual Conditions","Daylight","Violation Driver 1","No Controls Present/Factor","Clear","Sideswipe","Related","Parked Vehicle","Not Applicable","Not Applicable","West Of",""
"677478","CR-0000086625","0","0","0","0","21-131-0475","False","False","127","5/11/2021 12:20:00 PM","No Pedestrians Involved","Dry","No Unusual Conditions","Daylight","Violation Driver 1","Controls Functioning","Clear","Sideswipe","Non-Related","Other Vehicle","Not Applicable","Not Applicable","West Of",""
"677479","CR-0000086626","0","2","1","0","21-131-0992","False","False","51","5/11/2021 9:45:00 PM","No Pedestrians Involved","Dry","No Unusual Conditions","Dark - Street Light","Violation Driver 1","Controls Functioning","Clear","Rear End","Non-Related","Other Vehicle","Not Applicable","Not Applicable","North Of",""
"677480","CR-0000086627","1","1","0","0","21-132-0522","False","False","0","5/12/2021 1:12:00 PM","No Pedestrians Involved","Dry","No Unusual Conditions","Daylight","Violation Driver 1","Controls Functioning","Clear","Broadside","Intersection","Other Vehicle","Not Applicable","Not Applicable","At",""
"677481","CR-0000086628","0","1","0","0","21-132-0724","True","False","0","5/12/2021 5:00:00 PM","No Pedestrians Involved","Dry","No Unusual Conditions","Daylight","Violation Driver 1","Controls Functioning","Clear","Hit Object","Intersection","Fixed Object","Not Applicable","Not Applicable","At","Center divide"
"677482","CR-0000086629","0","1","0","0","21-132-0748","False","False","101","5/12/2021 6:00:00 PM","No Pedestrians Involved","Dry","No Unusual Conditions","Daylight","Violation Driver 1","Controls Functioning","Clear","Broadside","Non-Related","Other Vehicle","Not Applicable","Not Applicable","East Of",""
"677483","CR-0000086630","1","0","0","0","21-132-0914","False","False","536","5/12/2021 8:23:00 PM","No Pedestrians Involved","Dry","No Unusual Conditions","Dusk - Dawn","Violation Driver 1","No Controls Present/Factor","Clear","Sideswipe","Non-Related","Other Vehicle","Not Applicable","Not Applicable","North Of",""
"677484","CR-0000086631","0","0","0","0","21-133-0222","False","False","0","5/13/2021 9:05:00 AM","No Pedestrians Involved","Dry","No Unusual Conditions","Daylight","Violation Driver 1","No Controls Present/Factor","Clear","Sideswipe","Intersection","Parked Vehicle","Not Applicable","Not Applicable","At",""
"677485","CR-0000086632","2","0","0","0","21-133-0281","False","False","0","5/13/2021 10:10:00 AM","No Pedestrians Involved","Dry","No Unusual Conditions","Daylight","Violation Driver 1","Controls Functioning","Clear","Rear End","Intersection","Other Vehicle","Not Applicable","Not Applicable","At",""
"677486","CR-0000086633","1","0","0","0","21-133-0969","False","False","0","5/13/2021 6:00:00 PM","Crossing In Crosswalk - At Intersection","Dry","No Unusual Conditions","Daylight","Violation Driver 1","No Controls Present/Factor","Clear","Vehicle/Pedestrian","Intersection","Pedestrian","North","South","At",""
"677487","CR-0000086634","0","1","0","0","21-133-1001","False","False","0","5/13/2021 9:36:00 PM","No Pedestrians Involved","Dry","No Unusual Conditions","Dark - Street Light","Violation Driver 1","Controls Functioning","Clear","Broadside","Intersection","Other Vehicle","Not Applicable","Not Applicable","At",""
"677488","CR-0000086635","1","0","0","0","21-133-0603","False","False","0","5/13/2021 3:26:00 PM","No Pedestrians Involved","Dry","No Unusual Conditions","Daylight","Violation Driver 1","No Controls Present/Factor","Clear","Rear End","Intersection","Other Vehicle","Not Applicable","Not Applicable","At",""
"677489","CR-0000086636","0","1","0","0","21-134-0132","False","False","405","5/14/2021 4:23:00 AM","No Pedestrians Involved","Dry","No Unusual Conditions","Dark - Street Light","Violation Driver 1","No Controls Present/Factor","Clear","Sideswipe","Non-Related","Parked Vehicle","Not Applicable","Not Applicable","North Of",""
"677490","CR-0000086637","1","0","0","0","21-134-0324","False","False","0","5/14/2021 10:52:00 AM","No Pedestrians Involved","Dry","No Unusual Conditions","Daylight","Violation Driver 1","Controls Functioning","Clear","Rear End","Intersection","Other Vehicle","Not Applicable","Not Applicable","At",""
"677491","CR-0000086638","2","0","0","0","21-134-0353","True","False","39","5/14/2021 11:30:00 AM","No Pedestrians Involved","Dry","No Unusual Conditions","Daylight","Violation Driver 1","No Controls Present/Factor","Clear","Rear End","Related","Other Vehicle","Not Applicable","Not Applicable","East Of","Tree"
"677492","CR-0000086639","1","0","0","0","21-134-0579","False","False","365","5/14/2021 4:11:00 PM","No Pedestrians Involved","Dry","No Unusual Conditions","Daylight","Violation Driver 1","No Controls Present/Factor","Clear","Rear End","Non-Related","Parked Vehicle","Not Applicable","Not Applicable","East Of",""
"677493","CR-0000086640","0","0","0","1","21-153-1137","False","False","0","6/2/2021 9:44:00 PM","Crossing - Not In Crosswalk","Dry","No Unusual Conditions","Dark - No Street Light","Unknown","Controls Functioning","Clear","Vehicle/Pedestrian","Intersection","Pedestrian","South","North","At","Delayed fatality - 06/07/2021"
"677494","CR-0000086641","0","0","0","1","21-148-0931","False","False","17","5/28/2021 9:20:00 PM","Crossing - Not In Crosswalk","Dry","No Unusual Conditions","Dark - Street Light","Unknown","No Controls Present/Factor","Clear","Vehicle/Pedestrian","Related","Pedestrian","East","West","South Of",""
"677495","CR-0000086642","0","0","0","1","21-147-0893","False","False","464","5/27/2021 9:25:00 PM","Crossing - Not In Crosswalk","Dry","No Unusual Conditions","Dark - Street Light","Unknown","No Controls Present/Factor","Clear","Vehicle/Pedestrian","Non-Related","Pedestrian","South","North","South Of","NIJ"
"677496","CR-0000086647","0","0","0","0","21-146-9713","False","False","","3/24/2021 3:00:00 PM","No Pedestrians Involved","Dry","No Unusual Conditions","Daylight","Unknown","Controls Functioning","Clear","Rear End","Related","Other Vehicle","Not Applicable","Not Applicable","East Of",""
"677497","CR-0000086648","2","0","0","0","21-102-9711","False","False","","4/4/2021 3:00:00 PM","No Pedestrians Involved","Dry","No Unusual Conditions","Daylight","Unknown","Controls Functioning","Clear","Rear End","Related","Other Vehicle","Not Applicable","Not Applicable","East Of",""
"677498","CR-0000086649","0","0","0","0","21-101-0842","False","False","350","4/11/2021 9:01:00 PM","No Pedestrians Involved","Dry","No Unusual Conditions","Dark - Street Light","Violation Driver 1","No Controls Present/Factor","Clear","Rear End","Non-Related","Parked Vehicle","Not Applicable","Not Applicable","West Of",""
"677499","CR-0000086651","0","1","1","0","21-127-0906","False","False","0","5/7/2021 8:56:00 PM","Crossing In Crosswalk - At Intersection","Dry","No Unusual Conditions","Dark - Street Light","Violation Driver 1","Controls Functioning","Clear","Vehicle/Pedestrian","Intersection","Pedestrian","South","North","At",""
"677500","CR-0000086653","1","0","0","0","21-129-0334","False","False","0","5/9/2021 11:21:00 AM","No Pedestrians Involved","Dry","No Unusual Conditions","Daylight","Violation Driver 1","Controls Functioning","Clear","Broadside","Intersection","Other Vehicle","Not Applicable","Not Applicable","At",""
"677501","CR-0000086654","0","0","0","0","21-133-0276","False","False","190","5/13/2021 10:04:00 AM","No Pedestrians Involved","Dry","No Unusual Conditions","Daylight","Violation Driver 1","No Controls Present/Factor","Clear","Sideswipe","Non-Related","Parked Vehicle","Not Applicable","Not Applicable","South Of",""
"677502","CR-0000086655","0","0","0","0","21-135-0159","False","False","20","5/15/2021 4:42:00 AM","No Pedestrians Involved","Dry","No Unusual Conditions","Dark - Street Light","Violation Driver 1","No Controls Present/Factor","Clear","Sideswipe","Related","Other Vehicle","Not Applicable","Not Applicable","West Of",""
"677503","CR-0000086656","0","0","0","0","21-135-0690","False","False","31","5/15/2021 6:00:00 PM","No Pedestrians Involved","Unknown","No Unusual Conditions","Daylight","Violation Driver 1","No Controls Present/Factor","Clear","Broadside","Related","Other Vehicle","Not Applicable","Not Applicable","North Of",""
"677504","CR-0000086657","0","0","0","0","21-135-0588","True","False","331","5/15/2021 4:29:00 PM","No Pedestrians Involved","Dry","No Unusual Conditions","Daylight","Violation Driver 1","Controls Functioning","Clear","Hit Object","Non-Related","Fixed Object","Not Applicable","Not Applicable","East Of","Light pole"
"677505","CR-0000086658","0","0","1","0","21-135-0074","False","False","390","5/15/2021 1:37:00 AM","No Pedestrians Involved","Dry","No Unusual Conditions","Dark - Street Light","Violation Driver 1","No Controls Present/Factor","Clear","Broadside","Non-Related","Parked Vehicle","Not Applicable","Not Applicable","South Of",""
"677506","CR-0000086659","1","0","0","0","21-135-0710","False","False","0","5/15/2021 6:21:00 PM","No Pedestrians Involved","Dry","No Unusual Conditions","Daylight","Violation Driver 1","Controls Functioning","Clear","Sideswipe","Intersection","Other Vehicle","Not Applicable","Not Applicable","At",""