"CrashFactId","Name","MinorInjuries","ModerateInjuries","SevereInjuries","FatalInjuries","TcrNumber","CityDamageFlag","ShortFormFlag","Distance","CrashDateTime","PedestrianAction","RoadwaySurface","RoadwayCondition","Lighting","PrimaryCollisionFactor","TrafficControl","Weather","CollisionType","ProximityToIntersection","VehicleInvolvedWith","PedestrianDirectionFrom","PedestrianDirectionTo","DirectionFromIntersection","Comment"
"677797","CR-0000086962","1","0","0","0","21-164-0204","True","False","150","6/13/2021 5:00:00 AM","No Pedestrians Involved","Dry","No Unusual Conditions","Dark - Street Light","Violation Driver 1","No Controls Present/Factor","Clear","Hit Object","Non-Related","Fixed Object","Not Applicable","Not Applicable","East Of","Street light"
"677798","CR-0000086963","0","0","0","0","21-164-0228","False","False","0","6/13/2021 6:41:00 AM","No Pedestrians Involved","Dry","No Unusual Conditions","Dusk - Dawn","Violation Driver 1","No Controls Present/Factor","Clear","Head On","Intersection","Parked Vehicle","Not Applicable","Not Applicable","At",""
"677799","CR-0000086964","0","0","0","0","21-164-0329","False","False","51","6/13/2021 9:55:00 AM","No Pedestrians Involved","Dry","No Unusual Conditions","Daylight","Violation Driver 1","No Controls Present/Factor","Clear","Broadside","Non-Related","Other Vehicle","Not Applicable","Not Applicable","East Of",""
"677800","CR-0000086965","0","1","0","0","21-164-0413","False","False","50","6/13/2021 11:59:00 AM","No Pedestrians Involved","Dry","No Unusual Conditions","Daylight","Violation Driver 1","Controls Functioning","Clear","Vehicle/Bike","Related","Bike","Not Applicable","Not Applicable","East Of",""
"677801","CR-0000086966","0","0","1","0","21-164-0490","False","False","0","6/13/2021 2:24:00 PM","No Pedestrians Involved","Dry","No Unusual Conditions","Daylight","Violation Driver 1","Unknown","Clear","Broadside","Intersection","Motorcycle","Not Applicable","Not Applicable","At",""
"677802","CR-0000086967","0","0","0","0","21-164-0505","False","False","92","6/13/2021 2:18:00 PM","No Pedestrians Involved","Dry","No Unusual Conditions","Daylight","Unknown","Controls Functioning","Clear","Hit Object","Non-Related","Fixed Object","Not Applicable","Not Applicable","West Of","Curb, bus stop"
"677803","CR-0000086968","0","1","0","0","21-164-0581","True","False","0","6/13/2021 3:59:00 PM","No Pedestrians Involved","Dry","No Unusual Conditions","Daylight","Violation Driver 1","Controls Functioning","Clear","Hit Object","Intersection","Fixed Object","Not Applicable","Not Applicable","At","Street light"
"677804","CR-0000086969","0","0","0","0","21-164-0696","False","False","0","6/13/2021 6:14:00 PM","No Pedestrians Involved","Dry","No Unusual Conditions","Daylight","Violation Driver 1","Controls Functioning","Clear","Sideswipe","Intersection","Other Vehicle","Not Applicable","Not Applicable","At",""
"677805","CR-0000086970","1","0","0","0","21-164-0770","False","False","995","6/13/2021 10:07:00 PM","No Pedestrians Involved","Dry","No Unusual Conditions","Unknown","Violation Driver 1","No Controls Present/Factor","Clear","Other","Non-Related","Other Vehicle","Not Applicable","Not Applicable","South Of",""
"677806","CR-0000086971","1","0","0","0","21-164-0809","False","False","118","6/13/2021 8:05:00 PM","No Pedestrians Involved","Dry","No Unusual Conditions","Dusk - Dawn","Violation Driver 1","No Controls Present/Factor","Clear","Rear End","Non-Related","Parked Vehicle","Not Applicable","Not Applicable","West Of",""
"677807","CR-0000086972","1","0","0","0","21-164-0838","False","False","0","6/13/2021 8:40:00 PM","No Pedestrians Involved","Dry","No Unusual Conditions","Dark - Street Light","Violation Driver 1","Controls Functioning","Clear","Broadside","Intersection","Other Vehicle","Not Applicable","Not Applicable","At",""
"677808","CR-0000086973","1","0","0","0","21-164-0844","False","False","78","6/13/2021 11:38:00 PM","In Road - Includes Shoulder","Dry","No Unusual Conditions","Dusk - Dawn","Unknown","No Controls Present/Factor","Clear","Vehicle/Pedestrian","Non-Related","Skateboard","West","East","East Of",""
"677809","CR-0000086974","0","0","1","0","21-164-1008","False","False","0","6/13/2021 11:30:00 PM","No Pedestrians Involved","Dry","No Unusual Conditions","Dark - Street Light","Violation Driver 1","No Controls Present/Factor","Clear","Hit Object","Intersection","Fixed Object","Not Applicable","Not Applicable","At","PG&E pole"
"677810","CR-0000086975","0","0","0","0","21-166-9703","False","True","","6/13/2021 7:50:00 PM","No Pedestrians Involved","Dry","No Unusual Conditions","Daylight","Unknown","Controls Functioning","Clear","Rear End","Related","Other Vehicle","Not Applicable","Not Applicable","South Of",""
"677811","CR-0000086976","2","0","0","0","21-165-0711","False","False","0","6/14/2021 4:50:00 PM","No Pedestrians Involved","Dry","No Unusual Conditions","Daylight","Unknown","Controls Functioning","Clear","Broadside","Intersection","Other Vehicle","Not Applicable","Not Applicable","At",""
"677812","CR-0000086977","0","1","0","0","21-165-0577","False","False","110","6/14/2021 2:05:00 PM","No Pedestrians Involved","Dry","No Unusual Conditions","Daylight","Violation Driver 1","No Controls Present/Factor","Clear","Rear End","Non-Related","Other Vehicle","Not Applicable","Not Applicable","West Of",""
"677813","CR-0000086978","0","1","0","0","21-165-0578","False","False","150","6/14/2021 2:07:00 PM","In Road - Includes Shoulder","Unknown","Unknown","Daylight","Violation Driver 1","Unknown","Clear","Vehicle/Pedestrian","Non-Related","Pedestrian","No Direction (Not Walking)","No Direction (Not Walking)","West Of",""
"677814","CR-0000086979","0","0","1","0","21-166-0554","False","False","0","6/15/2021 1:59:00 PM","No Pedestrians Involved","Dry","No Unusual Conditions","Daylight","Bike At Fault","Controls Functioning","Clear","Vehicle/Bike","Intersection","Bike","Not Applicable","Not Applicable","At",""
"677815","CR-0000086980","2","0","1","0","21-166-0642","False","False","27","6/15/2021 3:41:00 PM","No Pedestrians Involved","Dry","No Unusual Conditions","Daylight","Violation Driver 1","No Controls Present/Factor","Clear","Rear End","Related","Other Vehicle","Not Applicable","Not Applicable","East Of",""
"677816","CR-0000086981","1","0","0","0","21-166-0782","False","False","0","6/15/2021 6:11:00 PM","No Pedestrians Involved","Dry","No Unusual Conditions","Dusk - Dawn","Violation Driver 1","Controls Functioning","Clear","Broadside","Intersection","Other Vehicle","Not Applicable","Not Applicable","At",""
"677817","CR-0000086982","0","0","0","0","21-166-1009","False","False","26","6/15/2021 10:25:00 PM","No Pedestrians Involved","Dry","No Unusual Conditions","Dark - Street Light","Violation Driver 1","Controls Functioning","Clear","Broadside","Related","Other Vehicle","Not Applicable","Not Applicable","South Of",""
"677818","CR-0000086983","0","0","0","0","21-166-0339","False","False","0","6/15/2021 10:42:00 AM","No Pedestrians Involved","Dry","No Unusual Conditions","Daylight","Violation Driver 1","Controls Functioning","Clear","Broadside","Intersection","Other Vehicle","Not Applicable","Not Applicable","At",""
"677819","CR-0000086984","0","0","0","0","21-166-4006","False","True","51","6/15/2021 6:15:00 PM","No Pedestrians Involved","Unknown","Unknown","Daylight","Unknown","Unknown","Unknown","Broadside","Non-Related","Parked Vehicle","Not Applicable","Not Applicable","North Of",""
"677820","CR-0000086985","0","1","0","0","21-166-0742","False","False","0","6/15/2021 11:34:00 PM","No Pedestrians Involved","Dry","No Unusual Conditions","Daylight","Violation Driver 1","Controls Functioning","Clear","Vehicle/Bike","Intersection","Bike","Not Applicable","Not Applicable","At",""
"677821","CR-0000086986","0","0","0","0","21-172-9705","False","True","51","6/15/2021 5:00:00 PM","No Pedestrians Involved","Dry","No Unusual Conditions","Daylight","Unknown","No Controls Present/Factor","Clear","Broadside","Non-Related","Other Vehicle","Not Applicable","Not Applicable","South Of",""
"677822","CR-0000086987","0","1","0","0","21-167-0336","False","False","0","6/16/2021 9:40:00 AM","No Pedestrians Involved","Dry","No Unusual Conditions","Daylight","Violation Driver 1","Controls Functioning","Clear","Broadside","Intersection","Other Vehicle","Not Applicable","Not Applicable","At",""
"677823","CR-0000086988","0","0","0","0","21-167-0469","False","False","250","6/16/2021 11:35:00 AM","No Pedestrians Involved","Dry","No Unusual Conditions","Daylight","Violation Driver 1","No Controls Present/Factor","Clear","Rear End","Non-Related","Other Vehicle","Not Applicable","Not Applicable","West Of",""
"677824","CR-0000086989","3","0","0","0","21-167-0742","False","False","75","6/16/2021 4:10:00 PM","No Pedestrians Involved","Dry","No Unusual Conditions","Daylight","Violation Driver 1","Controls Functioning","Clear","Rear End","Non-Related","Other Vehicle","Not Applicable","Not Applicable","East Of",""
"677825","CR-0000086990","0","0","0","0","21-167-0735","False","False","60","6/16/2021 4:21:00 PM","No Pedestrians Involved","Dry","No Unusual Conditions","Daylight","Violation Driver 1","No Controls Present/Factor","Clear","Sideswipe","Non-Related","Other Vehicle","Not Applicable","Not Applicable","West Of",""
"677826","CR-0000086991","0","0","0","0","21-167-9707","False","True","0","6/16/2021 1:10:00 PM","No Pedestrians Involved","Dry","No Unusual Conditions","Daylight","Unknown","Controls Functioning","Clear","Rear End","Intersection","Other Vehicle","Not Applicable","Not Applicable","At",""
"677827","CR-0000086992","0","0","0","0","21-167-0622","False","False","75","6/16/2021 2:00:00 PM","No Pedestrians Involved","Dry","No Unusual Conditions","Daylight","Violation Driver 1","No Controls Present/Factor","Clear","Other","Non-Related","Other Vehicle","Not Applicable","Not Applicable","North Of",""
"677828","CR-0000086993","3","0","0","0","21-167-1032","False","False","0","6/16/2021 10:39:00 PM","No Pedestrians Involved","Dry","No Unusual Conditions","Dark - Street Light","Violation Driver 1","No Controls Present/Factor","Clear","Sideswipe","Intersection","Other Vehicle","Not Applicable","Not Applicable","At",""
"677829","CR-0000086994","0","2","0","0","21-167-0849","False","False","147","6/16/2021 6:40:00 PM","No Pedestrians Involved","Dry","No Unusual Conditions","Daylight","Violation Driver 1","Controls Functioning","Clear","Broadside","Non-Related","Other Vehicle","Not Applicable","Not Applicable","South Of",""
"677830","CR-0000086995","0","0","0","0","21-163-0099","True","False","0","6/12/2021 2:00:00 AM","No Pedestrians Involved","Dry","No Unusual Conditions","Unknown","Violation Driver 1","Controls Not Functioning","Clear","Hit Object","Intersection","Other Object","Not Applicable","Not Applicable","At","Traffic Signal"
"677831","CR-0000086996","0","1","0","0","21-163-0215","False","False","0","6/12/2021 8:24:00 AM","No Pedestrians Involved","Dry","No Unusual Conditions","Daylight","Violation Driver 1","No Controls Present/Factor","Clear","Broadside","Intersection","Other Vehicle","Not Applicable","Not Applicable","At",""
"677832","CR-0000086997","0","0","0","0","21-163-0292","False","False","0","6/12/2021 8:38:00 PM","No Pedestrians Involved","Dry","No Unusual Conditions","Daylight","Violation Driver 1","Controls Functioning","Clear","Broadside","Intersection","Other Vehicle","Not Applicable","Not Applicable","At",""
"677833","CR-0000086998","0","0","0","0","21-163-0794","True","False","134","6/12/2021 9:00:00 PM","No Pedestrians Involved","Dry","No Unusual Conditions","Dark - Street Light","Violation Driver 1","Controls Functioning","Clear","Head On","Non-Related","Parked Vehicle","Not Applicable","Not Applicable","West Of","Tree"
"677834","CR-0000086999","1","0","0","0","21-163-0029","False","False","75","6/12/2021 12:13:00 AM","No Pedestrians Involved","Dry","No Unusual Conditions","Dark - Street Light","Violation Driver 1","No Controls Present/Factor","Clear","Rear End","Non-Related","Parked Vehicle","Not Applicable","Not Applicable","South Of",""
"677835","CR-0000087000","0","0","0","0","21-163-0515","False","False","0","6/12/2021 3:16:00 PM","No Pedestrians Involved","Dry","No Unusual Conditions","Daylight","Violation Driver 1","Controls Functioning","Clear","Rear End","Intersection","Other Vehicle","Not Applicable","Not Applicable","At",""
"677836","CR-0000087001","0","0","0","0","21-163-0564","False","False","110","6/12/2021 4:08:00 PM","No Pedestrians Involved","Dry","No Unusual Conditions","Daylight","Violation Driver 1","No Controls Present/Factor","Clear","Sideswipe","Non-Related","Parked Vehicle","Not Applicable","Not Applicable","East Of",""
"677837","CR-0000087002","0","0","0","0","21-163-0621","False","False","390","6/12/2021 5:24:00 PM","No Pedestrians Involved","Dry","No Unusual Conditions","Daylight","Violation Driver 1","No Controls Present/Factor","Clear","Head On","Non-Related","Other Vehicle","Not Applicable","Not Applicable","East Of",""
"677838","CR-0000087003","0","0","0","0","21-162-0096","True","False","85","6/11/2021 3:05:00 AM","No Pedestrians Involved","Wet","No Unusual Conditions","Dark - Street Light","Violation Driver 1","No Controls Present/Factor","Clear","Rear End","Non-Related","Fixed Object","Not Applicable","Not Applicable","South Of","Tree"
"677839","CR-0000087004","0","0","0","0","21-162-0077","False","False","0","6/11/2021 2:03:00 AM","No Pedestrians Involved","Dry","No Unusual Conditions","Dark - Street Light","Unknown","No Controls Present/Factor","Clear","Head On","Intersection","Non-Collision","Not Applicable","Not Applicable","At",""
"677840","CR-0000087005","0","1","0","0","21-162-0247","False","False","132","6/11/2021 9:39:00 AM","Crossing - Not In Crosswalk","Dry","No Unusual Conditions","Daylight","Pedestrian At Fault","No Controls Present/Factor","Clear","Vehicle/Pedestrian","Non-Related","Pedestrian","West","West","South Of","Ped"
"677841","CR-0000087006","0","1","0","0","21-162-0945","False","False","0","6/11/2021 11:33:00 PM","No Pedestrians Involved","Dry","No Unusual Conditions","Dark - Street Light","Unknown","Controls Functioning","Clear","Broadside","Intersection","Other Vehicle","Not Applicable","Not Applicable","North Of",""
"677842","CR-0000087007","1","0","0","0","21-162-0158","False","False","90","6/11/2021 7:06:00 AM","No Pedestrians Involved","Dry","No Unusual Conditions","Daylight","Bike At Fault","Controls Functioning","Clear","Broadside","Non-Related","Bike","Not Applicable","Not Applicable","East Of","Bike"
"677843","CR-0000087008","0","1","0","0","21-162-0436","False","False","0","6/11/2021 1:29:00 PM","No Pedestrians Involved","Dry","No Unusual Conditions","Daylight","Violation Driver 1","Unknown","Clear","Broadside","Intersection","Other Vehicle","Not Applicable","Not Applicable","At",""
"677844","CR-0000087009","1","0","0","0","21-162-0335","False","False","0","6/11/2021 11:28:00 AM","No Pedestrians Involved","Dry","No Unusual Conditions","Daylight","Violation Driver 1","No Controls Present/Factor","Clear","Sideswipe","Intersection","Other Vehicle","Not Applicable","Not Applicable","At",""
"677845","CR-0000087010","0","1","0","0","21-162-0412","False","False","0","6/11/2021 12:59:00 PM","No Pedestrians Involved","Dry","No Unusual Conditions","Daylight","Violation Driver 1","Controls Functioning","Clear","Vehicle/Bike","Intersection","Bike","Not Applicable","Not Applicable","At","Bike"
"677846","CR-0000087011","1","0","0","0","21-162-0830","False","False","273","6/11/2021 9:27:00 PM","No Pedestrians Involved","Dry","No Unusual Conditions","Dark - Street Light","Violation Driver 1","Controls Functioning","Clear","Rear End","Non-Related","Other Vehicle","Not Applicable","Not Applicable","North Of",""
"677847","CR-0000087012","0","0","0","1","21-190-0738","False","False","0","7/9/2021 5:29:00 PM","Crossing In Crosswalk - At Intersection","Dry","No Unusual Conditions","Daylight","Unknown","Controls Functioning","Clear","Vehicle/Pedestrian","Intersection","Pedestrian","East","West","At",""
"677848","CR-0000087014","1","0","0","0","21-169-0192","False","False","120","6/18/2021 8:10:00 AM","No Pedestrians Involved","Dry","No Unusual Conditions","Daylight","Violation Driver 1","Controls Functioning","Clear","Rear End","Non-Related","Motor Vehicle On Other Roadway","Not Applicable","Not Applicable","East Of",""
"677849","CR-0000087015","1","0","0","0","21-169-0550","False","False","0","6/18/2021 3:44:00 PM","No Pedestrians Involved","Dry","No Unusual Conditions","Daylight","Violation Driver 1","Controls Functioning","Clear","Broadside","Intersection","Other Vehicle","Not Applicable","Not Applicable","At",""
"677850","CR-0000087016","1","1","0","0","21-169-0875","False","False","0","6/18/2021 8:15:00 PM","No Pedestrians Involved","Dry","No Unusual Conditions","Daylight","Violation Driver 1","Controls Functioning","Clear","Head On","Intersection","Other Vehicle","Not Applicable","Not Applicable","At",""
"677851","CR-0000087017","0","0","0","0","21-169-0155","False","False","50","6/18/2021 6:50:00 AM","No Pedestrians Involved","Dry","No Unusual Conditions","Daylight","Other Than Driver","No Controls Present/Factor","Clear","Sideswipe","Related","Parked Vehicle","Not Applicable","Not Applicable","North Of",""
"677852","CR-0000087018","1","0","0","0","21-168-0410","False","False","0","6/17/2021 12:23:00 PM","No Pedestrians Involved","Dry","No Unusual Conditions","Daylight","Violation Driver 1","No Controls Present/Factor","Clear","Broadside","Intersection","Other Vehicle","Not Applicable","Not Applicable","At",""
"677853","CR-0000087019","0","1","0","0","21-168-0435","False","False","400","6/17/2021 12:46:00 PM","No Pedestrians Involved","Dry","No Unusual Conditions","Daylight","Violation Driver 1","Controls Functioning","Clear","Rear End","Non-Related","Parked Vehicle","Not Applicable","Not Applicable","North Of",""
"677854","CR-0000087020","0","1","0","0","21-168-0633","False","False","0","6/17/2021 4:37:00 PM","No Pedestrians Involved","Dry","No Unusual Conditions","Daylight","Violation Driver 1","No Controls Present/Factor","Clear","Broadside","Intersection","Other Vehicle","Not Applicable","Not Applicable","At",""
"677855","CR-0000087021","0","0","0","0","21-168-0878","True","False","125","6/17/2021 7:45:00 PM","No Pedestrians Involved","Dry","No Unusual Conditions","Daylight","Violation Driver 1","No Controls Present/Factor","Clear","Hit Object","Non-Related","Fixed Object","Not Applicable","Not Applicable","East Of",""
"677856","CR-0000087022","0","1","0","0","21-168-1025","False","False","0","6/17/2021 10:00:00 PM","No Pedestrians Involved","Dry","No Unusual Conditions","Dark - Street Light","Violation Driver 1","No Controls Present/Factor","Clear","Vehicle/Bike","Intersection","Bike","Not Applicable","Not Applicable","At",""
"677857","CR-0000087023","0","1","0","0","21-168-0016","False","False","45","6/17/2021 12:22:00 AM","No Pedestrians Involved","Dry","No Unusual Conditions","Dark - Street Light","Violation Driver 1","No Controls Present/Factor","Clear","Sideswipe","Related","Parked Vehicle","Not Applicable","Not Applicable","South Of",""
"677858","CR-0000087024","1","0","0","0","21-168-0454","False","False","0","6/17/2021 12:35:00 PM","No Pedestrians Involved","Dry","No Unusual Conditions","Daylight","Violation Driver 1","No Controls Present/Factor","Clear","Rear End","Intersection","Other Vehicle","Not Applicable","Not Applicable","At",""
"677859","CR-0000087025","1","0","0","0","21-168-0655","False","False","75","6/17/2021 4:55:00 PM","No Pedestrians Involved","Dry","No Unusual Conditions","Daylight","Violation Driver 1","Controls Functioning","Clear","Rear End","Non-Related","Other Vehicle","Not Applicable","Not Applicable","East Of",""
"677860","CR-0000087027","0","1","0","0","21-168-1003","False","False","265","6/17/2021 9:36:00 PM","No Pedestrians Involved","Dry","No Unusual Conditions","Dark - Street Light","Violation Driver 1","Controls Functioning","Clear","Sideswipe","Non-Related","Other Vehicle","Not Applicable","Not Applicable","South Of",""
"677861","CR-0000087028","0","0","0","0","21-168-0189","False","False","0","6/17/2021 7:49:00 AM","No Pedestrians Involved","Dry","No Unusual Conditions","Daylight","Violation Driver 1","Controls Functioning","Clear","Sideswipe","Intersection","Other Vehicle","Not Applicable","Not Applicable","At",""
"677862","CR-0000087029","0","0","0","0","21-169-0405","False","False","285","6/17/2021 1:30:00 PM","No Pedestrians Involved","Dry","No Unusual Conditions","Daylight","Violation Driver 1","No Controls Present/Factor","Clear","Sideswipe","Non-Related","Parked Vehicle","Not Applicable","Not Applicable","East Of",""
"677863","CR-0000087030","0","1","0","0","21-176-0070","False","False","314","6/25/2021 2:15:00 AM","No Pedestrians Involved","Dry","No Unusual Conditions","Dark - No Street Light","Violation Driver 1","Controls Functioning","Clear","Rear End","Non-Related","Other Vehicle","Not Applicable","Not Applicable","South Of",""
"677864","CR-0000087031","0","0","0","0","21-179-9702","False","True","","6/25/2021 2:00:00 PM","No Pedestrians Involved","Dry","No Unusual Conditions","Daylight","Unknown","Controls Functioning","Clear","Sideswipe","Related","Other Vehicle","Not Applicable","Not Applicable","West Of",""
"677865","CR-0000087032","2","0","0","0","21-176-0470","False","False","0","6/25/2021 2:04:00 PM","No Pedestrians Involved","Dry","No Unusual Conditions","Daylight","Unknown","Controls Functioning","Clear","Broadside","Intersection","Other Vehicle","Not Applicable","Not Applicable","At",""
"677866","CR-0000087033","0","0","0","0","21-176-9705","False","True","51","6/25/2021 2:40:00 PM","No Pedestrians Involved","Dry","No Unusual Conditions","Daylight","Unknown","No Controls Present/Factor","Clear","Rear End","Non-Related","Parked Vehicle","Not Applicable","Not Applicable","North Of",""
"677867","CR-0000087034","0","0","0","0","21-176-0176","False","False","20","6/25/2021 7:54:00 AM","No Pedestrians Involved","Dry","No Unusual Conditions","Daylight","Violation Driver 1","Controls Functioning","Clear","Head On","Related","Parked Vehicle","Not Applicable","Not Applicable","South Of",""
"677868","CR-0000087035","0","0","0","0","21-176-0014","True","False","22","6/25/2021 12:17:00 AM","No Pedestrians Involved","Dry","No Unusual Conditions","Dark - Street Light","Violation Driver 1","Controls Functioning","Clear","Hit Object","Related","Fixed Object","Not Applicable","Not Applicable","West Of","Median"
"677869","CR-0000087036","0","0","0","0","21-176-0061","False","False","110","6/25/2021 1:53:00 AM","No Pedestrians Involved","Dry","No Unusual Conditions","Dark - Street Light","Violation Driver 1","Controls Functioning","Clear","Rear End","Non-Related","Other Vehicle","Not Applicable","Not Applicable","East Of",""
"677870","CR-0000087037","0","0","0","0","21-179-0564","False","False","174","6/26/2021 8:29:00 PM","No Pedestrians Involved","Dry","No Unusual Conditions","Dusk - Dawn","Violation Driver 1","Controls Functioning","Clear","Sideswipe","Non-Related","Parked Vehicle","Not Applicable","Not Applicable","North Of",""
"677871","CR-0000087038","0","0","0","0","21-177-0191","False","False","388","6/26/2021 4:49:00 AM","No Pedestrians Involved","Dry","No Unusual Conditions","Dark - Street Light","Violation Driver 1","Controls Functioning","Clear","Sideswipe","Non-Related","Parked Vehicle","Not Applicable","Not Applicable","South Of",""
"677872","CR-0000087039","1","0","0","0","21-177-0244","False","False","0","6/26/2021 7:41:00 AM","No Pedestrians Involved","Dry","No Unusual Conditions","Daylight","Violation Driver 1","Controls Functioning","Clear","Broadside","Intersection","Other Vehicle","Not Applicable","Not Applicable","At",""
"677873","CR-0000087040","1","0","0","0","21-177-0371","True","False","302","6/26/2021 11:09:00 AM","No Pedestrians Involved","Dry","No Unusual Conditions","Daylight","Violation Driver 1","No Controls Present/Factor","Clear","Hit Object","Non-Related","Fixed Object","Not Applicable","Not Applicable","South Of","Curb, tree"
"677874","CR-0000087041","0","0","0","0","21-177-0451","False","False","","6/26/2021 12:57:00 PM","No Pedestrians Involved","Dry","No Unusual Conditions","Daylight","Violation Driver 1","Controls Functioning","Clear","Rear End","Related","Other Vehicle","Not Applicable","Not Applicable","East Of",""
"677875","CR-0000087042","2","0","0","0","21-177-0596","False","False","60","6/26/2021 6:45:00 PM","No Pedestrians Involved","Dry","No Unusual Conditions","Daylight","Violation Driver 1","No Controls Present/Factor","Clear","Broadside","Non-Related","Other Vehicle","Not Applicable","Not Applicable","South Of",""
"677876","CR-0000087043","0","0","0","0","21-177-0847","False","False","27","6/26/2021 9:30:00 PM","No Pedestrians Involved","Dry","No Unusual Conditions","Dark - Street Light","Violation Driver 1","No Controls Present/Factor","Clear","Sideswipe","Related","Parked Vehicle","Not Applicable","Not Applicable","North Of",""
"677877","CR-0000087044","0","0","1","0","21-177-0500","False","False","51","6/26/2021 2:00:00 PM","In Road - Includes Shoulder","Dry","No Unusual Conditions","Daylight","Unknown","No Controls Present/Factor","Clear","Vehicle/Pedestrian","Non-Related","Pedestrian","No Direction (Not Walking)","No Direction (Not Walking)","North Of",""
"677878","CR-0000087045","0","0","3","0","21-177-0904","False","False","78","6/26/2021 8:22:00 PM","No Pedestrians Involved","Dry","No Unusual Conditions","Dusk - Dawn","Violation Driver 1","No Controls Present/Factor","Clear","Head On","Non-Related","Parked Vehicle","Not Applicable","Not Applicable","West Of",""
"677879","CR-0000087046","0","0","0","0","21-177-1169","False","False","58","6/29/2021 11:56:00 PM","No Pedestrians Involved","Dry","No Unusual Conditions","Dark - No Street Light","Violation Driver 1","Controls Functioning","Clear","Sideswipe","Non-Related","Parked Vehicle","Not Applicable","Not Applicable","West Of",""
"677880","CR-0000087047","0","0","0","0","21-177-1134","False","False","48","6/26/2021 11:25:00 PM","No Pedestrians Involved","Dry","No Unusual Conditions","Dark - Street Light","Violation Driver 1","Controls Functioning","Clear","Sideswipe","Related","Parked Vehicle","Not Applicable","Not Applicable","North Of",""
"677881","CR-0000087048","1","0","0","0","21-178-0827","False","False","0","6/27/2021 9:23:00 PM","No Pedestrians Involved","Dry","No Unusual Conditions","Dark - Street Light","Violation Driver 1","No Controls Present/Factor","Clear","Head On","Intersection","Motor Vehicle On Other Roadway","Not Applicable","Not Applicable","At",""
"677882","CR-0000087049","2","0","0","0","21-178-0697","False","False","0","6/27/2021 7:06:00 PM","No Pedestrians Involved","Dry","No Unusual Conditions","Daylight","Violation Driver 1","Controls Functioning","Clear","Broadside","Intersection","Other Vehicle","Not Applicable","Not Applicable","At",""
"677883","CR-0000087050","0","0","0","0","21-178-0812","False","False","0","6/27/2021 9:12:00 PM","No Pedestrians Involved","Dry","No Unusual Conditions","Dark - Street Light","Violation Driver 1","Controls Functioning","Clear","Sideswipe","Intersection","Other Vehicle","Not Applicable","Not Applicable","At",""
"677884","CR-0000087051","1","0","0","0","21-178-0377","False","False","0","6/27/2021 11:26:00 AM","No Pedestrians Involved","Dry","No Unusual Conditions","Daylight","Violation Driver 1","Controls Functioning","Clear","Broadside","Intersection","Other Vehicle","Not Applicable","Not Applicable","At",""
"677885","CR-0000087052","0","0","0","0","21-178-0015","False","False","0","6/27/2021 12:08:00 AM","No Pedestrians Involved","Dry","No Unusual Conditions","Dark - Street Light","Violation Driver 1","No Controls Present/Factor","Clear","Broadside","Intersection","Other Vehicle","Not Applicable","Not Applicable","At",""
"677886","CR-0000087053","1","0","0","0","21-178-0467","False","False","60","6/27/2021 1:39:00 PM","No Pedestrians Involved","Dry","No Unusual Conditions","Daylight","Violation Driver 1","Controls Functioning","Clear","Rear End","Non-Related","Other Vehicle","Not Applicable","Not Applicable","South Of",""
"677887","CR-0000087054","0","0","0","0","21-178-0843","True","False","74","6/27/2021 9:37:00 PM","No Pedestrians Involved","Dry","Construction - Repair Zone","Dark - Street Light","Violation Driver 1","Controls Functioning","Clear","Hit Object","Non-Related","Fixed Object","Not Applicable","Not Applicable","East Of","Street light"
"677888","CR-0000087055","0","1","0","0","21-179-0622","True","False","35","6/28/2021 2:13:00 PM","No Pedestrians Involved","Dry","No Unusual Conditions","Daylight","Other Than Driver","No Controls Present/Factor","Clear","Hit Object","Related","Fixed Object","Not Applicable","Not Applicable","South Of","Streetlight. Driver had a medical condition that led to the crash."
"677889","CR-0000087056","0","1","0","0","21-179-0921","False","False","260","6/28/2021 7:15:00 PM","In Road - Includes Shoulder","Dry","No Unusual Conditions","Daylight","Unknown","No Controls Present/Factor","Clear","Vehicle/Pedestrian","Non-Related","Pedestrian","No Direction (Not Walking)","No Direction (Not Walking)","East Of",""
"677890","CR-0000087057","0","1","0","0","21-179-0599","False","False","51","6/28/2021 2:58:00 PM","No Pedestrians Involved","Dry","No Unusual Conditions","Daylight","Violation Driver 1","Unknown","Clear","Broadside","Non-Related","Other Vehicle","Not Applicable","Not Applicable","South Of",""
"677891","CR-0000087058","2","1","0","0","21-179-1013","False","False","0","6/28/2021 9:19:00 PM","No Pedestrians Involved","Dry","No Unusual Conditions","Dark - Street Light","Unknown","Controls Functioning","Clear","Broadside","Intersection","Other Vehicle","Not Applicable","Not Applicable","At",""
"677892","CR-0000087059","1","0","0","0","21-179-1000","False","False","33","6/28/2021 8:59:00 PM","No Pedestrians Involved","Dry","Unknown","Dark - Street Light","Violation Driver 1","Controls Functioning","Clear","Rear End","Related","Other Vehicle","Not Applicable","Not Applicable","West Of",""