"CrashFactId","Name","MinorInjuries","ModerateInjuries","SevereInjuries","FatalInjuries","TcrNumber","CityDamageFlag","ShortFormFlag","Distance","CrashDateTime","PedestrianAction","RoadwaySurface","RoadwayCondition","Lighting","PrimaryCollisionFactor","TrafficControl","Weather","CollisionType","ProximityToIntersection","VehicleInvolvedWith","PedestrianDirectionFrom","PedestrianDirectionTo","DirectionFromIntersection","Comment"
"678477","CR-0000087661","2","0","0","0","21-228-0563","False","False","21","8/16/2021 1:30:00 PM","No Pedestrians Involved","Dry","No Unusual Conditions","Daylight","Violation Driver 1","Controls Not Functioning","Clear","Rear End","Related","Other Vehicle","Not Applicable","Not Applicable","West Of",""
"678478","CR-0000087662","1","0","0","0","21-228-0734","False","False","0","8/16/2021 4:34:00 PM","No Pedestrians Involved","Dry","No Unusual Conditions","Daylight","Violation Driver 1","Controls Functioning","Clear","Broadside","Intersection","Other Vehicle","Not Applicable","Not Applicable","At",""
"678479","CR-0000087663","0","1","0","0","21-228-0813","False","False","0","8/16/2021 5:55:00 PM","No Pedestrians Involved","Dry","No Unusual Conditions","Daylight","Violation Driver 1","Controls Functioning","Clear","Head On","Intersection","Other Vehicle","Not Applicable","Not Applicable","At",""
"678480","CR-0000087664","0","0","1","0","21-228-0821","False","False","149","8/16/2021 6:07:00 PM","No Pedestrians Involved","Dry","No Unusual Conditions","Daylight","Violation Driver 1","Controls Functioning","Clear","Head On","Non-Related","Parked Vehicle","Not Applicable","Not Applicable","North Of",""
"678481","CR-0000087665","0","0","0","0","21-228-0853","True","False","51","8/16/2021 6:32:00 PM","No Pedestrians Involved","Dry","No Unusual Conditions","Daylight","Unknown","Unknown","Clear","Hit Object","Non-Related","Fixed Object","Not Applicable","Not Applicable","East Of",""
"678482","CR-0000087666","1","1","0","0","21-228-0881","False","False","1250","8/16/2021 6:58:00 PM","No Pedestrians Involved","Dry","No Unusual Conditions","Daylight","Violation Driver 1","Unknown","Clear","Rear End","Non-Related","Other Vehicle","Not Applicable","Not Applicable","West Of",""
"678483","CR-0000087667","2","0","0","0","21-228-0968","False","False","0","8/16/2021 8:20:00 PM","No Pedestrians Involved","Dry","No Unusual Conditions","Daylight","Violation Driver 1","Controls Functioning","Clear","Broadside","Intersection","Other Vehicle","Not Applicable","Not Applicable","At",""
"678484","CR-0000087668","0","0","0","0","21-228-1029","False","False","0","8/16/2021 8:56:00 PM","No Pedestrians Involved","Dry","No Unusual Conditions","Dusk - Dawn","Violation Driver 1","No Controls Present/Factor","Clear","Broadside","Intersection","Other Vehicle","Not Applicable","Not Applicable","At",""
"678485","CR-0000087669","3","0","0","0","21-202-0606","False","False","150","7/21/2021 3:16:00 PM","No Pedestrians Involved","Dry","No Unusual Conditions","Daylight","Violation Driver 1","Controls Functioning","Clear","Sideswipe","Non-Related","Other Vehicle","Not Applicable","Not Applicable","West Of",""
"678486","CR-0000087670","2","0","0","0","21-202-0384","False","False","194","7/21/2021 11:25:00 AM","No Pedestrians Involved","Dry","No Unusual Conditions","Daylight","Violation Driver 1","No Controls Present/Factor","Clear","Broadside","Non-Related","Other Vehicle","Not Applicable","Not Applicable","South Of",""
"678487","CR-0000087689","0","2","0","0","21-221-0024","True","False","141","8/9/2021 12:32:00 AM","No Pedestrians Involved","Dry","No Unusual Conditions","Dark - Street Light","Violation Driver 1","Controls Functioning","Clear","Head On","Non-Related","Fixed Object","Not Applicable","Not Applicable","North Of","Tree"
"678488","CR-0000087676","0","2","0","0","21-201-0162","False","False","0","7/20/2021 7:17:00 AM","No Pedestrians Involved","Dry","No Unusual Conditions","Daylight","Violation Driver 1","Controls Functioning","Clear","Sideswipe","Intersection","Other Vehicle","Not Applicable","Not Applicable","At",""
"678489","CR-0000087699","0","0","0","0","21-222-0649","False","True","","8/10/2021 3:30:00 PM","No Pedestrians Involved","Dry","No Unusual Conditions","Daylight","Violation Driver 1","Controls Functioning","Clear","Rear End","Non-Related","Other Vehicle","Not Applicable","Not Applicable","North Of",""
"678490","CR-0000087720","1","1","0","0","21-214-0196","True","False","0","8/2/2021 7:30:00 AM","No Pedestrians Involved","Dry","No Unusual Conditions","Daylight","Violation Driver 1","Controls Functioning","Clear","Other","Intersection","Other Vehicle","Not Applicable","Not Applicable","At","City Vehicle Pw"
"678491","CR-0000087691","1","0","2","0","21-221-0203","False","False","0","8/9/2021 7:03:00 AM","No Pedestrians Involved","Dry","No Unusual Conditions","Daylight","Violation Driver 1","No Controls Present/Factor","Clear","Broadside","Intersection","Other Vehicle","Not Applicable","Not Applicable","At",""
"678492","CR-0000087721","0","0","0","0","21-214-0047","False","False","0","8/2/2021 12:56:00 AM","No Pedestrians Involved","Dry","No Unusual Conditions","Dark - Street Light","Violation Driver 1","Controls Functioning","Clear","Sideswipe","Intersection","Other Vehicle","Not Applicable","Not Applicable","At",""
"678493","CR-0000087681","0","0","0","0","21-220-0329","False","False","160","8/8/2021 8:55:00 AM","No Pedestrians Involved","Dry","No Unusual Conditions","Daylight","Violation Driver 1","Controls Functioning","Clear","Hit Object","Non-Related","Fixed Object","Not Applicable","Not Applicable","South Of","2 Signs, tree"
"678494","CR-0000087703","0","0","0","0","21-222-0705","True","False","45","8/10/2021 5:00:00 PM","No Pedestrians Involved","Dry","No Unusual Conditions","Daylight","Violation Driver 1","Controls Functioning","Clear","Hit Object","Related","Fixed Object","Not Applicable","Not Applicable","East Of","Trash can"
"678495","CR-0000087714","1","1","0","0","21-216-0061","False","False","194","8/4/2021 1:44:00 AM","No Pedestrians Involved","Dry","No Unusual Conditions","Dark - Street Light","Violation Driver 1","Controls Functioning","Clear","Rear End","Non-Related","Other Vehicle","Not Applicable","Not Applicable","West Of",""
"678496","CR-0000087726","3","0","0","0","21-213-0438","False","False","0","8/1/2021 1:14:00 PM","No Pedestrians Involved","Dry","No Unusual Conditions","Daylight","Violation Driver 1","Controls Functioning","Clear","Head On","Intersection","Other Vehicle","Not Applicable","Not Applicable","At",""
"678497","CR-0000087735","2","1","0","1","21-262-0869","False","False","","9/19/2021 9:42:00 PM","No Pedestrians Involved","Dry","No Unusual Conditions","Dark - Street Light","Violation Driver 1","Controls Functioning","Clear","Head On","Related","Other Vehicle","Not Applicable","Not Applicable","West Of",""
"678498","CR-0000087677","0","0","0","0","21-203-0312","True","False","20","7/22/2021 10:22:00 AM","No Pedestrians Involved","Dry","No Unusual Conditions","Daylight","Violation Driver 1","No Controls Present/Factor","Clear","Hit Object","Related","Fixed Object","Not Applicable","Not Applicable","South Of","Stop Sign"
"678499","CR-0000087733","1","2","0","0","21-213-0088","False","False","0","8/1/2021 1:30:00 AM","No Pedestrians Involved","Dry","No Unusual Conditions","Dark - Street Light","Violation Driver 1","No Controls Present/Factor","Clear","Head On","Intersection","Other Vehicle","Not Applicable","Not Applicable","At",""
"678500","CR-0000087708","0","0","0","0","21-217-0019","False","False","132","8/5/2021 12:20:00 AM","No Pedestrians Involved","Dry","No Unusual Conditions","Dark - Street Light","Violation Driver 1","No Controls Present/Factor","Clear","Rear End","Non-Related","Parked Vehicle","Not Applicable","Not Applicable","East Of",""
"678501","CR-0000087719","1","1","0","0","21-214-0722","False","False","0","8/2/2021 4:49:00 PM","No Pedestrians Involved","Dry","No Unusual Conditions","Daylight","Violation Driver 1","No Controls Present/Factor","Clear","Broadside","Intersection","Other Vehicle","Not Applicable","Not Applicable","At",""
"678502","CR-0000087716","0","0","0","0","21-215-0396","True","False","53","8/3/2021 10:21:00 AM","No Pedestrians Involved","Dry","No Unusual Conditions","Daylight","Violation Driver 1","Controls Functioning","Clear","Rear End","Non-Related","Other Vehicle","Not Applicable","Not Applicable","South Of","Guardrail"
"678503","CR-0000087730","0","1","0","0","21-213-0136","False","False","0","8/1/2021 2:30:00 AM","No Pedestrians Involved","Dry","Unknown","Dark - Street Light","Violation Driver 1","Unknown","Clear","Other","Intersection","Other Vehicle","Not Applicable","Not Applicable","At",""
"678504","CR-0000087700","0","0","0","0","21-223-9701","False","True","0","8/10/2021 7:00:00 PM","No Pedestrians Involved","Dry","No Unusual Conditions","Daylight","Violation Driver 1","No Controls Present/Factor","Clear","Rear End","Intersection","Other Vehicle","Not Applicable","Not Applicable","At",""
"678505","CR-0000087712","1","1","0","0","21-216-0246","False","False","51","8/4/2021 9:34:00 AM","No Pedestrians Involved","Dry","No Unusual Conditions","Daylight","Violation Driver 1","No Controls Present/Factor","Clear","Other","Non-Related","Other Vehicle","Not Applicable","Not Applicable","East Of",""
"678506","CR-0000087678","1","0","0","0","21-202-0813","True","False","85","7/21/2021 6:57:00 PM","No Pedestrians Involved","Dry","No Unusual Conditions","Daylight","Violation Driver 1","Controls Functioning","Clear","Hit Object","Non-Related","Fixed Object","Not Applicable","Not Applicable","West Of","Tree"
"678507","CR-0000087685","0","0","1","0","21-221-0736","False","False","48","8/9/2021 4:19:00 PM","Unknown","Dry","No Unusual Conditions","Daylight","Violation Driver 1","No Controls Present/Factor","Clear","Vehicle/Pedestrian","Related","Pedestrian","Unknown","Unknown","North Of","PED"
"678508","CR-0000087732","0","0","0","0","21-213-0097","False","False","75","8/1/2021 1:38:00 AM","No Pedestrians Involved","Dry","No Unusual Conditions","Dark - Street Light","Violation Driver 1","No Controls Present/Factor","Clear","Rear End","Non-Related","Parked Vehicle","Not Applicable","Not Applicable","North Of",""
"678509","CR-0000087702","0","1","0","0","21-222-0613","False","False","270","8/10/2021 3:00:00 PM","No Pedestrians Involved","Dry","No Unusual Conditions","Daylight","Violation Driver 1","No Controls Present/Factor","Clear","Broadside","Non-Related","Unknown","Not Applicable","Not Applicable","North Of",""
"678510","CR-0000087696","2","0","0","0","21-221-0911","False","False","0","8/9/2021 7:15:00 PM","No Pedestrians Involved","Dry","No Unusual Conditions","Daylight","Violation Driver 1","No Controls Present/Factor","Clear","Head On","Intersection","Other Vehicle","Not Applicable","Not Applicable","At",""
"678511","CR-0000087672","0","2","0","0","21-201-0906","True","False","380","7/20/2021 9:45:00 PM","No Pedestrians Involved","Dry","No Unusual Conditions","Dusk - Dawn","Violation Driver 1","No Controls Present/Factor","Clear","Hit Object","Non-Related","Fixed Object","Not Applicable","Not Applicable","North Of","Light Pole Tree"
"678512","CR-0000087727","0","1","0","0","21-213-0418","False","False","0","8/1/2021 12:44:00 PM","No Pedestrians Involved","Dry","No Unusual Conditions","Daylight","Violation Driver 1","Controls Functioning","Clear","Vehicle/Bike","Intersection","Bike","Not Applicable","Not Applicable","At","Bike"
"678513","CR-0000087673","1","0","0","0","21-201-0722","False","False","58","7/20/2021 5:12:00 PM","No Pedestrians Involved","Dry","No Unusual Conditions","Daylight","Violation Driver 1","No Controls Present/Factor","Clear","Sideswipe","Non-Related","Other Vehicle","Not Applicable","Not Applicable","West Of",""
"678514","CR-0000087713","0","0","0","0","21-216-0131","False","False","142","8/4/2021 6:30:00 AM","No Pedestrians Involved","Dry","No Unusual Conditions","Daylight","Violation Driver 1","Controls Functioning","Clear","Rear End","Non-Related","Other Vehicle","Not Applicable","Not Applicable","West Of",""
"678515","CR-0000087718","1","0","1","0","21-214-0756","False","False","0","8/2/2021 5:29:00 PM","No Pedestrians Involved","Dry","No Unusual Conditions","Daylight","Violation Driver 1","Controls Functioning","Clear","Head On","Intersection","Other Vehicle","Not Applicable","Not Applicable","At",""
"678516","CR-0000087725","0","0","0","0","21-213-0710","True","False","0","8/1/2021 7:18:00 PM","No Pedestrians Involved","Dry","No Unusual Conditions","Daylight","Violation Driver 1","Controls Functioning","Clear","Hit Object","Intersection","Fixed Object","Not Applicable","Not Applicable","At","Traffic Signal"
"678517","CR-0000087692","2","0","0","0","21-221-0322","False","False","545","8/9/2021 8:58:00 AM","No Pedestrians Involved","Dry","No Unusual Conditions","Daylight","Violation Driver 1","No Controls Present/Factor","Clear","Other","Non-Related","Other Vehicle","Not Applicable","Not Applicable","North Of",""
"678518","CR-0000087729","0","1","0","0","21-213-0205","False","False","0","8/1/2021 6:34:00 AM","No Pedestrians Involved","Dry","No Unusual Conditions","Daylight","Violation Driver 1","Controls Functioning","Clear","Other","Intersection","Other Vehicle","Not Applicable","Not Applicable","At",""
"678519","CR-0000087710","0","0","0","0","21-216-0938","False","False","58","8/4/2021 10:43:00 PM","No Pedestrians Involved","Dry","No Unusual Conditions","Dark - Street Light","Violation Driver 1","No Controls Present/Factor","Clear","Hit Object","Non-Related","Fixed Object","Not Applicable","Not Applicable","South Of","Fence"
"678520","CR-0000087690","0","0","0","0","21-221-0137","True","False","55","8/9/2021 3:56:00 AM","No Pedestrians Involved","Dry","No Unusual Conditions","Dark - Street Light","Violation Driver 1","Unknown","Clear","Head On","Non-Related","Fixed Object","Not Applicable","Not Applicable","East Of","Streetlight"
"678521","CR-0000087706","0","1","0","0","21-218-0727","False","False","404","8/6/2021 6:32:00 PM","Crossing - Not In Crosswalk","Dry","No Unusual Conditions","Daylight","Pedestrian At Fault","No Controls Present/Factor","Clear","Vehicle/Pedestrian","Non-Related","Pedestrian","West","West","South Of","Scooter/Ped"
"678522","CR-0000087686","0","1","0","0","21-221-0764","False","False","0","8/9/2021 4:55:00 PM","No Pedestrians Involved","Dry","No Unusual Conditions","Daylight","Violation Driver 1","Controls Functioning","Clear","Broadside","Intersection","Other Vehicle","Not Applicable","Not Applicable","At",""
"678523","CR-0000087682","1","0","0","0","21-221-0425","False","False","77","8/9/2021 10:41:00 AM","No Pedestrians Involved","Dry","No Unusual Conditions","Daylight","Violation Driver 1","Controls Functioning","Clear","Sideswipe","Non-Related","Other Vehicle","Not Applicable","Not Applicable","At",""
"678524","CR-0000087687","2","0","0","0","21-221-0826","False","False","202","8/9/2021 5:38:00 PM","No Pedestrians Involved","Dry","No Unusual Conditions","Daylight","Violation Driver 1","No Controls Present/Factor","Clear","Rear End","Non-Related","Other Vehicle","Not Applicable","Not Applicable","West Of",""
"678525","CR-0000087694","0","0","0","0","21-221-0548","False","False","165","8/9/2021 12:49:00 PM","No Pedestrians Involved","Dry","No Unusual Conditions","Daylight","Violation Driver 1","No Controls Present/Factor","Clear","Sideswipe","Non-Related","Parked Vehicle","Not Applicable","Not Applicable","North Of",""
"678526","CR-0000087695","4","0","0","0","21-221-0745","False","False","280","8/9/2021 4:34:00 PM","No Pedestrians Involved","Dry","No Unusual Conditions","Daylight","Violation Driver 1","No Controls Present/Factor","Clear","Sideswipe","Non-Related","Other Vehicle","Not Applicable","Not Applicable","South Of",""
"678527","CR-0000087671","1","0","0","0","21-202-0133","False","False","0","7/21/2021 6:15:00 AM","No Pedestrians Involved","Dry","No Unusual Conditions","Dusk - Dawn","Violation Driver 1","Controls Functioning","Clear","Head On","Intersection","Other Vehicle","Not Applicable","Not Applicable","At",""
"678528","CR-0000087697","0","0","0","0","21-221-0927","False","False","","8/9/2021 7:28:00 PM","No Pedestrians Involved","Dry","No Unusual Conditions","Daylight","Violation Driver 1","No Controls Present/Factor","Clear","Broadside","Non-Related","Parked Vehicle","Not Applicable","Not Applicable","North Of",""
"678529","CR-0000087698","4","0","0","0","21-222-0575","False","False","30","8/10/2021 2:11:00 PM","No Pedestrians Involved","Dry","No Unusual Conditions","Daylight","Violation Driver 1","Controls Functioning","Clear","Rear End","Related","Other Vehicle","Not Applicable","Not Applicable","North Of",""
"678530","CR-0000087679","0","1","0","0","21-202-0695","False","False","18","7/21/2021 4:58:00 PM","No Pedestrians Involved","Dry","No Unusual Conditions","Daylight","Violation Driver 1","No Controls Present/Factor","Clear","Head On","Related","Bike","Not Applicable","Not Applicable","East Of","Bike"
"678531","CR-0000087684","1","0","0","0","21-221-0650","False","False","0","8/9/2021 2:38:00 PM","No Pedestrians Involved","Dry","No Unusual Conditions","Daylight","Violation Driver 1","Controls Functioning","Clear","Broadside","Intersection","Other Vehicle","Not Applicable","Not Applicable","At",""
"678532","CR-0000087701","1","0","0","0","21-222-0552","False","False","560","8/10/2021 2:42:00 PM","No Pedestrians Involved","Dry","No Unusual Conditions","Daylight","Unknown","Controls Functioning","Clear","Other","Non-Related","Other Vehicle","Not Applicable","Not Applicable","East Of",""
"678533","CR-0000087731","0","0","0","0","21-213-0111","False","False","35","8/1/2021 1:50:00 AM","No Pedestrians Involved","Dry","No Unusual Conditions","Dark - Street Light","Violation Driver 1","Controls Functioning","Clear","Hit Object","Related","Fixed Object","Not Applicable","Not Applicable","South Of","curb"
"678534","CR-0000087722","0","0","0","0","21-214-0043","True","False","96","8/2/2021 12:45:00 AM","No Pedestrians Involved","Dry","Unknown","Dark - Street Light","Violation Driver 1","No Controls Present/Factor","Clear","Hit Object","Non-Related","Fixed Object","Not Applicable","Not Applicable","North Of","Street Light"
"678535","CR-0000087688","0","1","0","0","21-221-0936","False","False","0","8/9/2021 7:36:00 PM","No Pedestrians Involved","Dry","No Unusual Conditions","Daylight","Violation Driver 1","Controls Functioning","Clear","Rear End","Intersection","Other Vehicle","Not Applicable","Not Applicable","At",""
"678536","CR-0000087693","1","0","0","0","21-221-0492","False","False","42","8/9/2021 11:46:00 AM","No Pedestrians Involved","Dry","Unknown","Daylight","Violation Driver 1","Controls Functioning","Clear","Sideswipe","Related","Other Vehicle","Not Applicable","Not Applicable","West Of",""
"678537","CR-0000087707","0","0","0","0","21-217-1023","False","False","318","8/5/2021 11:06:00 PM","No Pedestrians Involved","Dry","No Unusual Conditions","Dark - Street Light","Violation Driver 1","No Controls Present/Factor","Clear","Overturned","Non-Related","Parked Vehicle","Not Applicable","Not Applicable","South Of",""
"678538","CR-0000087674","1","0","0","0","21-201-0523","False","False","18","7/20/2021 1:47:00 PM","No Pedestrians Involved","Dry","No Unusual Conditions","Daylight","Violation Driver 1","Controls Functioning","Clear","Rear End","Related","Other Vehicle","Not Applicable","Not Applicable","North Of",""
"678539","CR-0000087675","1","1","0","0","21-201-0471","False","False","0","7/20/2021 12:34:00 PM","No Pedestrians Involved","Dry","No Unusual Conditions","Daylight","Violation Driver 1","Controls Functioning","Clear","Broadside","Intersection","Other Vehicle","Not Applicable","Not Applicable","At",""
"678540","CR-0000087705","1","2","0","0","21-222-1027","False","False","0","8/10/2021 11:58:00 PM","No Pedestrians Involved","Dry","No Unusual Conditions","Dark - Street Light","Violation Driver 1","Controls Functioning","Clear","Broadside","Intersection","Other Vehicle","Not Applicable","Not Applicable","At",""
"678541","CR-0000087728","0","1","0","0","21-213-0222","False","False","255","8/1/2021 7:29:00 AM","No Pedestrians Involved","Dry","No Unusual Conditions","Daylight","Violation Driver 1","No Controls Present/Factor","Clear","Overturned","Non-Related","Parked Vehicle","Not Applicable","Not Applicable","East Of",""
"678542","CR-0000087709","0","0","1","0","21-217-0951","False","False","140","8/5/2021 9:27:00 PM","Crossing - Not In Crosswalk","Dry","No Unusual Conditions","Dark - Street Light","Violation Driver 1","Controls Functioning","Clear","Vehicle/Pedestrian","Non-Related","Pedestrian","West","West","South Of","Ped"
"678543","CR-0000087680","1","0","0","0","21-202-0671","False","False","420","7/21/2021 4:29:00 PM","No Pedestrians Involved","Dry","No Unusual Conditions","Daylight","Violation Driver 1","Controls Functioning","Clear","Rear End","Non-Related","Other Vehicle","Not Applicable","Not Applicable","North Of",""
"678544","CR-0000087717","2","1","0","0","21-215-0124","False","False","0","8/3/2021 4:28:00 AM","No Pedestrians Involved","Dry","No Unusual Conditions","Dark - Street Light","Violation Driver 1","Controls Functioning","Clear","Broadside","Intersection","Other Vehicle","Not Applicable","Not Applicable","At",""
"678545","CR-0000087715","0","0","0","0","21-217-9706","False","True","0","8/3/2021 9:30:00 PM","No Pedestrians Involved","Unknown","Unknown","Unknown","Unknown","Unknown","Unknown","Broadside","Intersection","Other Vehicle","Not Applicable","Not Applicable","At",""
"678546","CR-0000087711","1","0","0","0","21-216-0417","False","False","0","8/4/2021 12:33:00 PM","No Pedestrians Involved","Dry","No Unusual Conditions","Daylight","Violation Driver 1","No Controls Present/Factor","Clear","Rear End","Intersection","Other Vehicle","Not Applicable","Not Applicable","At",""
"678547","CR-0000087683","2","0","0","0","21-221-0520","False","False","0","8/9/2021 12:23:00 PM","No Pedestrians Involved","Dry","No Unusual Conditions","Daylight","Violation Driver 1","No Controls Present/Factor","Clear","Broadside","Intersection","Other Vehicle","Not Applicable","Not Applicable","At",""
"678548","CR-0000087734","0","0","0","1","21-253-0234","False","False","415","9/10/2021 8:22:00 AM","No Pedestrians Involved","Dry","No Unusual Conditions","Daylight","Violation Driver 1","No Controls Present/Factor","Clear","Sideswipe","Non-Related","Motorcycle","Not Applicable","Not Applicable","South Of",""
"678549","CR-0000087704","0","0","0","0","21-222-0820","False","False","","8/10/2021 6:58:00 PM","No Pedestrians Involved","Dry","No Unusual Conditions","Daylight","Violation Driver 1","Controls Functioning","Clear","Rear End","Non-Related","Other Vehicle","Not Applicable","Not Applicable","North Of",""
"678550","CR-0000087736","0","1","0","0","21-168-0994","False","False","","6/17/2021 9:10:00 PM","Crossing - Not In Crosswalk","Dry","No Unusual Conditions","Dark - Street Light","Pedestrian At Fault","No Controls Present/Factor","Clear","Vehicle/Pedestrian","Related","Pedestrian","West","East","South Of",""
"678551","CR-0000087737","0","0","1","0","21-204-0611","True","False","1020","7/23/2021 4:30:00 PM","No Pedestrians Involved","Dry","No Unusual Conditions","Daylight","Violation Driver 1","No Controls Present/Factor","Clear","Hit Object","Non-Related","Fixed Object","Not Applicable","Not Applicable","West Of","Tree, curb"
"678552","CR-0000087738","0","0","0","0","21-188-4001","False","True","51","7/7/2021 4:30:00 PM","No Pedestrians Involved","Unknown","Unknown","Daylight","Unknown","Unknown","Unknown","Sideswipe","Non-Related","Other Vehicle","Not Applicable","Not Applicable","South Of",""
"678553","CR-0000087739","0","0","0","0","21-189-4003","False","True","","7/8/2021 3:40:00 PM","No Pedestrians Involved","Unknown","Unknown","Daylight","Unknown","Unknown","Unknown","Other","Related","Parked Vehicle","Not Applicable","Not Applicable","West Of",""
"678554","CR-0000087740","0","0","0","0","21-189-4001","False","True","51","7/8/2021 3:00:00 PM","No Pedestrians Involved","Unknown","Unknown","Daylight","Unknown","Unknown","Unknown","Hit Object","Non-Related","Other Object","Not Applicable","Not Applicable","South Of","Trash cans"
"678555","CR-0000087741","0","0","0","0","21-189-4000","False","True","","7/8/2021 8:50:00 AM","No Pedestrians Involved","Unknown","Unknown","Daylight","Unknown","Unknown","Unknown","Rear End","Related","Other Vehicle","Not Applicable","Not Applicable","South Of",""
"678556","CR-0000087742","1","0","0","0","21-252-9707","False","False","51","3/23/2021 2:45:00 PM","No Pedestrians Involved","Dry","No Unusual Conditions","Daylight","Unknown","Controls Functioning","Clear","Rear End","Non-Related","Other Vehicle","Not Applicable","Not Applicable","East Of",""
"678557","CR-0000087743","1","0","0","0","21-238-9707","False","False","51","7/13/2021 4:50:00 PM","No Pedestrians Involved","Dry","No Unusual Conditions","Daylight","Unknown","Controls Functioning","Clear","Other","Non-Related","Other Vehicle","Not Applicable","Not Applicable","North Of",""
"678558","CR-0000087744","0","0","0","0","21-232-9703","False","True","0","7/15/2021 9:15:00 PM","No Pedestrians Involved","Dry","No Unusual Conditions","Unknown","Unknown","Unknown","Clear","Sideswipe","Intersection","Other Vehicle","Not Applicable","Not Applicable","At",""
"678559","CR-0000087745","0","0","0","0","21-231-9710","False","True","51","8/1/2021 9:00:00 PM","No Pedestrians Involved","Dry","No Unusual Conditions","Dark - Street Light","Unknown","No Controls Present/Factor","Clear","Broadside","Non-Related","Other Vehicle","Not Applicable","Not Applicable","South Of",""
"678560","CR-0000087746","0","0","0","0","21-222-9708","False","True","51","8/9/2021 2:00:00 PM","No Pedestrians Involved","Dry","Loose Material On Roadway","Daylight","Unknown","Controls Functioning","Clear","Other","Non-Related","Parked Vehicle","Not Applicable","Not Applicable","South Of",""
"678561","CR-0000087747","0","0","0","0","21-225-9705","False","True","51","8/11/2021 8:00:00 AM","No Pedestrians Involved","Dry","No Unusual Conditions","Unknown","Unknown","No Controls Present/Factor","Clear","Sideswipe","Non-Related","Parked Vehicle","Not Applicable","Not Applicable","North Of",""
"678562","CR-0000087748","0","0","0","0","21-230-9712","False","True","0","8/12/2021 5:00:00 PM","No Pedestrians Involved","Dry","No Unusual Conditions","Daylight","Unknown","Controls Functioning","Clear","Broadside","Intersection","Other Vehicle","Not Applicable","Not Applicable","At",""
"678563","CR-0000087749","0","0","0","0","21-229-9703","False","True","0","8/15/2021 5:30:00 AM","No Pedestrians Involved","Dry","No Unusual Conditions","Daylight","Unknown","Controls Functioning","Clear","Broadside","Intersection","Other Vehicle","Not Applicable","Not Applicable","At",""
"678564","CR-0000087750","0","0","0","0","21-227-9705","False","True","51","8/15/2021 2:03:00 PM","No Pedestrians Involved","Dry","No Unusual Conditions","Daylight","Unknown","Controls Functioning","Clear","Rear End","Non-Related","Other Vehicle","Not Applicable","Not Applicable","North Of",""
"678565","CR-0000087751","0","0","0","0","21-229-9702","False","True","0","8/15/2021 5:00:00 PM","No Pedestrians Involved","Dry","No Unusual Conditions","Daylight","Unknown","Controls Functioning","Clear","Sideswipe","Intersection","Motor Vehicle On Other Roadway","Not Applicable","Not Applicable","At",""
"678566","CR-0000087752","0","0","0","0","21-231-9705","False","True","","8/16/2021 6:00:00 PM","No Pedestrians Involved","Dry","No Unusual Conditions","Daylight","Unknown","Unknown","Clear","Sideswipe","Related","Other Vehicle","Not Applicable","Not Applicable","North Of",""
"678567","CR-0000087753","0","0","0","0","21-228-1026","False","True","0","8/16/2021 9:37:00 PM","No Pedestrians Involved","Dry","No Unusual Conditions","Dark - Street Light","Violation Driver 1","Controls Functioning","Clear","Rear End","Intersection","Other Vehicle","Not Applicable","Not Applicable","At",""
"678568","CR-0000087754","0","0","0","0","21-258-9710","False","True","51","6/21/2021 6:00:00 AM","No Pedestrians Involved","Dry","No Unusual Conditions","Daylight","Unknown","No Controls Present/Factor","Clear","Rear End","Non-Related","Parked Vehicle","Not Applicable","Not Applicable","East Of",""
"678569","CR-0000087755","0","0","0","0","21-257-9708","False","True","51","8/30/2021 12:55:00 PM","No Pedestrians Involved","Dry","No Unusual Conditions","Daylight","Unknown","Controls Functioning","Clear","Rear End","Non-Related","Other Vehicle","Not Applicable","Not Applicable","West Of",""
"678570","CR-0000087756","0","0","0","0","21-241-0091","False","False","260","8/29/2021 1:30:00 AM","No Pedestrians Involved","Dry","No Unusual Conditions","Dark - Street Light","Violation Driver 1","No Controls Present/Factor","Clear","Sideswipe","Non-Related","Other Vehicle","Not Applicable","Not Applicable","South Of",""
"678571","CR-0000087757","0","0","0","0","21-241-0024","False","False","0","8/29/2021 2:00:00 AM","No Pedestrians Involved","Dry","No Unusual Conditions","Dark - Street Light","Other Improper Driving","Controls Functioning","Clear","Broadside","Intersection","Motor Vehicle On Other Roadway","Not Applicable","Not Applicable","At",""
"678572","CR-0000087758","0","0","0","0","21-233-0027","True","False","0","8/21/2021 12:31:00 AM","No Pedestrians Involved","Dry","No Unusual Conditions","Dark - Street Light","Violation Driver 1","Controls Functioning","Clear","Hit Object","Intersection","Fixed Object","Not Applicable","Not Applicable","At","Light pole, signage"
"678573","CR-0000087759","0","0","0","0","21-233-0039","True","False","40","8/21/2021 12:25:00 AM","No Pedestrians Involved","Dry","No Unusual Conditions","Dark - Street Light","Violation Driver 1","No Controls Present/Factor","Clear","Hit Object","Related","Fixed Object","Not Applicable","Not Applicable","North Of","Signage"
"678574","CR-0000087760","1","0","0","0","21-233-0340","False","False","148","8/21/2021 10:21:00 AM","No Pedestrians Involved","Dry","No Unusual Conditions","Daylight","Violation Driver 1","No Controls Present/Factor","Clear","Rear End","Non-Related","Parked Vehicle","Not Applicable","Not Applicable","South Of",""