"CrashFactId","Name","MinorInjuries","ModerateInjuries","SevereInjuries","FatalInjuries","TcrNumber","CityDamageFlag","ShortFormFlag","Distance","CrashDateTime","PedestrianAction","RoadwaySurface","RoadwayCondition","Lighting","PrimaryCollisionFactor","TrafficControl","Weather","CollisionType","ProximityToIntersection","VehicleInvolvedWith","PedestrianDirectionFrom","PedestrianDirectionTo","DirectionFromIntersection","Comment"
"678575","CR-0000087761","1","0","0","0","21-233-1114","False","False","600","8/21/2021 11:50:00 PM","No Pedestrians Involved","Dry","No Unusual Conditions","Dark - No Street Light","Violation Driver 1","Controls Functioning","Clear","Hit Object","Non-Related","Fixed Object","Not Applicable","Not Applicable","South Of","PG&E pole"
"678576","CR-0000087762","1","0","0","0","21-233-0574","False","False","0","8/21/2021 3:24:00 PM","No Pedestrians Involved","Dry","No Unusual Conditions","Daylight","Violation Driver 1","No Controls Present/Factor","Clear","Broadside","Intersection","Other Vehicle","Not Applicable","Not Applicable","At",""
"678577","CR-0000087763","0","0","0","0","21-217-0014","False","False","0","8/5/2021 12:13:00 AM","No Pedestrians Involved","Dry","No Unusual Conditions","Dark - Street Light","Unknown","No Controls Present/Factor","Clear","Rear End","Intersection","Other Vehicle","Not Applicable","Not Applicable","At",""
"678578","CR-0000087764","1","0","0","0","21-230-0307","False","False","45","8/18/2021 11:07:00 AM","No Pedestrians Involved","Dry","No Unusual Conditions","Daylight","Violation Driver 1","Controls Functioning","Clear","Rear End","Related","Other Vehicle","Not Applicable","Not Applicable","North Of",""
"678579","CR-0000087765","2","0","0","0","21-236-0086","False","False","0","8/24/2021 4:54:00 AM","No Pedestrians Involved","Dry","No Unusual Conditions","Dark - Street Light","Violation Driver 1","Controls Functioning","Clear","Head On","Intersection","Other Vehicle","Not Applicable","Not Applicable","At",""
"678580","CR-0000087766","1","0","0","0","21-236-0135","False","False","1022","8/24/2021 7:50:00 AM","No Pedestrians Involved","Dry","No Unusual Conditions","Daylight","Violation Driver 1","No Controls Present/Factor","Clear","Hit Object","Non-Related","Fixed Object","Not Applicable","Not Applicable","East Of","Railroad crossing arm"
"678581","CR-0000087767","4","0","0","0","21-236-0242","False","False","85","8/24/2021 10:27:00 AM","No Pedestrians Involved","Dry","No Unusual Conditions","Daylight","Violation Driver 1","Controls Functioning","Clear","Rear End","Non-Related","Other Vehicle","Not Applicable","Not Applicable","North Of",""
"678582","CR-0000087768","1","0","0","0","21-236-0388","False","False","0","8/24/2021 11:21:00 AM","No Pedestrians Involved","Dry","No Unusual Conditions","Daylight","Violation Driver 1","Controls Functioning","Clear","Broadside","Intersection","Other Vehicle","Not Applicable","Not Applicable","At",""
"678583","CR-0000087769","0","1","0","0","21-236-0288","False","False","0","8/24/2021 11:25:00 AM","No Pedestrians Involved","Dry","No Unusual Conditions","Daylight","Bike At Fault","Controls Functioning","Clear","Vehicle/Bike","Intersection","Bike","Not Applicable","Not Applicable","At",""
"678584","CR-0000087770","0","0","0","0","21-236-0460","False","False","","8/24/2021 2:45:00 PM","No Pedestrians Involved","Dry","No Unusual Conditions","Daylight","Violation Driver 1","Controls Functioning","Clear","Rear End","Related","Other Vehicle","Not Applicable","Not Applicable","East Of",""
"678585","CR-0000087771","1","0","0","0","21-236-0402","False","False","62","8/24/2021 3:09:00 PM","No Pedestrians Involved","Dry","No Unusual Conditions","Daylight","Violation Driver 1","No Controls Present/Factor","Clear","Sideswipe","Non-Related","Other Vehicle","Not Applicable","Not Applicable","West Of",""
"678586","CR-0000087772","2","0","0","0","21-236-0565","False","False","0","8/24/2021 4:53:00 PM","No Pedestrians Involved","Dry","No Unusual Conditions","Daylight","Violation Driver 1","Controls Functioning","Clear","Head On","Intersection","Other Vehicle","Not Applicable","Not Applicable","At",""
"678587","CR-0000087773","0","0","0","0","21-236-0762","False","False","0","8/24/2021 9:00:00 PM","No Pedestrians Involved","Dry","No Unusual Conditions","Dark - Street Light","Violation Driver 1","Controls Functioning","Clear","Broadside","Intersection","Other Vehicle","Not Applicable","Not Applicable","At",""
"678588","CR-0000087774","3","0","0","0","21-236-0892","False","False","0","8/24/2021 11:35:00 PM","No Pedestrians Involved","Dry","No Unusual Conditions","Dark - Street Light","Violation Driver 1","Controls Functioning","Clear","Rear End","Intersection","Other Vehicle","Not Applicable","Not Applicable","At",""
"678589","CR-0000087775","2","1","0","0","21-236-0197","True","False","0","8/24/2021 9:27:00 AM","No Pedestrians Involved","Dry","No Unusual Conditions","Daylight","Violation Driver 1","Controls Functioning","Clear","Head On","Intersection","Other Vehicle","Not Applicable","Not Applicable","At","Electrical utility box"
"678590","CR-0000087776","0","1","0","0","21-237-0151","False","False","293","8/25/2021 7:55:00 AM","No Pedestrians Involved","Unknown","No Unusual Conditions","Daylight","Violation Driver 1","No Controls Present/Factor","Clear","Vehicle/Bike","Non-Related","Bike","Not Applicable","Not Applicable","East Of","Door opened and knocked the bicyclist"
"678591","CR-0000087777","0","0","0","0","21-237-0494","False","False","51","8/25/2021 1:43:00 PM","No Pedestrians Involved","Dry","No Unusual Conditions","Daylight","Violation Driver 1","No Controls Present/Factor","Clear","Other","Non-Related","Animal","Not Applicable","Not Applicable","South Of",""
"678592","CR-0000087778","1","0","0","0","21-237-0519","False","False","0","8/25/2021 1:58:00 PM","No Pedestrians Involved","Dry","No Unusual Conditions","Daylight","Bike At Fault","Controls Functioning","Clear","Vehicle/Bike","Intersection","Bike","Not Applicable","Not Applicable","At",""
"678593","CR-0000087779","0","0","0","0","21-237-0595","False","False","25","8/25/2021 3:10:00 PM","No Pedestrians Involved","Dry","No Unusual Conditions","Daylight","Violation Driver 1","No Controls Present/Factor","Clear","Rear End","Related","Other Vehicle","Not Applicable","Not Applicable","South Of",""
"678594","CR-0000087780","1","0","0","0","21-237-0673","False","False","40","8/25/2021 4:46:00 PM","No Pedestrians Involved","Dry","No Unusual Conditions","Daylight","Violation Driver 1","Controls Functioning","Clear","Rear End","Related","Parked Vehicle","Not Applicable","Not Applicable","South Of",""
"678595","CR-0000087781","0","0","0","0","21-240-9708","False","True","0","8/25/2021 7:00:00 AM","No Pedestrians Involved","Dry","No Unusual Conditions","Daylight","Unknown","No Controls Present/Factor","Clear","Rear End","Intersection","Other Vehicle","Not Applicable","Not Applicable","At",""
"678596","CR-0000087782","0","1","0","0","21-238-0130","True","False","365","8/26/2021 6:04:00 AM","No Pedestrians Involved","Dry","No Unusual Conditions","Dark - Street Light","Violation Driver 1","No Controls Present/Factor","Clear","Hit Object","Non-Related","Fixed Object","Not Applicable","Not Applicable","North Of","Curb"
"678597","CR-0000087783","0","0","0","0","21-238-0213","False","False","125","8/26/2021 8:09:00 AM","No Pedestrians Involved","Dry","No Unusual Conditions","Daylight","Violation Driver 1","Controls Functioning","Clear","Head On","Non-Related","Motor Vehicle On Other Roadway","Not Applicable","Not Applicable","West Of",""
"678598","CR-0000087784","0","2","0","0","21-238-0528","False","False","111","8/26/2021 1:15:00 PM","No Pedestrians Involved","Dry","No Unusual Conditions","Daylight","Violation Driver 1","No Controls Present/Factor","Clear","Vehicle/Bike","Non-Related","Bike","Not Applicable","Not Applicable","East Of",""
"678599","CR-0000087785","1","0","0","0","21-238-0622","False","False","0","8/26/2021 3:13:00 PM","No Pedestrians Involved","Dry","No Unusual Conditions","Daylight","Violation Driver 1","Controls Functioning","Clear","Head On","Intersection","Other Vehicle","Not Applicable","Not Applicable","At",""
"678600","CR-0000087786","0","0","0","0","21-238-0741","False","False","330","8/26/2021 5:10:00 PM","No Pedestrians Involved","Dry","No Unusual Conditions","Daylight","Violation Driver 1","No Controls Present/Factor","Clear","Sideswipe","Non-Related","Parked Vehicle","Not Applicable","Not Applicable","South Of",""
"678601","CR-0000087787","0","0","0","0","21-238-0808","False","False","0","8/26/2021 6:07:00 PM","No Pedestrians Involved","Dry","No Unusual Conditions","Daylight","Violation Driver 1","Controls Functioning","Clear","Broadside","Intersection","Other Vehicle","Not Applicable","Not Applicable","At",""
"678602","CR-0000087788","1","0","0","0","21-238-0954","False","False","79","8/26/2021 9:25:00 PM","No Pedestrians Involved","Dry","No Unusual Conditions","Dark - Street Light","Violation Driver 1","Controls Functioning","Clear","Rear End","Non-Related","Other Vehicle","Not Applicable","Not Applicable","West Of",""
"678603","CR-0000087789","1","0","0","0","21-238-0962","False","False","0","8/26/2021 9:45:00 PM","No Pedestrians Involved","Dry","No Unusual Conditions","Dark - Street Light","Unknown","Controls Functioning","Clear","Vehicle/Bike","Intersection","Bike","Not Applicable","Not Applicable","At",""
"678604","CR-0000087790","0","0","0","0","21-238-0956","False","False","290","8/26/2021 10:37:00 PM","No Pedestrians Involved","Dry","No Unusual Conditions","Dark - Street Light","Violation Driver 1","Unknown","Clear","Broadside","Non-Related","Parked Vehicle","Not Applicable","Not Applicable","South Of",""
"678605","CR-0000087791","0","0","0","0","21-243-9706","False","True","51","8/26/2021 9:00:00 PM","No Pedestrians Involved","Dry","No Unusual Conditions","Dark - Street Light","Unknown","Unknown","Clear","Sideswipe","Non-Related","Other Vehicle","Not Applicable","Not Applicable","South Of",""
"678606","CR-0000087792","0","2","0","0","21-240-0264","True","False","138","8/28/2021 9:20:00 AM","No Pedestrians Involved","Dry","No Unusual Conditions","Daylight","Violation Driver 1","Controls Functioning","Clear","Hit Object","Non-Related","Fixed Object","Not Applicable","Not Applicable","North Of","Light pole"
"678607","CR-0000087793","0","0","0","0","21-240-0780","True","False","51","8/28/2021 6:48:00 PM","No Pedestrians Involved","Dry","No Unusual Conditions","Daylight","Violation Driver 1","No Controls Present/Factor","Clear","Broadside","Non-Related","Other Vehicle","Not Applicable","Not Applicable","North Of","street sign"
"678608","CR-0000087794","1","0","0","0","21-242-0074","False","False","75","8/30/2021 1:22:00 AM","No Pedestrians Involved","Dry","No Unusual Conditions","Dark - Street Light","Violation Driver 1","Controls Functioning","Clear","Rear End","Non-Related","Parked Vehicle","Not Applicable","Not Applicable","South Of",""
"678609","CR-0000087795","0","0","0","0","21-242-0020","True","False","325","8/30/2021 12:20:00 AM","No Pedestrians Involved","Dry","No Unusual Conditions","Dark - Street Light","Violation Driver 1","No Controls Present/Factor","Clear","Hit Object","Non-Related","Fixed Object","Not Applicable","Not Applicable","East Of","Tree"
"678610","CR-0000087796","1","1","0","0","21-242-0177","False","False","0","8/30/2021 6:54:00 AM","Crossing In Crosswalk - At Intersection","Dry","No Unusual Conditions","Daylight","Violation Driver 1","Controls Functioning","Clear","Vehicle/Pedestrian","Intersection","Pedestrian","East","West","At",""
"678611","CR-0000087797","0","0","0","0","21-242-0174","False","False","0","8/30/2021 6:42:00 AM","No Pedestrians Involved","Dry","No Unusual Conditions","Daylight","Violation Driver 1","Controls Functioning","Clear","Sideswipe","Intersection","Parked Vehicle","Not Applicable","Not Applicable","At",""
"678612","CR-0000087798","0","0","0","0","21-242-0352","False","False","90","8/30/2021 9:00:00 AM","No Pedestrians Involved","Dry","No Unusual Conditions","Daylight","Violation Driver 1","No Controls Present/Factor","Clear","Rear End","Non-Related","Parked Vehicle","Not Applicable","Not Applicable","North Of",""
"678613","CR-0000087799","0","0","0","0","21-242-0397","False","False","0","8/30/2021 9:59:00 AM","No Pedestrians Involved","Dry","No Unusual Conditions","Daylight","Violation Driver 1","Controls Functioning","Clear","Sideswipe","Intersection","Other Vehicle","Not Applicable","Not Applicable","At",""
"678614","CR-0000087800","0","0","0","0","21-242-0492","True","False","19","8/30/2021 11:30:00 AM","No Pedestrians Involved","Dry","No Unusual Conditions","Daylight","Violation Driver 1","Controls Functioning","Clear","Hit Object","Related","Fixed Object","Not Applicable","Not Applicable","East Of","Light pole"
"678615","CR-0000087801","0","0","0","0","21-242-9708","False","True","51","8/30/2021 8:00:00 AM","No Pedestrians Involved","Dry","No Unusual Conditions","Daylight","Unknown","Unknown","Clear","Sideswipe","Non-Related","Parked Vehicle","Not Applicable","Not Applicable","West Of",""
"678616","CR-0000087802","2","0","0","0","21-243-0180","False","False","190","8/31/2021 7:21:00 AM","No Pedestrians Involved","Dry","No Unusual Conditions","Daylight","Violation Driver 1","Controls Functioning","Clear","Rear End","Non-Related","Other Vehicle","Not Applicable","Not Applicable","South Of",""
"678617","CR-0000087803","1","1","0","0","21-243-0357","False","False","0","8/31/2021 9:53:00 AM","No Pedestrians Involved","Dry","No Unusual Conditions","Daylight","Unknown","Controls Functioning","Clear","Broadside","Intersection","Other Vehicle","Not Applicable","Not Applicable","At",""
"678618","CR-0000087804","0","0","0","0","21-243-0363","False","False","39","8/31/2021 9:55:00 AM","No Pedestrians Involved","Unknown","Unknown","Daylight","Violation Driver 1","Unknown","Unknown","Rear End","Related","Other Vehicle","Not Applicable","Not Applicable","North Of",""
"678619","CR-0000087805","1","0","0","0","21-243-0658","False","False","0","8/31/2021 2:12:00 PM","Crossing In Crosswalk - At Intersection","Dry","No Unusual Conditions","Daylight","Violation Driver 1","Controls Functioning","Clear","Vehicle/Pedestrian","Intersection","Pedestrian","North","South","At",""
"678620","CR-0000087806","0","0","0","0","21-243-1120","False","False","0","8/31/2021 10:31:00 PM","No Pedestrians Involved","Dry","No Unusual Conditions","Dark - Street Light","Violation Driver 1","Controls Functioning","Clear","Broadside","Intersection","Other Vehicle","Not Applicable","Not Applicable","At",""
"678621","CR-0000087807","0","0","0","0","21-243-1138","False","False","49","8/31/2021 10:46:00 PM","No Pedestrians Involved","Dry","No Unusual Conditions","Dark - No Street Light","Violation Driver 1","No Controls Present/Factor","Clear","Broadside","Related","Other Vehicle","Not Applicable","Not Applicable","North Of",""
"678622","CR-0000087808","0","0","0","0","21-253-4003","False","True","","8/31/2021 8:02:00 AM","No Pedestrians Involved","Unknown","Unknown","Daylight","Unknown","Unknown","Unknown","Rear End","Related","Parked Vehicle","Not Applicable","Not Applicable","Unknown",""
"678623","CR-0000087809","0","0","0","0","21-239-0040","False","False","51","8/27/2021 1:22:00 AM","No Pedestrians Involved","Dry","No Unusual Conditions","Dark - Street Light","Violation Driver 1","No Controls Present/Factor","Clear","Rear End","Non-Related","Parked Vehicle","Not Applicable","Not Applicable","West Of",""
"678624","CR-0000087810","0","0","0","0","21-240-0059","False","False","100","8/27/2021 11:45:00 PM","No Pedestrians Involved","Dry","No Unusual Conditions","Dark - Street Light","Violation Driver 1","Unknown","Clear","Sideswipe","Non-Related","Parked Vehicle","Not Applicable","Not Applicable","South Of",""
"678625","CR-0000087811","0","1","0","0","21-239-0095","False","False","32","8/27/2021 4:12:00 AM","No Pedestrians Involved","Dry","No Unusual Conditions","Dark - Street Light","Violation Driver 1","Controls Functioning","Clear","Rear End","Related","Other Vehicle","Not Applicable","Not Applicable","East Of",""
"678626","CR-0000087812","1","0","0","0","21-239-0345","False","False","0","8/27/2021 11:35:00 AM","No Pedestrians Involved","Dry","No Unusual Conditions","Daylight","Unknown","Controls Functioning","Clear","Broadside","Intersection","Other Vehicle","Not Applicable","Not Applicable","At",""
"678627","CR-0000087813","0","0","0","0","21-239-0390","False","False","","8/27/2021 12:35:00 PM","No Pedestrians Involved","Dry","No Unusual Conditions","Daylight","Violation Driver 1","Controls Functioning","Clear","Rear End","Related","Other Vehicle","Not Applicable","Not Applicable","East Of",""
"678628","CR-0000087814","0","0","0","0","21-239-0577","False","False","260","8/27/2021 3:35:00 PM","No Pedestrians Involved","Dry","No Unusual Conditions","Dusk - Dawn","Violation Driver 1","No Controls Present/Factor","Clear","Rear End","Non-Related","Parked Vehicle","Not Applicable","Not Applicable","North Of",""
"678629","CR-0000087815","0","0","0","0","21-239-0618","True","False","145","8/27/2021 5:12:00 PM","No Pedestrians Involved","Dry","No Unusual Conditions","Daylight","Other Than Driver","No Controls Present/Factor","Clear","Hit Object","Non-Related","Fixed Object","Not Applicable","Not Applicable","West Of","A tree branch fell on two passing cars"
"678630","CR-0000087817","1","0","0","0","21-239-0800","False","False","0","8/27/2021 7:27:00 PM","No Pedestrians Involved","Dry","No Unusual Conditions","Dusk - Dawn","Violation Driver 1","Controls Functioning","Clear","Broadside","Intersection","Other Vehicle","Not Applicable","Not Applicable","At",""
"678631","CR-0000087818","5","0","0","0","21-239-0879","False","False","0","8/27/2021 8:14:00 PM","No Pedestrians Involved","Dry","No Unusual Conditions","Dark - Street Light","Violation Driver 1","Controls Functioning","Clear","Head On","Intersection","Other Vehicle","Not Applicable","Not Applicable","At","Pole"
"678632","CR-0000087819","0","0","0","0","21-239-0930","False","False","300","8/27/2021 8:30:00 PM","No Pedestrians Involved","Dry","No Unusual Conditions","Dark - Street Light","Violation Driver 1","No Controls Present/Factor","Clear","Sideswipe","Non-Related","Parked Vehicle","Not Applicable","Not Applicable","North Of",""
"678633","CR-0000087820","0","1","0","0","21-239-0950","False","False","0","8/27/2021 9:37:00 PM","No Pedestrians Involved","Dry","No Unusual Conditions","Dark - Street Light","Violation Driver 1","No Controls Present/Factor","Clear","Sideswipe","Intersection","Other Vehicle","Not Applicable","Not Applicable","At","PG&E pole"
"678634","CR-0000087821","0","0","0","0","21-239-0983","False","False","51","8/27/2021 10:09:00 PM","No Pedestrians Involved","Dry","No Unusual Conditions","Dark - Street Light","Violation Driver 1","No Controls Present/Factor","Clear","Rear End","Non-Related","Other Vehicle","Not Applicable","Not Applicable","South Of",""
"678635","CR-0000087822","0","0","0","0","21-239-0994","False","False","40","8/27/2021 10:18:00 PM","No Pedestrians Involved","Dry","No Unusual Conditions","Dark - Street Light","Violation Driver 1","Controls Functioning","Clear","Rear End","Related","Other Vehicle","Not Applicable","Not Applicable","North Of",""
"678636","CR-0000087823","0","0","0","0","21-239-1069","False","False","123","8/27/2021 11:45:00 PM","No Pedestrians Involved","Dry","No Unusual Conditions","Dark - Street Light","Violation Driver 1","No Controls Present/Factor","Clear","Sideswipe","Non-Related","Parked Vehicle","Not Applicable","Not Applicable","North Of",""
"678637","CR-0000087824","0","0","0","0","21-239-1080","False","False","555","8/27/2021 11:54:00 PM","No Pedestrians Involved","Dry","No Unusual Conditions","Dark - No Street Light","Violation Driver 1","Controls Functioning","Clear","Sideswipe","Non-Related","Parked Vehicle","Not Applicable","Not Applicable","South Of",""
"678638","CR-0000087825","0","0","0","0","21-241-9702","False","True","0","8/27/2021 8:30:00 PM","No Pedestrians Involved","Dry","No Unusual Conditions","Dark - Street Light","Unknown","Controls Functioning","Clear","Broadside","Intersection","Other Vehicle","Not Applicable","Not Applicable","At",""
"678639","CR-0000087826","0","0","0","0","21-229-0276","True","False","65","8/17/2021 9:18:00 AM","No Pedestrians Involved","Dry","No Unusual Conditions","Daylight","Violation Driver 1","No Controls Present/Factor","Clear","Hit Object","Non-Related","Fixed Object","Not Applicable","Not Applicable","East Of","Lightpole"
"678640","CR-0000087827","0","0","0","0","21-229-0392","False","False","0","8/17/2021 10:40:00 AM","No Pedestrians Involved","Dry","No Unusual Conditions","Daylight","Violation Driver 1","Controls Functioning","Clear","Rear End","Intersection","Other Vehicle","Not Applicable","Not Applicable","At",""
"678641","CR-0000087828","1","0","0","0","21-229-0373","False","False","150","8/17/2021 11:10:00 AM","No Pedestrians Involved","Dry","No Unusual Conditions","Daylight","Violation Driver 1","Controls Functioning","Clear","Hit Object","Non-Related","Other Vehicle","Not Applicable","Not Applicable","West Of","Fire Hydraunt"
"678642","CR-0000087829","1","0","0","0","21-229-0485","False","False","0","8/17/2021 12:46:00 PM","No Pedestrians Involved","Dry","No Unusual Conditions","Daylight","Violation Driver 1","Controls Functioning","Clear","Broadside","Intersection","Motor Vehicle On Other Roadway","Not Applicable","Not Applicable","East Of",""
"678643","CR-0000087830","1","0","0","0","21-229-0486","True","False","4655","8/17/2021 12:46:00 PM","No Pedestrians Involved","Dry","No Unusual Conditions","Daylight","Violation Driver 1","No Controls Present/Factor","Clear","Overturned","Non-Related","Fixed Object","Not Applicable","Not Applicable","East Of","Curb"
"678644","CR-0000087831","0","1","0","0","21-229-0505","False","False","0","8/17/2021 1:05:00 PM","No Pedestrians Involved","Dry","Reduced Roadway Width","Daylight","Violation Driver 1","Controls Functioning","Clear","Vehicle/Bike","Intersection","Bike","Not Applicable","Not Applicable","At","Bike"
"678645","CR-0000087832","0","0","0","0","21-229-0154","True","False","0","8/17/2021 7:18:00 AM","No Pedestrians Involved","Dry","No Unusual Conditions","Daylight","Violation Driver 1","Controls Functioning","Clear","Head On","Intersection","Fixed Object","Not Applicable","Not Applicable","At","X-Walk Sign"
"678646","CR-0000087833","0","0","0","0","21-229-0177","False","False","22","8/17/2021 7:40:00 AM","No Pedestrians Involved","Dry","No Unusual Conditions","Daylight","Violation Driver 1","No Controls Present/Factor","Clear","Head On","Related","Parked Vehicle","Not Applicable","Not Applicable","East Of",""
"678647","CR-0000087834","1","0","0","0","21-229-0577","False","False","16","8/17/2021 2:23:00 PM","No Pedestrians Involved","Dry","No Unusual Conditions","Daylight","Bike At Fault","Controls Functioning","Clear","Sideswipe","Related","Bike","Not Applicable","Not Applicable","East Of","Bike"
"678648","CR-0000087835","1","0","0","0","21-229-0622","False","False","0","8/17/2021 3:03:00 PM","No Pedestrians Involved","Dry","No Unusual Conditions","Daylight","Violation Driver 1","Controls Functioning","Clear","Broadside","Intersection","Other Vehicle","Not Applicable","Not Applicable","At",""
"678649","CR-0000087836","0","0","0","0","21-229-0678","False","False","510","8/17/2021 4:16:00 PM","No Pedestrians Involved","Dry","No Unusual Conditions","Daylight","Violation Driver 1","Controls Functioning","Clear","Rear End","Non-Related","Other Vehicle","Not Applicable","Not Applicable","North Of",""
"678650","CR-0000087837","0","0","0","0","21-229-0709","False","False","0","8/17/2021 4:51:00 PM","No Pedestrians Involved","Dry","No Unusual Conditions","Daylight","Violation Driver 1","Unknown","Clear","Broadside","Intersection","Other Vehicle","Not Applicable","Not Applicable","At",""
"678651","CR-0000087838","0","0","0","0","21-229-0846","False","False","81","8/17/2021 5:40:00 PM","No Pedestrians Involved","Dry","No Unusual Conditions","Daylight","Violation Driver 1","No Controls Present/Factor","Clear","Other","Non-Related","Parked Vehicle","Not Applicable","Not Applicable","North Of",""
"678652","CR-0000087839","1","0","0","0","21-229-0904","True","False","32","8/17/2021 8:46:00 PM","No Pedestrians Involved","Dry","No Unusual Conditions","Dark - Street Light","Violation Driver 1","No Controls Present/Factor","Clear","Hit Object","Related","Other Object","Not Applicable","Not Applicable","West Of","Light Pole"
"678653","CR-0000087840","1","0","0","0","21-229-0926","True","False","0","8/17/2021 9:40:00 PM","No Pedestrians Involved","Dry","No Unusual Conditions","Dark - Street Light","Unknown","Controls Functioning","Clear","Hit Object","Intersection","Fixed Object","Not Applicable","Not Applicable","At","Light Pole, Tree"
"678654","CR-0000087841","0","0","0","0","21-229-0966","True","False","0","8/17/2021 10:00:00 PM","No Pedestrians Involved","Dry","No Unusual Conditions","Dark - Street Light","Violation Driver 1","Controls Functioning","Clear","Hit Object","Intersection","Fixed Object","Not Applicable","Not Applicable","At","PG&E/TEL Pole"
"678655","CR-0000087842","0","1","0","0","21-229-1008","False","False","28","8/17/2021 11:05:00 PM","No Pedestrians Involved","Dry","Loose Material On Roadway","Dark - Street Light","Violation Driver 1","No Controls Present/Factor","Clear","Hit Object","Related","Other Object","Not Applicable","Not Applicable","East Of","Tree"
"678656","CR-0000087843","0","0","0","0","21-230-0152","True","False","220","8/18/2021 1:00:00 AM","No Pedestrians Involved","Dry","No Unusual Conditions","Daylight","Violation Driver 1","No Controls Present/Factor","Clear","Hit Object","Non-Related","Fixed Object","Not Applicable","Not Applicable","South Of","Tree Curb"
"678657","CR-0000087844","1","0","0","0","21-230-0409","False","False","0","8/18/2021 12:50:00 PM","No Pedestrians Involved","Dry","No Unusual Conditions","Daylight","Violation Driver 2","Controls Functioning","Clear","Broadside","Intersection","Other Vehicle","Not Applicable","Not Applicable","At",""
"678658","CR-0000087845","0","1","0","0","21-230-0483","True","False","192","8/18/2021 2:15:00 PM","No Pedestrians Involved","Dry","No Unusual Conditions","Daylight","Violation Driver 1","Unknown","Clear","Rear End","Non-Related","Other Vehicle","Not Applicable","Not Applicable","South Of","City Vehicle DOT"
"678659","CR-0000087846","0","2","0","0","21-230-0058","False","False","51","8/18/2021 3:50:00 PM","No Pedestrians Involved","Dry","Unknown","Daylight","Bike At Fault","No Controls Present/Factor","Clear","Vehicle/Bike","Non-Related","Bike","Not Applicable","Not Applicable","South Of","Bike (Elec Scooter"
"678660","CR-0000087847","1","0","0","0","21-230-0630","False","False","0","8/18/2021 4:30:00 PM","No Pedestrians Involved","Dry","No Unusual Conditions","Daylight","Violation Driver 1","No Controls Present/Factor","Clear","Broadside","Intersection","Motor Vehicle On Other Roadway","Not Applicable","Not Applicable","At",""
"678661","CR-0000087848","2","0","0","0","21-235-0258","False","False","50","8/23/2021 9:06:00 AM","No Pedestrians Involved","Dry","No Unusual Conditions","Daylight","Violation Driver 1","Unknown","Clear","Head On","Related","Other Vehicle","Not Applicable","Not Applicable","East Of",""
"678662","CR-0000087849","1","0","0","0","21-235-0307","False","False","0","8/23/2021 9:15:00 AM","No Pedestrians Involved","Dry","Unknown","Daylight","Violation Driver 1","No Controls Present/Factor","Clear","Hit Object","Intersection","Fixed Object","Not Applicable","Not Applicable","At","county fence"
"678663","CR-0000087850","1","0","0","0","21-235-0584","False","False","48","8/23/2021 3:24:00 PM","No Pedestrians Involved","Dry","No Unusual Conditions","Daylight","Violation Driver 1","Controls Functioning","Clear","Rear End","Related","Other Vehicle","Not Applicable","Not Applicable","North Of",""
"678664","CR-0000087851","0","0","1","0","21-235-0801","False","False","19","8/23/2021 7:23:00 PM","No Pedestrians Involved","Dry","No Unusual Conditions","Daylight","Violation Driver 1","No Controls Present/Factor","Clear","Hit Object","Related","Fixed Object","Not Applicable","Not Applicable","South Of",""
"678665","CR-0000087852","2","0","0","0","21-235-0874","False","False","0","8/23/2021 8:56:00 PM","No Pedestrians Involved","Dry","No Unusual Conditions","Dark - Street Light","Violation Driver 1","Controls Functioning","Clear","Other","Intersection","Other Vehicle","Not Applicable","Not Applicable","At",""
"678666","CR-0000087853","0","0","0","0","21-235-0912","False","False","100","8/23/2021 9:55:00 PM","No Pedestrians Involved","Dry","No Unusual Conditions","Dark - Street Light","Violation Driver 1","No Controls Present/Factor","Clear","Broadside","Non-Related","Motor Vehicle On Other Roadway","Not Applicable","Not Applicable","West Of",""
"678667","CR-0000087854","0","0","0","0","21-243-0579","False","False","310","8/23/2021 4:00:00 PM","No Pedestrians Involved","Dry","No Unusual Conditions","Daylight","Violation Driver 1","No Controls Present/Factor","Clear","Rear End","Non-Related","Parked Vehicle","Not Applicable","Not Applicable","North Of",""
"678668","CR-0000087855","0","0","0","0","21-236-9705","False","True","","8/23/2021 4:45:00 PM","No Pedestrians Involved","Dry","No Unusual Conditions","Daylight","Unknown","Controls Functioning","Clear","Sideswipe","Related","Other Vehicle","Not Applicable","Not Applicable","South Of",""
"678669","CR-0000087856","0","0","0","0","21-234-0384","False","False","180","8/22/2021 5:00:00 AM","No Pedestrians Involved","Dry","No Unusual Conditions","Dusk - Dawn","Violation Driver 1","Controls Functioning","Clear","Rear End","Non-Related","Parked Vehicle","Not Applicable","Not Applicable","North Of",""
"678670","CR-0000087857","2","0","0","0","21-234-0037","False","False","51","8/22/2021 12:22:00 AM","No Pedestrians Involved","Dry","No Unusual Conditions","Dark - Street Light","Unknown","No Controls Present/Factor","Clear","Sideswipe","Non-Related","Other Vehicle","Not Applicable","Not Applicable","West Of",""