"CrashFactId","Name","MinorInjuries","ModerateInjuries","SevereInjuries","FatalInjuries","TcrNumber","CityDamageFlag","ShortFormFlag","Distance","CrashDateTime","PedestrianAction","RoadwaySurface","RoadwayCondition","Lighting","PrimaryCollisionFactor","TrafficControl","Weather","CollisionType","ProximityToIntersection","VehicleInvolvedWith","PedestrianDirectionFrom","PedestrianDirectionTo","DirectionFromIntersection","Comment"
"679058","CR-0000088279","0","0","0","0","21-264-9708","False","True","300","9/16/2021 4:58:00 PM","No Pedestrians Involved","Dry","No Unusual Conditions","Daylight","Unknown","Controls Functioning","Clear","Broadside","Non-Related","Other Vehicle","Not Applicable","Not Applicable","East Of",""
"679059","CR-0000088269","0","0","0","0","21-232-9701","False","True","","8/20/2021 7:50:00 AM","No Pedestrians Involved","Dry","No Unusual Conditions","Daylight","Unknown","No Controls Present/Factor","Clear","Sideswipe","Non-Related","Parked Vehicle","Not Applicable","Not Applicable","Unknown",""
"679060","CR-0000088263","0","1","0","0","21-232-0529","False","False","60","8/20/2021 3:22:00 PM","No Pedestrians Involved","Dry","No Unusual Conditions","Daylight","Violation Driver 1","No Controls Present/Factor","Clear","Sideswipe","Non-Related","Other Vehicle","Not Applicable","Not Applicable","West Of",""
"679061","CR-0000088273","0","0","0","0","21-256-4006","False","True","0","9/13/2021 2:20:00 PM","No Pedestrians Involved","Unknown","Unknown","Unknown","Unknown","Unknown","Unknown","Sideswipe","Intersection","Other Vehicle","Not Applicable","Not Applicable","At",""
"679062","CR-0000088253","1","0","0","0","21-259-0157","False","False","0","9/16/2021 7:34:00 AM","No Pedestrians Involved","Unknown","No Unusual Conditions","Daylight","Violation Driver 1","Controls Functioning","Clear","Broadside","Intersection","Other Vehicle","Not Applicable","Not Applicable","At",""
"679063","CR-0000088261","0","0","0","0","21-232-0273","True","False","0","8/20/2021 10:30:00 AM","No Pedestrians Involved","Dry","No Unusual Conditions","Daylight","Violation Driver 1","Controls Functioning","Clear","Sideswipe","Intersection","Motor Vehicle On Other Roadway","Not Applicable","Not Applicable","At","City Vehicle"
"679064","CR-0000088271","0","0","0","0","21-257-4004","False","True","","9/14/2021 11:30:00 AM","No Pedestrians Involved","Unknown","Unknown","Unknown","Unknown","Unknown","Unknown","Broadside","Non-Related","Other Vehicle","Not Applicable","Not Applicable","Unknown",""
"679065","CR-0000088251","0","0","0","0","21-259-0175","False","False","1332","9/16/2021 7:57:00 AM","No Pedestrians Involved","Dry","No Unusual Conditions","Daylight","Violation Driver 1","Controls Functioning","Clear","Sideswipe","Non-Related","Other Vehicle","Not Applicable","Not Applicable","East Of",""
"679066","CR-0000088242","0","0","0","0","21-259-0714","False","False","43","9/16/2021 5:29:00 PM","No Pedestrians Involved","Dry","No Unusual Conditions","Daylight","Violation Driver 1","Controls Functioning","Clear","Rear End","Related","Other Vehicle","Not Applicable","Not Applicable","East Of","Emergency Vehicle SO"
"679067","CR-0000088246","0","0","0","0","21-258-0239","True","False","0","9/15/2021 8:32:00 AM","No Pedestrians Involved","Dry","No Unusual Conditions","Daylight","Violation Driver 1","No Controls Present/Factor","Clear","Other","Intersection","Fixed Object","Not Applicable","Not Applicable","At","Curb"
"679068","CR-0000088283","2","0","0","0","21-266-0390","True","False","148","9/23/2021 10:48:00 AM","No Pedestrians Involved","Dry","No Unusual Conditions","Daylight","Violation Driver 1","Controls Functioning","Clear","Sideswipe","Non-Related","Other Vehicle","Not Applicable","Not Applicable","East Of","TREE"
"679069","CR-0000088245","0","0","0","0","21-258-0094","True","False","0","9/15/2021 2:39:00 AM","No Pedestrians Involved","Dry","No Unusual Conditions","Dark - Street Light","Violation Driver 1","No Controls Present/Factor","Clear","Hit Object","Intersection","Fixed Object","Not Applicable","Not Applicable","At","Curb/Tree"
"679070","CR-0000088249","1","0","2","0","21-258-0339","False","False","0","9/15/2021 10:15:00 AM","No Pedestrians Involved","Dry","No Unusual Conditions","Daylight","Violation Driver 1","Controls Functioning","Clear","Head On","Intersection","Other Vehicle","Not Applicable","Not Applicable","At",""
"679071","CR-0000088260","0","0","0","0","21-232-0905","False","False","540","8/20/2021 9:30:00 PM","No Pedestrians Involved","Dry","No Unusual Conditions","Dark - Street Light","Violation Driver 1","Controls Functioning","Clear","Overturned","Non-Related","Fixed Object","Not Applicable","Not Applicable","North Of","Curb"
"679072","CR-0000088241","0","1","0","0","21-259-0693","False","False","183","9/16/2021 5:01:00 PM","No Pedestrians Involved","Dry","No Unusual Conditions","Daylight","Violation Driver 1","Controls Functioning","Clear","Rear End","Non-Related","Other Vehicle","Not Applicable","Not Applicable","South Of",""
"679073","CR-0000088270","0","0","0","0","21-256-9707","False","True","0","9/12/2021 7:30:00 PM","No Pedestrians Involved","Dry","No Unusual Conditions","Daylight","Unknown","No Controls Present/Factor","Clear","Sideswipe","Intersection","Other Vehicle","Not Applicable","Not Applicable","At",""
"679074","CR-0000088250","1","0","0","0","21-258-0853","False","False","48","9/15/2021 7:35:00 PM","Crossing In Crosswalk - At Intersection","Dry","No Unusual Conditions","Dusk - Dawn","Violation Driver 1","Controls Functioning","Clear","Other","Related","Pedestrian","South","South","West Of","Ped"
"679075","CR-0000088256","0","0","0","0","21-232-0141","False","False","290","8/20/2021 7:13:00 AM","No Pedestrians Involved","Dry","No Unusual Conditions","Daylight","Unknown","No Controls Present/Factor","Clear","Head On","Non-Related","Other Vehicle","Not Applicable","Not Applicable","West Of",""
"679076","CR-0000088272","0","0","0","0","21-257-4003","False","True","","9/14/2021 2:20:00 PM","No Pedestrians Involved","Unknown","Unknown","Unknown","Unknown","Unknown","Clear","Rear End","Non-Related","Other Vehicle","Not Applicable","Not Applicable","West Of",""
"679077","CR-0000088262","0","0","0","0","21-232-0539","False","False","51","8/20/2021 3:13:00 PM","No Pedestrians Involved","Dry","No Unusual Conditions","Daylight","Violation Driver 1","Controls Functioning","Clear","Rear End","Non-Related","Other Vehicle","Not Applicable","Not Applicable","West Of",""
"679078","CR-0000088254","3","1","0","0","21-257-1046","False","False","23","9/14/2021 10:03:00 PM","No Pedestrians Involved","Dry","No Unusual Conditions","Dark - Street Light","Violation Driver 1","Controls Functioning","Clear","Broadside","Related","Other Vehicle","Not Applicable","Not Applicable","South Of",""
"679079","CR-0000088252","0","0","0","0","21-259-0042","True","False","60","9/16/2021 1:12:00 AM","No Pedestrians Involved","Dry","No Unusual Conditions","Unknown","Unknown","Controls Functioning","Clear","Hit Object","Non-Related","Fixed Object","Not Applicable","Not Applicable","North Of","Tree"
"679080","CR-0000088266","0","0","0","0","21-232-0667","False","False","40","8/20/2021 7:00:00 PM","No Pedestrians Involved","Dry","No Unusual Conditions","Daylight","Violation Driver 1","No Controls Present/Factor","Clear","Rear End","Related","Parked Vehicle","Not Applicable","Not Applicable","West Of",""
"679081","CR-0000088276","0","0","0","0","21-254-9704","False","False","51","9/11/2021 11:06:00 AM","No Pedestrians Involved","Dry","No Unusual Conditions","Daylight","Unknown","No Controls Present/Factor","Clear","Broadside","Non-Related","Other Vehicle","Not Applicable","Not Applicable","West Of",""
"679082","CR-0000088239","0","0","0","0","21-259-0629","True","False","38","9/16/2021 3:57:00 PM","No Pedestrians Involved","Dry","No Unusual Conditions","Daylight","Unknown","No Controls Present/Factor","Clear","Rear End","Related","Other Vehicle","Not Applicable","Not Applicable","East Of","PD"
"679083","CR-0000088281","0","0","0","0","21-266-0004","False","False","520","9/23/2021 12:10:00 AM","No Pedestrians Involved","Dry","No Unusual Conditions","Dark - Street Light","Violation Driver 1","No Controls Present/Factor","Clear","Rear End","Non-Related","Other Vehicle","Not Applicable","Not Applicable","West Of",""
"679084","CR-0000088282","1","0","0","0","21-266-0156","False","False","0","9/23/2021 7:44:00 AM","No Pedestrians Involved","Dry","No Unusual Conditions","Daylight","Violation Driver 1","Controls Functioning","Clear","Broadside","Intersection","Other Vehicle","Not Applicable","Not Applicable","At",""
"679085","CR-0000088275","0","0","0","0","21-259-4000","False","True","","9/16/2021 8:38:00 AM","No Pedestrians Involved","Unknown","No Unusual Conditions","Unknown","Unknown","Unknown","Unknown","Sideswipe","Non-Related","Other Vehicle","Not Applicable","Not Applicable","West Of",""
"679086","CR-0000088265","1","0","0","0","21-232-0643","False","False","0","8/20/2021 5:06:00 PM","No Pedestrians Involved","Dry","No Unusual Conditions","Daylight","Violation Driver 1","No Controls Present/Factor","Clear","Broadside","Intersection","Other Vehicle","Not Applicable","Not Applicable","At",""
"679087","CR-0000088280","0","0","0","0","21-268-9701","False","True","0","9/23/2021 9:00:00 AM","No Pedestrians Involved","Dry","No Unusual Conditions","Daylight","Unknown","Controls Functioning","Clear","Sideswipe","Intersection","Other Vehicle","Not Applicable","Not Applicable","At",""
"679088","CR-0000088255","1","0","0","0","21-264-0666","False","False","72","9/21/2021 2:29:00 PM","No Pedestrians Involved","Dry","No Unusual Conditions","Daylight","Violation Driver 1","Controls Functioning","Clear","Rear End","Non-Related","Other Vehicle","Not Applicable","Not Applicable","North Of",""
"679089","CR-0000088244","0","0","0","0","21-258-0025","False","False","252","9/15/2021 12:23:00 AM","No Pedestrians Involved","Dry","No Unusual Conditions","Dark - Street Light","Violation Driver 1","No Controls Present/Factor","Clear","Hit Object","Non-Related","Fixed Object","Not Applicable","Not Applicable","West Of","Light Pole"
"679090","CR-0000088248","3","0","0","0","21-258-0191","False","False","0","9/15/2021 7:25:00 AM","No Pedestrians Involved","Dry","No Unusual Conditions","Daylight","Violation Driver 1","No Controls Present/Factor","Clear","Rear End","Intersection","Other Vehicle","Not Applicable","Not Applicable","At",""
"679091","CR-0000088289","1","0","0","0","21-266-0838","False","False","400","9/23/2021 7:22:00 PM","No Pedestrians Involved","Dry","No Unusual Conditions","Dark - Street Light","Bike At Fault","No Controls Present/Factor","Clear","Broadside","Non-Related","Other Vehicle","Not Applicable","Not Applicable","East Of","Bike (Motor Scooter)"
"679092","CR-0000088288","1","0","0","0","21-266-0801","False","False","0","9/23/2021 6:30:00 PM","No Pedestrians Involved","Dry","No Unusual Conditions","Daylight","Violation Driver 1","No Controls Present/Factor","Clear","Broadside","Intersection","Other Vehicle","Not Applicable","Not Applicable","At",""
"679093","CR-0000088287","0","1","0","0","21-266-0721","False","False","0","9/23/2021 5:05:00 PM","No Pedestrians Involved","Dry","No Unusual Conditions","Daylight","Bike At Fault","Controls Functioning","Clear","Broadside","Intersection","Bike","Not Applicable","Not Applicable","At","Bike"
"679094","CR-0000088286","0","1","0","0","21-266-0579","True","False","192","9/23/2021 2:25:00 PM","No Pedestrians Involved","Dry","No Unusual Conditions","Daylight","Violation Driver 1","No Controls Present/Factor","Clear","Head On","Non-Related","Fixed Object","Not Applicable","Not Applicable","East Of","Tree"
"679095","CR-0000088291","1","2","0","0","21-270-0814","False","False","49","9/27/2021 6:01:00 PM","No Pedestrians Involved","Dry","No Unusual Conditions","Daylight","Violation Driver 1","No Controls Present/Factor","Clear","Head On","Related","Parked Vehicle","Not Applicable","Not Applicable","South Of",""
"679096","CR-0000088292","0","0","1","0","21-270-0038","True","False","0","9/27/2021 12:51:00 AM","No Pedestrians Involved","Dry","No Unusual Conditions","Dark - Street Light","Violation Driver 1","No Controls Present/Factor","Clear","Head On","Intersection","Parked Vehicle","Not Applicable","Not Applicable","At","Tree DUI"
"679097","CR-0000088290","0","0","0","0","21-270-0752","False","False","100","9/27/2021 4:56:00 PM","No Pedestrians Involved","Dry","No Unusual Conditions","Daylight","Violation Driver 1","Controls Functioning","Clear","Broadside","Non-Related","Other Vehicle","Not Applicable","Not Applicable","North Of",""
"679098","CR-0000088293","0","0","0","0","21-277-0699","False","False","46","10/4/2021 3:50:00 PM","No Pedestrians Involved","Dry","No Unusual Conditions","Daylight","Violation Driver 1","Controls Functioning","Clear","Rear End","Related","Other Object","Not Applicable","Not Applicable","West Of",""
"679099","CR-0000088294","1","1","0","0","21-278-0816","False","False","0","10/5/2021 5:55:00 PM","No Pedestrians Involved","Dry","No Unusual Conditions","Daylight","Violation Driver 1","Controls Functioning","Clear","Broadside","Intersection","Motor Vehicle On Other Roadway","Not Applicable","Not Applicable","At",""
"679100","CR-0000088295","1","0","0","0","21-280-1027","False","False","108","10/7/2021 9:48:00 PM","No Pedestrians Involved","Dry","No Unusual Conditions","Dark - Street Light","Violation Driver 1","Controls Functioning","Clear","Rear End","Non-Related","Other Vehicle","Not Applicable","Not Applicable","South Of",""
"679101","CR-0000088296","0","0","0","0","21-280-1051","True","False","700","10/7/2021 10:27:00 PM","No Pedestrians Involved","Dry","No Unusual Conditions","Dark - Street Light","Violation Driver 1","No Controls Present/Factor","Cloudy","Hit Object","Non-Related","Fixed Object","Not Applicable","Not Applicable","North Of","Curb"
"679102","CR-0000088297","0","0","0","0","21-281-0006","False","False","52","10/8/2021 12:12:00 AM","No Pedestrians Involved","Dry","No Unusual Conditions","Dark - No Street Light","Violation Driver 1","Controls Functioning","Clear","Sideswipe","Non-Related","Parked Vehicle","Not Applicable","Not Applicable","North Of",""
"679103","CR-0000088298","0","1","0","0","21-281-0969","False","False","108","10/8/2021 9:50:00 PM","No Pedestrians Involved","Dry","No Unusual Conditions","Dark - Street Light","Violation Driver 1","No Controls Present/Factor","Clear","Sideswipe","Non-Related","Parked Vehicle","Not Applicable","Not Applicable","South Of",""
"679104","CR-0000088299","0","0","0","0","21-281-0005","False","False","0","10/8/2021 12:11:00 AM","No Pedestrians Involved","Dry","No Unusual Conditions","Dark - Street Light","Violation Driver 2","Controls Functioning","Clear","Sideswipe","Intersection","Other Vehicle","Not Applicable","Not Applicable","At",""
"679105","CR-0000088300","0","0","1","0","21-281-0055","False","False","114","10/8/2021 1:52:00 AM","No Pedestrians Involved","Dry","No Unusual Conditions","Dark - Street Light","Violation Driver 1","No Controls Present/Factor","Clear","Overturned","Non-Related","Non-Collision","Not Applicable","Not Applicable","South Of","Vehicle flipped while making a turn at high rate of speed."
"679106","CR-0000088301","0","0","0","0","21-281-0576","False","False","108","10/8/2021 2:52:00 PM","No Pedestrians Involved","Dry","No Unusual Conditions","Daylight","Violation Driver 1","No Controls Present/Factor","Clear","Broadside","Non-Related","Parked Vehicle","Not Applicable","Not Applicable","West Of",""
"679107","CR-0000088302","0","0","0","0","21-281-0716","False","False","","10/8/2021 4:50:00 PM","No Pedestrians Involved","Dry","No Unusual Conditions","Daylight","Violation Driver 1","Controls Functioning","Clear","Rear End","Related","Other Vehicle","Not Applicable","Not Applicable","West Of",""
"679108","CR-0000088303","0","0","0","0","21-281-0817","False","False","70","10/8/2021 6:58:00 PM","No Pedestrians Involved","Dry","No Unusual Conditions","Daylight","Violation Driver 1","Controls Functioning","Clear","Sideswipe","Non-Related","Other Vehicle","Not Applicable","Not Applicable","West Of",""
"679109","CR-0000088304","1","0","0","0","21-281-0638","False","False","121","10/8/2021 4:00:00 PM","No Pedestrians Involved","Dry","No Unusual Conditions","Daylight","Violation Driver 1","Controls Functioning","Clear","Rear End","Non-Related","Other Vehicle","Not Applicable","Not Applicable","West Of",""
"679110","CR-0000088305","0","0","0","0","21-281-0877","False","False","132","10/8/2021 8:04:00 PM","No Pedestrians Involved","Dry","No Unusual Conditions","Daylight","Violation Driver 1","Controls Functioning","Clear","Sideswipe","Non-Related","Other Vehicle","Not Applicable","Not Applicable","East Of",""
"679111","CR-0000088306","0","0","0","0","21-281-0976","False","False","300","10/8/2021 9:59:00 PM","No Pedestrians Involved","Dry","No Unusual Conditions","Daylight","Violation Driver 1","No Controls Present/Factor","Clear","Rear End","Non-Related","Parked Vehicle","Not Applicable","Not Applicable","South Of",""
"679112","CR-0000088307","0","0","0","0","21-282-0014","False","False","20","10/9/2021 12:10:00 AM","No Pedestrians Involved","Dry","No Unusual Conditions","Dark - Street Light","Violation Driver 1","Controls Functioning","Clear","Hit Object","Related","Fixed Object","Not Applicable","Not Applicable","South Of","Pole"
"679113","CR-0000088308","1","0","0","0","21-282-0071","True","False","0","10/9/2021 1:39:00 AM","No Pedestrians Involved","Dry","No Unusual Conditions","Dark - Street Light","Violation Driver 1","No Controls Present/Factor","Clear","Hit Object","Intersection","Fixed Object","Not Applicable","Not Applicable","At","Light pole"
"679114","CR-0000088309","0","0","0","0","21-282-0428","False","False","0","10/9/2021 12:15:00 PM","No Pedestrians Involved","Dry","No Unusual Conditions","Daylight","Violation Driver 1","Controls Functioning","Clear","Vehicle/Bike","Intersection","Bike","Not Applicable","Not Applicable","At",""
"679115","CR-0000088310","0","0","0","0","21-282-9702","False","True","51","10/9/2021 1:50:00 PM","No Pedestrians Involved","Dry","No Unusual Conditions","Daylight","Unknown","No Controls Present/Factor","Clear","Sideswipe","Non-Related","Other Vehicle","Not Applicable","Not Applicable","North Of",""
"679116","CR-0000088311","0","0","0","0","21-282-1017","True","False","","10/9/2021 10:59:00 PM","No Pedestrians Involved","Dry","No Unusual Conditions","Dark - Street Light","Violation Driver 1","No Controls Present/Factor","Clear","Hit Object","Related","Fixed Object","Not Applicable","Not Applicable","West Of","Curb, street sign, trash can, fence"
"679117","CR-0000088312","0","0","0","0","21-282-1072","False","False","415","10/9/2021 11:45:00 PM","No Pedestrians Involved","Dry","No Unusual Conditions","Dark - Street Light","Violation Driver 1","Controls Functioning","Clear","Hit Object","Non-Related","Fixed Object","Not Applicable","Not Applicable","West Of","Curb, fence, house"
"679118","CR-0000088313","1","0","0","0","21-274-0216","False","False","275","10/1/2021 8:06:00 AM","No Pedestrians Involved","Dry","Obstruction On Roadway","Daylight","Parked/Rolling","No Controls Present/Factor","Clear","Head On","Non-Related","Parked Vehicle","Not Applicable","Not Applicable","East Of",""
"679119","CR-0000088314","1","0","0","0","21-274-0196","False","False","0","10/1/2021 2:37:00 PM","No Pedestrians Involved","Dry","No Unusual Conditions","Daylight","Violation Driver 1","Controls Functioning","Clear","Broadside","Intersection","Other Vehicle","Not Applicable","Not Applicable","At",""
"679120","CR-0000088315","0","0","0","0","21-274-0211","False","False","0","10/1/2021 7:59:00 AM","No Pedestrians Involved","Dry","No Unusual Conditions","Daylight","Violation Driver 1","Controls Functioning","Clear","Broadside","Intersection","Other Vehicle","Not Applicable","Not Applicable","At",""
"679121","CR-0000088316","0","2","0","0","21-274-0638","False","False","0","10/1/2021 4:58:00 PM","No Pedestrians Involved","Dry","No Unusual Conditions","Daylight","Violation Driver 1","Controls Functioning","Clear","Broadside","Intersection","Other Vehicle","Not Applicable","Not Applicable","At",""
"679122","CR-0000088317","1","0","0","0","21-274-0699","False","False","0","10/1/2021 5:54:00 PM","No Pedestrians Involved","Dry","No Unusual Conditions","Daylight","Violation Driver 1","No Controls Present/Factor","Clear","Vehicle/Pedestrian","Intersection","Bike","Not Applicable","Not Applicable","At","Bike"
"679123","CR-0000088318","0","0","0","0","21-274-0176","False","False","255","10/2/2021 6:40:00 AM","No Pedestrians Involved","Dry","No Unusual Conditions","Dusk - Dawn","Violation Driver 1","Controls Functioning","Clear","Head On","Non-Related","Fixed Object","Not Applicable","Not Applicable","West Of","Fire Hydrant & Fence"
"679124","CR-0000088319","0","0","1","0","21-274-0276","False","False","0","10/1/2021 9:35:00 AM","No Pedestrians Involved","Dry","No Unusual Conditions","Daylight","Violation Driver 1","Controls Functioning","Clear","Broadside","Intersection","Motorcycle","Not Applicable","Not Applicable","At",""
"679125","CR-0000088320","2","0","0","0","21-274-0344","False","False","0","10/1/2021 11:06:00 AM","No Pedestrians Involved","Dry","No Unusual Conditions","Daylight","Violation Driver 1","Controls Functioning","Clear","Broadside","Intersection","Other Vehicle","Not Applicable","Not Applicable","At",""
"679126","CR-0000088321","1","0","0","0","21-275-0100","False","False","74","10/2/2021 2:01:00 AM","No Pedestrians Involved","Dry","No Unusual Conditions","Dark - Street Light","Violation Driver 1","Controls Functioning","Clear","Rear End","Non-Related","Other Vehicle","Not Applicable","Not Applicable","West Of",""
"679127","CR-0000088322","0","0","0","0","21-275-0323","False","False","51","10/2/2021 10:20:00 AM","No Pedestrians Involved","Dry","No Unusual Conditions","Daylight","Violation Driver 1","No Controls Present/Factor","Clear","Sideswipe","Non-Related","Other Vehicle","Not Applicable","Not Applicable","West Of",""
"679128","CR-0000088323","0","0","0","0","21-275-1001","False","False","51","10/2/2021 10:40:00 AM","No Pedestrians Involved","Dry","No Unusual Conditions","Dark - Street Light","Violation Driver 1","No Controls Present/Factor","Clear","Head On","Non-Related","Parked Vehicle","Not Applicable","Not Applicable","South Of",""
"679129","CR-0000088324","0","0","0","0","21-275-0733","False","False","0","10/2/2021 6:24:00 PM","No Pedestrians Involved","Dry","Construction - Repair Zone","Daylight","Violation Driver 1","Controls Functioning","Clear","Hit Object","Intersection","Other Object","Not Applicable","Not Applicable","At","Construction Barrier"
"679130","CR-0000088325","0","0","0","0","21-275-0783","False","False","520","10/2/2021 7:15:00 PM","No Pedestrians Involved","Dry","No Unusual Conditions","Dark - Street Light","Violation Driver 1","No Controls Present/Factor","Clear","Rear End","Non-Related","Parked Vehicle","Not Applicable","Not Applicable","North Of",""
"679131","CR-0000088326","0","0","0","0","21-275-0966","False","False","1580","10/2/2021 10:09:00 PM","No Pedestrians Involved","Dry","No Unusual Conditions","Dark - Street Light","Violation Driver 1","No Controls Present/Factor","Clear","Hit Object","Non-Related","Other Object","Not Applicable","Not Applicable","East Of","Fence"
"679132","CR-0000088327","0","0","0","0","21-275-0982","False","False","17","10/2/2021 10:30:00 PM","No Pedestrians Involved","Dry","No Unusual Conditions","Dark - Street Light","Violation Driver 1","Controls Functioning","Clear","Rear End","Related","Other Vehicle","Not Applicable","Not Applicable","East Of",""
"679133","CR-0000088328","0","1","0","0","21-275-1015","False","False","177","10/2/2021 10:54:00 PM","No Pedestrians Involved","Dry","No Unusual Conditions","Dark - Street Light","Violation Driver 1","No Controls Present/Factor","Clear","Sideswipe","Non-Related","Parked Vehicle","Not Applicable","Not Applicable","East Of",""
"679134","CR-0000088329","0","0","0","0","21-283-9703","False","True","0","10/2/2021 7:25:00 AM","No Pedestrians Involved","Dry","No Unusual Conditions","Daylight","Unknown","Controls Functioning","Clear","Broadside","Intersection","Other Vehicle","Not Applicable","Not Applicable","At",""
"679135","CR-0000088330","0","0","0","0","21-276-0014","False","False","396","10/2/2021 11:00:00 PM","No Pedestrians Involved","Dry","No Unusual Conditions","Dark - Street Light","Violation Driver 1","No Controls Present/Factor","Clear","Sideswipe","Non-Related","Parked Vehicle","Not Applicable","Not Applicable","West Of",""
"679136","CR-0000088331","0","0","0","0","21-275-0567","False","False","95","10/2/2021 3:41:00 PM","No Pedestrians Involved","Dry","No Unusual Conditions","Daylight","Violation Driver 1","No Controls Present/Factor","Clear","Sideswipe","Non-Related","Parked Vehicle","Not Applicable","Not Applicable","East Of",""
"679137","CR-0000088332","0","1","0","0","21-275-0571","False","False","40","10/2/2021 3:45:00 PM","No Pedestrians Involved","Dry","No Unusual Conditions","Daylight","Bike At Fault","No Controls Present/Factor","Clear","Other","Related","Bike","Not Applicable","Not Applicable","West Of","Bike"
"679138","CR-0000088333","1","0","0","0","21-278-0532","False","False","51","10/3/2021 8:00:00 AM","No Pedestrians Involved","Dry","No Unusual Conditions","Daylight","Violation Driver 1","No Controls Present/Factor","Clear","Vehicle/Bike","Non-Related","Bike","Not Applicable","Not Applicable","Unknown",""
"679139","CR-0000088334","1","0","0","0","21-276-0583","False","False","0","10/3/2021 4:14:00 PM","No Pedestrians Involved","Dry","No Unusual Conditions","Daylight","Violation Driver 1","Controls Functioning","Clear","Broadside","Intersection","Other Vehicle","Not Applicable","Not Applicable","At",""
"679140","CR-0000088335","0","1","0","0","21-276-0782","False","False","207","10/3/2021 8:16:00 PM","No Pedestrians Involved","Dry","No Unusual Conditions","Dark - Street Light","Violation Driver 1","Controls Functioning","Clear","Hit Object","Non-Related","Fixed Object","Not Applicable","Not Applicable","West Of","PG&E Pole"
"679141","CR-0000088336","1","0","0","0","21-276-0165","False","False","0","10/3/2021 3:30:00 AM","No Pedestrians Involved","Dry","No Unusual Conditions","Dark - Street Light","Violation Driver 1","Controls Functioning","Clear","Rear End","Intersection","Other Vehicle","Not Applicable","Not Applicable","At",""
"679142","CR-0000088337","0","0","0","0","21-276-0241","False","False","0","10/3/2021 8:05:00 AM","No Pedestrians Involved","Dry","No Unusual Conditions","Daylight","Violation Driver 1","Controls Functioning","Clear","Broadside","Intersection","Other Vehicle","Not Applicable","Not Applicable","At",""
"679143","CR-0000088338","0","0","1","0","21-276-0304","False","False","0","10/3/2021 9:52:00 AM","Crossing In Crosswalk - At Intersection","Dry","No Unusual Conditions","Daylight","Violation Driver 1","Controls Functioning","Clear","Vehicle/Pedestrian","Intersection","Pedestrian","North","North","At","PED"
"679144","CR-0000088339","2","0","0","0","21-276-0356","False","False","0","10/3/2021 11:25:00 AM","No Pedestrians Involved","Dry","No Unusual Conditions","Daylight","Violation Driver 1","Controls Functioning","Clear","Broadside","Intersection","Other Vehicle","Not Applicable","Not Applicable","At",""
"679145","CR-0000088340","4","2","1","0","21-276-0673","False","False","0","10/3/2021 5:55:00 PM","No Pedestrians Involved","Dry","No Unusual Conditions","Daylight","Violation Driver 1","Controls Functioning","Clear","Head On","Intersection","Other Vehicle","Not Applicable","Not Applicable","At",""
"679146","CR-0000088341","0","0","0","0","21-276-0530","False","False","145","10/3/2021 3:13:00 PM","No Pedestrians Involved","Dry","No Unusual Conditions","Daylight","Violation Driver 1","No Controls Present/Factor","Clear","Head On","Non-Related","Parked Vehicle","Not Applicable","Not Applicable","South Of",""
"679147","CR-0000088342","0","0","0","0","21-276-0485","False","False","63","10/3/2021 2:00:00 PM","No Pedestrians Involved","Dry","No Unusual Conditions","Daylight","Violation Driver 1","No Controls Present/Factor","Clear","Hit Object","Non-Related","Fixed Object","Not Applicable","Not Applicable","North Of",""
"679148","CR-0000088343","1","0","0","0","21-276-0786","False","False","0","10/3/2021 8:21:00 PM","No Pedestrians Involved","Dry","No Unusual Conditions","Dark - Street Light","Violation Driver 1","Controls Functioning","Clear","Broadside","Intersection","Other Vehicle","Not Applicable","Not Applicable","At",""
"679149","CR-0000088344","0","0","0","0","21-276-0874","False","False","50","10/3/2021 10:13:00 PM","No Pedestrians Involved","Dry","No Unusual Conditions","Dark - Street Light","Violation Driver 1","Unknown","Clear","Sideswipe","Related","Parked Vehicle","Not Applicable","Not Applicable","West Of",""
"679150","CR-0000088345","0","1","0","0","21-276-0825","False","False","76","10/3/2021 9:11:00 PM","No Pedestrians Involved","Dry","No Unusual Conditions","Dark - Street Light","Violation Driver 1","No Controls Present/Factor","Clear","Head On","Non-Related","Parked Vehicle","Not Applicable","Not Applicable","South Of",""
"679151","CR-0000088346","0","0","0","0","21-276-0935","False","False","55","10/3/2021 11:14:00 PM","No Pedestrians Involved","Dry","No Unusual Conditions","Dark - Street Light","Violation Driver 1","Controls Functioning","Clear","Rear End","Non-Related","Parked Vehicle","Not Applicable","Not Applicable","East Of",""
"679152","CR-0000088347","0","0","0","0","21-255-1016","True","False","33","9/12/2021 11:47:00 PM","No Pedestrians Involved","Dry","No Unusual Conditions","Dark - Street Light","Violation Driver 1","Controls Functioning","Clear","Sideswipe","Related","Parked Vehicle","Not Applicable","Not Applicable","South Of","Tree"
"679153","CR-0000088348","0","0","0","0","21-269-9702","False","True","51","9/25/2021 7:35:00 PM","No Pedestrians Involved","Dry","No Unusual Conditions","Dark - Street Light","Unknown","Controls Functioning","Clear","Sideswipe","Non-Related","Other Vehicle","Not Applicable","Not Applicable","Unknown",""