"CrashFactId","Name","MinorInjuries","ModerateInjuries","SevereInjuries","FatalInjuries","TcrNumber","CityDamageFlag","ShortFormFlag","Distance","CrashDateTime","PedestrianAction","RoadwaySurface","RoadwayCondition","Lighting","PrimaryCollisionFactor","TrafficControl","Weather","CollisionType","ProximityToIntersection","VehicleInvolvedWith","PedestrianDirectionFrom","PedestrianDirectionTo","DirectionFromIntersection","Comment"
"679730","CR-0000088945","2","0","0","0","21-018-0795","False","False","0","1/18/2021 7:15:00 PM","No Pedestrians Involved","Dry","No Unusual Conditions","Dark - Street Light","Violation Driver 1","No Controls Present/Factor","Clear","Broadside","Intersection","Other Vehicle","Not Applicable","Not Applicable","At",""
"679736","CR-0000088951","0","1","0","0","21-023-0652","False","False","148","1/23/2021 5:53:00 PM","Crossing - Not In Crosswalk","Dry","No Unusual Conditions","Dark - Street Light","Violation Driver 1","No Controls Present/Factor","Clear","Vehicle/Pedestrian","Non-Related","Pedestrian","Unknown","Unknown","South Of","PEDESTRIAN"
"679739","CR-0000088954","0","2","2","0","21-002-0203","False","False","415","1/2/2021 10:05:00 AM","No Pedestrians Involved","Wet","No Unusual Conditions","Dusk - Dawn","Violation Driver 1","Unknown","Rain","Head On","Non-Related","Other Vehicle","Not Applicable","Not Applicable","South Of",""
"679740","CR-0000088955","1","0","0","0","21-009-0595","False","False","20","1/9/2021 4:27:00 PM","No Pedestrians Involved","Dry","Unknown","Daylight","Violation Driver 1","Controls Functioning","Clear","Head On","Related","Other Vehicle","Not Applicable","Not Applicable","North Of",""
"679741","CR-0000088956","0","1","0","0","21-012-0049","False","False","51","1/12/2021 1:23:00 AM","In Road - Includes Shoulder","Dry","No Unusual Conditions","Dark - Street Light","Violation Driver 1","Controls Functioning","Clear","Vehicle/Pedestrian","Non-Related","Pedestrian","North","South","North Of","PEDESTRIAN"
"679742","CR-0000088957","3","0","0","0","21-014-0873","False","False","0","1/14/2021 8:45:00 PM","Crossing In Crosswalk - At Intersection","Dry","No Unusual Conditions","Dark - Street Light","Violation Driver 1","Controls Functioning","Clear","Vehicle/Bike","Intersection","Bike","West","East","At","BIKE"
"679743","CR-0000088958","0","0","1","0","21-015-0691","False","False","285","1/15/2021 5:26:00 PM","No Pedestrians Involved","Dry","No Unusual Conditions","Dark - Street Light","Violation Driver 1","No Controls Present/Factor","Clear","Broadside","Non-Related","Motorcycle","Not Applicable","Not Applicable","South Of","MOTORCYCLE"
"679744","CR-0000088959","0","0","1","0","21-016-0357","False","False","0","1/16/2021 11:44:00 AM","No Pedestrians Involved","Dry","No Unusual Conditions","Daylight","Violation Driver 1","Controls Functioning","Clear","Sideswipe","Intersection","Other Vehicle","Not Applicable","Not Applicable","At",""
"679745","CR-0000088960","2","0","0","0","21-017-0128","False","False","47","1/17/2021 3:53:00 AM","No Pedestrians Involved","Dry","No Unusual Conditions","Dark - Street Light Not Functioning","Violation Driver 1","No Controls Present/Factor","Clear","Rear End","Related","Other Vehicle","Not Applicable","Not Applicable","South Of",""
"679746","CR-0000088961","1","0","0","0","21-017-0201","False","False","0","1/17/2021 8:16:00 AM","No Pedestrians Involved","Dry","No Unusual Conditions","Daylight","Violation Driver 1","Controls Functioning","Clear","Head On","Intersection","Other Vehicle","Not Applicable","Not Applicable","At",""
"679747","CR-0000088962","1","1","0","0","21-018-0601","False","False","30","1/18/2021 3:50:00 PM","No Pedestrians Involved","Dry","No Unusual Conditions","Daylight","Violation Driver 1","Controls Functioning","Clear","Rear End","Related","Other Vehicle","Not Applicable","Not Applicable","South Of",""
"679772","CR-0000088987","0","1","0","0","21-310-0983","False","False","47","11/7/2021 12:39:00 AM","No Pedestrians Involved","Dry","No Unusual Conditions","Dark - Street Light","Violation Driver 1","No Controls Present/Factor","Clear","Head On","Related","Parked Vehicle","Not Applicable","Not Applicable","East Of",""
"679773","CR-0000088988","0","0","0","0","21-311-0148","False","False","17","11/7/2021 2:00:00 AM","No Pedestrians Involved","Dry","No Unusual Conditions","Dark - Street Light","Violation Driver 1","Controls Functioning","Clear","Hit Object","Related","Bike","Not Applicable","Not Applicable","South Of","FENCE"
"679774","CR-0000088991","3","0","0","0","21-315-0646","False","False","53","11/11/2021 6:25:00 PM","No Pedestrians Involved","Dry","No Unusual Conditions","Dark - Street Light","Violation Driver 1","Controls Functioning","Clear","Rear End","Non-Related","Other Vehicle","Not Applicable","Not Applicable","South Of",""
"679812","CR-0000089030","1","0","0","0","21-122-0844","False","False","0","5/2/2021 7:24:00 PM","No Pedestrians Involved","Dry","No Unusual Conditions","Daylight","Violation Driver 1","No Controls Present/Factor","Clear","Broadside","Intersection","Other Vehicle","Not Applicable","Not Applicable","At",""
"679813","CR-0000089031","0","1","0","0","21-122-0810","False","False","0","5/2/2021 7:00:00 PM","No Pedestrians Involved","Dry","No Unusual Conditions","Daylight","Violation Driver 1","Controls Functioning","Clear","Broadside","Intersection","Other Vehicle","Not Applicable","Not Applicable","At",""
"679814","CR-0000089032","1","0","0","0","21-122-0514","False","False","385","5/2/2021 2:02:00 PM","No Pedestrians Involved","Dry","No Unusual Conditions","Daylight","Violation Driver 1","No Controls Present/Factor","Clear","Broadside","Non-Related","Other Vehicle","Not Applicable","Not Applicable","North Of",""
"679815","CR-0000089033","1","1","0","0","21-065-0817","False","False","23","3/6/2021 10:23:00 PM","No Pedestrians Involved","Dry","No Unusual Conditions","Dark - Street Light","Violation Driver 1","Controls Functioning","Clear","Hit Object","Related","Fixed Object","Not Applicable","Not Applicable","South Of","MEDIAN ISLAND"
"679816","CR-0000089034","2","0","0","0","21-221-0982","False","False","164","7/30/2021 9:15:00 PM","No Pedestrians Involved","Dry","Unknown","Dark - Street Light","Violation Driver 1","Controls Functioning","Clear","Head On","Non-Related","Other Vehicle","Not Applicable","Not Applicable","East Of",""
"679817","CR-0000089036","0","0","0","0","21-349-9718","False","True","16","10/15/2021 10:15:00 AM","No Pedestrians Involved","Dry","Construction - Repair Zone","Daylight","Violation Driver 1","No Controls Present/Factor","Clear","Sideswipe","Related","Other Vehicle","Not Applicable","Not Applicable","West Of",""
"679818","CR-0000089037","2","0","0","0","21-302-0531","False","False","0","10/29/2021 2:19:00 PM","No Pedestrians Involved","Dry","No Unusual Conditions","Daylight","Violation Driver 1","No Controls Present/Factor","Clear","Head On","Intersection","Other Vehicle","Not Applicable","Not Applicable","At",""
"679819","CR-0000089038","0","0","0","0","21-350-9706","False","True","51","11/2/2021 4:15:00 PM","No Pedestrians Involved","Dry","No Unusual Conditions","Daylight","Violation Driver 1","No Controls Present/Factor","Clear","Sideswipe","Non-Related","Parked Vehicle","Not Applicable","Not Applicable","North Of",""
"679820","CR-0000089039","1","0","0","0","21-308-0011","False","False","0","11/4/2021 12:04:00 AM","No Pedestrians Involved","Dry","No Unusual Conditions","Dark - Street Light","Violation Driver 1","Controls Functioning","Clear","Sideswipe","Intersection","Other Vehicle","Not Applicable","Not Applicable","At",""
"679821","CR-0000089040","0","1","0","0","21-308-0737","False","False","80","11/4/2021 5:00:00 PM","No Pedestrians Involved","Dry","No Unusual Conditions","Daylight","Bike At Fault","No Controls Present/Factor","Clear","Vehicle/Bike","Non-Related","Bike","Not Applicable","Not Applicable","North Of","BIKE"
"679822","CR-0000089041","2","0","0","0","21-308-0648","False","False","0","11/4/2021 4:40:00 PM","No Pedestrians Involved","Dry","No Unusual Conditions","Daylight","Violation Driver 1","No Controls Present/Factor","Clear","Sideswipe","Intersection","Other Vehicle","Not Applicable","Not Applicable","At",""
"679823","CR-0000089042","0","1","0","0","21-308-0606","False","False","165","11/4/2021 4:00:00 PM","No Pedestrians Involved","Dry","No Unusual Conditions","Daylight","Violation Driver 1","No Controls Present/Factor","Clear","Rear End","Non-Related","Other Vehicle","Not Applicable","Not Applicable","East Of",""
"679824","CR-0000089043","1","0","0","0","21-309-0609","False","False","0","11/5/2021 4:11:00 PM","No Pedestrians Involved","Dry","No Unusual Conditions","Daylight","Violation Driver 1","Controls Functioning","Clear","Rear End","Intersection","Other Vehicle","Not Applicable","Not Applicable","At",""
"679825","CR-0000089044","0","2","0","0","21-309-0531","False","False","0","11/5/2021 2:21:00 PM","No Pedestrians Involved","Dry","No Unusual Conditions","Daylight","Violation Driver 1","No Controls Present/Factor","Clear","Head On","Intersection","Other Vehicle","Not Applicable","Not Applicable","At",""
"679826","CR-0000089045","0","1","0","0","21-309-0568","False","False","270","11/5/2021 3:09:00 PM","No Pedestrians Involved","Dry","No Unusual Conditions","Daylight","Violation Driver 1","No Controls Present/Factor","Clear","Broadside","Non-Related","Other Vehicle","Not Applicable","Not Applicable","South Of",""
"679827","CR-0000089046","1","0","0","0","21-309-0844","False","False","0","11/5/2021 7:28:00 PM","No Pedestrians Involved","Dry","Unknown","Dark - Street Light","Violation Driver 1","Controls Functioning","Clear","Broadside","Intersection","Other Vehicle","Not Applicable","Not Applicable","At",""
"679828","CR-0000089047","0","2","0","0","21-310-0591","False","False","114","11/6/2021 4:18:00 PM","No Pedestrians Involved","Dry","No Unusual Conditions","Daylight","Violation Driver 1","No Controls Present/Factor","Clear","Rear End","Non-Related","Other Vehicle","Not Applicable","Not Applicable","North Of",""
"679829","CR-0000089048","0","0","0","0","21-311-0677","False","False","0","11/7/2021 4:25:00 PM","No Pedestrians Involved","Dry","No Unusual Conditions","Daylight","Violation Driver 1","Controls Functioning","Clear","Rear End","Intersection","Other Vehicle","Not Applicable","Not Applicable","At",""
"679830","CR-0000089049","2","0","0","0","21-312-0299","False","False","0","11/8/2021 10:38:00 AM","No Pedestrians Involved","Dry","No Unusual Conditions","Daylight","Unknown","Controls Functioning","Clear","Head On","Intersection","Other Vehicle","Not Applicable","Not Applicable","At",""
"679831","CR-0000089050","2","0","0","0","21-312-0720","False","False","250","11/8/2021 5:25:00 PM","No Pedestrians Involved","Dry","No Unusual Conditions","Dark - Street Light","Violation Driver 1","No Controls Present/Factor","Clear","Rear End","Non-Related","Motor Vehicle On Other Roadway","Not Applicable","Not Applicable","West Of",""
"679832","CR-0000089051","2","0","0","0","21-313-0625","False","False","455","11/9/2021 3:51:00 PM","No Pedestrians Involved","Dry","No Unusual Conditions","Daylight","Violation Driver 1","No Controls Present/Factor","Clear","Broadside","Non-Related","Other Vehicle","Not Applicable","Not Applicable","South Of",""
"679833","CR-0000089052","1","0","0","0","21-313-0724","False","False","51","11/9/2021 5:47:00 PM","No Pedestrians Involved","Dry","No Unusual Conditions","Daylight","Violation Driver 1","Controls Functioning","Clear","Head On","Non-Related","Other Vehicle","Not Applicable","Not Applicable","North Of",""
"679834","CR-0000089053","1","0","0","0","21-314-0135","False","False","0","11/10/2021 5:20:00 AM","No Pedestrians Involved","Dry","No Unusual Conditions","Dark - Street Light","Violation Driver 1","Controls Functioning","Clear","Vehicle/Bike","Intersection","Bike","Not Applicable","Not Applicable","At","BIKE"
"679835","CR-0000089054","1","0","0","0","21-314-0255","False","False","90","11/10/2021 8:50:00 AM","No Pedestrians Involved","Dry","No Unusual Conditions","Daylight","Violation Driver 1","Controls Functioning","Cloudy","Rear End","Non-Related","Other Vehicle","Not Applicable","Not Applicable","South Of",""
"679836","CR-0000089055","0","1","0","0","21-314-0726","False","False","0","11/10/2021 7:19:00 PM","Crossing In Crosswalk - At Intersection","Dry","No Unusual Conditions","Dark - Street Light","Violation Driver 1","Controls Functioning","Clear","Vehicle/Pedestrian","Intersection","Pedestrian","East","West","At","PEDESTRIAN"
"679837","CR-0000089056","2","0","0","0","21-315-0357","False","False","0","11/11/2021 12:29:00 PM","No Pedestrians Involved","Dry","No Unusual Conditions","Daylight","Violation Driver 1","Unknown","Clear","Rear End","Intersection","Other Vehicle","Not Applicable","Not Applicable","At",""
"679838","CR-0000089057","0","1","0","0","21-315-0069","True","False","205","11/11/2021 2:25:00 AM","No Pedestrians Involved","Dry","No Unusual Conditions","Dark - Street Light","Violation Driver 1","No Controls Present/Factor","Clear","Hit Object","Non-Related","Fixed Object","Not Applicable","Not Applicable","South Of","TREE"
"679839","CR-0000089058","1","0","0","0","21-308-1027","False","False","0","11/4/2021 10:46:00 PM","No Pedestrians Involved","Dry","No Unusual Conditions","Dark - Street Light","Violation Driver 1","Controls Functioning","Clear","Broadside","Intersection","Other Vehicle","Not Applicable","Not Applicable","At",""
"679840","CR-0000089059","0","0","0","0","21-182-4003","False","True","51","7/1/2021 8:40:00 AM","No Pedestrians Involved","Unknown","Unknown","Unknown","Unknown","Unknown","Unknown","Hit Object","Non-Related","Parked Vehicle","Not Applicable","Not Applicable","West Of",""
"679841","CR-0000089060","0","0","0","0","21-183-4003","False","True","0","7/2/2021 4:25:00 PM","No Pedestrians Involved","Unknown","Unknown","Unknown","Unknown","Unknown","Unknown","Rear End","Intersection","Other Vehicle","Not Applicable","Not Applicable","At",""
"679842","CR-0000089061","0","0","0","0","21-184-4003","False","True","51","7/3/2021 9:00:00 AM","No Pedestrians Involved","Unknown","Unknown","Daylight","Unknown","Unknown","Clear","Sideswipe","Non-Related","Parked Vehicle","Not Applicable","Not Applicable","North Of",""
"679843","CR-0000089062","0","0","0","0","21-190-4002","False","True","","7/9/2021 11:00:00 AM","No Pedestrians Involved","Unknown","Unknown","Daylight","Unknown","Unknown","Unknown","Other","Related","Other Vehicle","Not Applicable","Not Applicable","West Of",""
"679844","CR-0000089063","0","0","0","0","21-191-4003","False","True","51","7/10/2021 4:45:00 PM","No Pedestrians Involved","Unknown","Unknown","Daylight","Unknown","Unknown","Unknown","Rear End","Non-Related","Other Vehicle","Not Applicable","Not Applicable","North Of",""
"679845","CR-0000089066","0","0","0","0","21-201-4003","False","True","0","7/20/2021 1:45:00 PM","No Pedestrians Involved","Unknown","Unknown","Unknown","Unknown","Unknown","Unknown","Broadside","Intersection","Other Vehicle","Not Applicable","Not Applicable","At",""
"679846","CR-0000089067","0","0","0","0","21-201-4004","False","True","51","7/20/2021 4:30:00 PM","No Pedestrians Involved","Unknown","Unknown","Unknown","Unknown","Unknown","Unknown","Sideswipe","Non-Related","Parked Vehicle","Not Applicable","Not Applicable","East Of",""
"679847","CR-0000089068","0","0","0","0","21-195-4002","False","True","","7/8/2021 7:51:00 AM","No Pedestrians Involved","Unknown","Unknown","Unknown","Unknown","Unknown","Unknown","Rear End","Related","Other Vehicle","Not Applicable","Not Applicable","North Of",""
"679848","CR-0000089069","0","0","0","0","21-197-4000","False","True","","7/16/2021 6:17:00 PM","No Pedestrians Involved","Unknown","Unknown","Unknown","Unknown","Unknown","Clear","Rear End","Related","Other Vehicle","Not Applicable","Not Applicable","East Of",""
"679849","CR-0000089070","0","0","0","0","21-197-4001","False","True","0","7/16/2021 8:10:00 PM","No Pedestrians Involved","Unknown","Unknown","Unknown","Unknown","Unknown","Clear","Rear End","Intersection","Other Vehicle","Not Applicable","Not Applicable","At",""
"679850","CR-0000089071","0","0","0","0","21-198-4002","False","True","0","7/16/2021 2:45:00 PM","No Pedestrians Involved","Unknown","Unknown","Unknown","Unknown","Unknown","Unknown","Rear End","Intersection","Other Vehicle","Not Applicable","Not Applicable","At",""
"679851","CR-0000089072","0","0","0","0","21-200-4002","False","True","","7/18/2021 9:30:00 PM","No Pedestrians Involved","Unknown","Unknown","Unknown","Unknown","Unknown","Unknown","Sideswipe","Related","Parked Vehicle","Not Applicable","Not Applicable","North Of",""
"679852","CR-0000089073","0","0","0","0","21-200-4003","False","True","51","7/10/2021 7:50:00 PM","No Pedestrians Involved","Unknown","Unknown","Unknown","Unknown","Unknown","Unknown","Other","Non-Related","Parked Vehicle","Not Applicable","Not Applicable","East Of",""
"679853","CR-0000089074","0","0","0","0","21-201-4000","False","True","0","7/19/2021 9:30:00 AM","No Pedestrians Involved","Unknown","Unknown","Unknown","Unknown","Unknown","Unknown","Broadside","Intersection","Other Vehicle","Not Applicable","Not Applicable","At",""
"679854","CR-0000089075","0","0","0","0","21-201-4001","False","True","51","7/19/2021 3:45:00 PM","No Pedestrians Involved","Unknown","Unknown","Unknown","Unknown","Unknown","Unknown","Sideswipe","Non-Related","Parked Vehicle","Not Applicable","Not Applicable","West Of",""
"679855","CR-0000089076","0","0","0","0","21-202-4002","False","True","","7/21/2021 10:10:00 AM","No Pedestrians Involved","Unknown","Unknown","Unknown","Unknown","Unknown","Unknown","Broadside","Related","Parked Vehicle","Not Applicable","Not Applicable","South Of",""
"679856","CR-0000089077","0","0","0","0","21-203-4005","False","True","51","7/22/2021 3:35:00 PM","No Pedestrians Involved","Unknown","Unknown","Unknown","Unknown","Unknown","Unknown","Sideswipe","Non-Related","Parked Vehicle","Not Applicable","Not Applicable","West Of",""
"679857","CR-0000089078","0","0","0","0","21-203-4006","False","True","0","7/22/2021 3:20:00 PM","No Pedestrians Involved","Unknown","Unknown","Unknown","Unknown","Unknown","Unknown","Rear End","Intersection","Other Vehicle","Not Applicable","Not Applicable","At",""
"679858","CR-0000089079","0","0","0","0","21-204-4001","False","True","51","7/19/2021 9:31:00 AM","No Pedestrians Involved","Unknown","Unknown","Unknown","Unknown","Unknown","Unknown","Other","Non-Related","Parked Vehicle","Not Applicable","Not Applicable","East Of",""
"679859","CR-0000089080","0","0","0","0","21-205-4000","False","True","","7/24/2021 11:50:00 AM","No Pedestrians Involved","Unknown","Unknown","Unknown","Unknown","Unknown","Unknown","Rear End","Related","Other Vehicle","Not Applicable","Not Applicable","West Of",""
"679860","CR-0000089081","0","0","0","0","21-206-4000","False","True","0","7/21/2021 9:15:00 AM","No Pedestrians Involved","Unknown","Unknown","Unknown","Unknown","Unknown","Unknown","Sideswipe","Intersection","Other Vehicle","Not Applicable","Not Applicable","At",""
"679861","CR-0000089082","0","0","0","0","21-206-4002","False","True","51","7/24/2021 3:40:00 PM","No Pedestrians Involved","Unknown","Unknown","Unknown","Unknown","Unknown","Unknown","Sideswipe","Non-Related","Parked Vehicle","Not Applicable","Not Applicable","West Of",""
"679863","CR-0000089084","0","0","0","0","21-208-4002","False","True","","7/27/2021 9:10:00 AM","No Pedestrians Involved","Unknown","Unknown","Unknown","Unknown","Unknown","Unknown","Sideswipe","Related","Other Vehicle","Not Applicable","Not Applicable","Unknown",""
"679864","CR-0000089085","0","0","0","0","21-165-4002","False","True","","6/14/2021 1:40:00 PM","No Pedestrians Involved","Unknown","Unknown","Unknown","Unknown","Unknown","Unknown","Rear End","Related","Unknown","Not Applicable","Not Applicable","North Of",""
"679865","CR-0000089086","0","0","0","0","21-166-4003","False","True","0","6/12/2021 2:45:00 PM","No Pedestrians Involved","Unknown","Unknown","Unknown","Unknown","Unknown","Unknown","Other","Intersection","Other Vehicle","Not Applicable","Not Applicable","At",""
"679866","CR-0000089087","0","0","0","0","21-167-4000","False","True","","6/15/2021 6:15:00 PM","No Pedestrians Involved","Unknown","Unknown","Unknown","Unknown","Unknown","Unknown","Rear End","Related","Other Vehicle","Not Applicable","Not Applicable","Unknown",""
"679867","CR-0000089088","0","0","0","0","21-168-4000","False","True","0","6/17/2021 12:05:00 PM","No Pedestrians Involved","Unknown","Unknown","Unknown","Unknown","Unknown","Unknown","Rear End","Intersection","Other Vehicle","Not Applicable","Not Applicable","At",""
"679868","CR-0000089089","0","0","0","0","21-169-4001","False","True","51","6/16/2021 3:03:00 AM","No Pedestrians Involved","Unknown","Unknown","Unknown","Unknown","Unknown","Unknown","Other","Non-Related","Parked Vehicle","Not Applicable","Not Applicable","East Of",""
"679869","CR-0000089090","0","0","0","0","21-170-4003","False","True","51","6/19/2021 6:20:00 PM","No Pedestrians Involved","Unknown","Unknown","Unknown","Unknown","Unknown","Unknown","Other","Non-Related","Parked Vehicle","Not Applicable","Not Applicable","North Of",""
"679870","CR-0000089091","0","0","0","0","21-172-4002","False","True","51","6/17/2021 4:00:00 AM","No Pedestrians Involved","Unknown","Unknown","Unknown","Unknown","Unknown","Unknown","Sideswipe","Non-Related","Parked Vehicle","Not Applicable","Not Applicable","North Of",""
"679871","CR-0000089092","0","0","0","0","21-175-4001","False","True","0","6/17/2021 6:30:00 PM","No Pedestrians Involved","Unknown","Unknown","Unknown","Unknown","Unknown","Unknown","Rear End","Intersection","Other Vehicle","Not Applicable","Not Applicable","At",""
"679872","CR-0000089093","0","0","0","0","21-175-4003","False","True","","6/24/2021 5:00:00 PM","No Pedestrians Involved","Unknown","Unknown","Unknown","Unknown","Unknown","Unknown","Rear End","Related","Other Vehicle","Not Applicable","Not Applicable","Unknown",""
"679873","CR-0000089094","0","0","0","0","21-175-4004","False","True","51","6/22/2021 6:20:00 PM","No Pedestrians Involved","Unknown","Unknown","Unknown","Unknown","Unknown","Unknown","Sideswipe","Non-Related","Other Vehicle","Not Applicable","Not Applicable","East Of",""
"679874","CR-0000089095","0","0","0","0","21-176-4003","False","True","","6/22/2021 11:10:00 PM","No Pedestrians Involved","Unknown","Unknown","Unknown","Unknown","Unknown","Unknown","Other","Related","Parked Vehicle","Not Applicable","Not Applicable","West Of",""
"679875","CR-0000089096","0","0","0","0","21-178-4001","False","True","51","6/15/2021 12:00:00 PM","No Pedestrians Involved","Unknown","Unknown","Unknown","Unknown","Unknown","Unknown","Sideswipe","Non-Related","Parked Vehicle","Not Applicable","Not Applicable","South Of",""
"679876","CR-0000089097","0","0","0","0","21-178-4003","False","True","51","6/27/2021 1:00:00 PM","No Pedestrians Involved","Unknown","Unknown","Unknown","Unknown","Unknown","Unknown","Sideswipe","Non-Related","Parked Vehicle","Not Applicable","Not Applicable","West Of",""
"679877","CR-0000089098","0","0","0","0","21-179-4002","False","True","51","6/28/2021 1:30:00 AM","No Pedestrians Involved","Unknown","Unknown","Unknown","Unknown","Unknown","Unknown","Sideswipe","Non-Related","Other Vehicle","Not Applicable","Not Applicable","West Of",""
"679878","CR-0000089099","0","0","0","0","21-179-4007","False","True","","6/28/2021 3:35:00 PM","No Pedestrians Involved","Unknown","Unknown","Unknown","Unknown","Unknown","Unknown","Other","Related","Other Vehicle","Not Applicable","Not Applicable","Unknown",""
"679879","CR-0000089100","0","0","0","0","21-180-4001","False","True","","6/28/2021 11:00:00 AM","No Pedestrians Involved","Unknown","Unknown","Unknown","Unknown","Unknown","Unknown","Sideswipe","Related","Other Vehicle","Not Applicable","Not Applicable","East Of",""
"679880","CR-0000089101","0","0","0","0","21-180-4002","False","True","","6/29/2021 2:10:00 PM","No Pedestrians Involved","Unknown","Unknown","Unknown","Unknown","Unknown","Unknown","Rear End","Related","Parked Vehicle","Not Applicable","Not Applicable","East Of",""
"679881","CR-0000089102","0","0","0","0","21-182-4001","False","True","","6/27/2021 6:00:00 PM","No Pedestrians Involved","Unknown","Unknown","Unknown","Unknown","Unknown","Unknown","Sideswipe","Related","Parked Vehicle","Not Applicable","Not Applicable","East Of",""
"679882","CR-0000089103","0","0","1","1","21-254-0194","False","False","0","12/20/2021 6:59:00 AM","Crossing - Not In Crosswalk","Dry","No Unusual Conditions","Dark - Street Light","Unknown","No Controls Present/Factor","Cloudy","Vehicle/Pedestrian","Intersection","Pedestrian","South","No Direction (Not Walking)","At",""
"679883","CR-0000089104","0","0","0","1","21-351-0758","False","False","230","12/17/2021 6:16:00 PM","No Pedestrians Involved","Dry","No Unusual Conditions","Dark - Street Light","Unknown","Controls Functioning","Clear","Rear End","Non-Related","Motorcycle","Not Applicable","Not Applicable","East Of",""
"679884","CR-0000089105","0","1","0","1","21-350-0555","False","False","0","12/16/2021 3:21:00 PM","No Pedestrians Involved","Dry","No Unusual Conditions","Daylight","Violation Driver 1","Controls Functioning","Clear","Broadside","Intersection","Other Vehicle","Not Applicable","Not Applicable","At",""
"679885","CR-0000089106","0","0","0","1","21-131-0912","False","False","0","5/11/2021 7:54:00 PM","No Pedestrians Involved","Dry","No Unusual Conditions","Daylight","Violation Driver 1","Controls Functioning","Clear","Broadside","Intersection","Motorcycle","Not Applicable","Not Applicable","At",""
"679886","CR-0000089110","0","0","0","0","21-316-0768","False","False","0","11/12/2021 6:28:00 PM","No Pedestrians Involved","Dry","No Unusual Conditions","Dusk - Dawn","Violation Driver 1","Controls Functioning","Clear","Broadside","Intersection","Other Vehicle","Not Applicable","Not Applicable","At",""
"679887","CR-0000089108","0","0","0","0","21-316-0459","False","False","159","11/12/2021 1:00:00 PM","No Pedestrians Involved","Dry","No Unusual Conditions","Daylight","Unknown","No Controls Present/Factor","Clear","Rear End","Non-Related","Parked Vehicle","Not Applicable","Not Applicable","East Of",""
"679888","CR-0000089136","1","0","0","0","21-317-0816","True","False","0","11/13/2021 7:18:00 PM","No Pedestrians Involved","Dry","No Unusual Conditions","Dark - Street Light","Violation Driver 1","Controls Functioning","Clear","Hit Object","Intersection","Fixed Object","Not Applicable","Not Applicable","At","MEDIAN"
"679889","CR-0000089128","0","1","0","0","21-317-0540","True","False","0","11/13/2021 2:33:00 PM","No Pedestrians Involved","Dry","No Unusual Conditions","Daylight","Violation Driver 1","Unknown","Clear","Hit Object","Intersection","Fixed Object","Not Applicable","Not Applicable","At","CROSSWALK SIGN"
"679890","CR-0000089114","1","0","0","0","21-316-1115","False","False","0","11/12/2021 11:53:00 PM","No Pedestrians Involved","Dry","No Unusual Conditions","Dark - Street Light","Violation Driver 1","Controls Functioning","Clear","Vehicle/Bike","Intersection","Bike","Not Applicable","Not Applicable","At","BIKE (E-SCOOTER)"
"679891","CR-0000089125","0","0","0","0","21-317-0005","False","False","0","11/13/2021 11:50:00 PM","No Pedestrians Involved","Dry","No Unusual Conditions","Dark - Street Light","Violation Driver 1","No Controls Present/Factor","Clear","Rear End","Intersection","Parked Vehicle","Not Applicable","Not Applicable","At",""
"679892","CR-0000089117","2","0","0","0","21-316-0316","False","False","41","11/12/2021 6:29:00 AM","No Pedestrians Involved","Dry","No Unusual Conditions","Daylight","Violation Driver 1","Controls Functioning","Clear","Rear End","Related","Other Vehicle","Not Applicable","Not Applicable","North Of",""
"679893","CR-0000089122","0","0","1","0","21-316-0643","False","False","625","11/12/2021 4:40:00 PM","Crossing - Not In Crosswalk","Dry","No Unusual Conditions","Daylight","Violation Driver 1","No Controls Present/Factor","Clear","Vehicle/Pedestrian","Non-Related","Pedestrian","West","East","South Of","PEDESTRIAN"
"679894","CR-0000089146","0","0","0","0","21-316-0628","False","False","80","11/12/2021 4:15:00 PM","In Road - Includes Shoulder","Dry","No Unusual Conditions","Daylight","Violation Driver 1","Controls Functioning","Clear","Vehicle/Pedestrian","Non-Related","Pedestrian","Unknown","Unknown","South Of","PEDESTRIAN"
"679895","CR-0000089109","0","1","0","0","21-316-0480","False","False","0","11/12/2021 1:45:00 PM","No Pedestrians Involved","Dry","No Unusual Conditions","Daylight","Violation Driver 1","Controls Functioning","Clear","Broadside","Intersection","Other Vehicle","Not Applicable","Not Applicable","At",""
"679896","CR-0000089111","0","0","0","0","21-316-1036","True","False","66","11/12/2021 10:37:00 PM","No Pedestrians Involved","Dry","No Unusual Conditions","Dark - Street Light","Violation Driver 1","No Controls Present/Factor","Clear","Hit Object","Non-Related","Fixed Object","Not Applicable","Not Applicable","South Of","LIGHT POLE"
"679897","CR-0000089113","0","0","0","0","21-316-1067","False","False","51","11/12/2021 11:06:00 PM","No Pedestrians Involved","Dry","No Unusual Conditions","Dark - Street Light","Violation Driver 1","No Controls Present/Factor","Clear","Rear End","Non-Related","Parked Vehicle","Not Applicable","Not Applicable","North Of",""
"679898","CR-0000089140","0","0","0","0","21-318-0896","False","False","289","11/14/2021 10:18:00 PM","No Pedestrians Involved","Dry","No Unusual Conditions","Dark - Street Light","Violation Driver 1","No Controls Present/Factor","Clear","Rear End","Non-Related","Parked Vehicle","Not Applicable","Not Applicable","West Of",""
"679899","CR-0000089129","0","0","1","0","21-317-0718","False","False","0","11/13/2021 5:47:00 PM","No Pedestrians Involved","Dry","No Unusual Conditions","Dark - Street Light","Violation Driver 1","No Controls Present/Factor","Clear","Hit Object","Intersection","Unknown","Not Applicable","Not Applicable","At",""