"CrashFactId","Name","MinorInjuries","ModerateInjuries","SevereInjuries","FatalInjuries","TcrNumber","CityDamageFlag","ShortFormFlag","Distance","CrashDateTime","PedestrianAction","RoadwaySurface","RoadwayCondition","Lighting","PrimaryCollisionFactor","TrafficControl","Weather","CollisionType","ProximityToIntersection","VehicleInvolvedWith","PedestrianDirectionFrom","PedestrianDirectionTo","DirectionFromIntersection","Comment"
"680190","CR-0000089412","1","0","0","0","21-121-0669","False","False","44","5/1/2021 4:32:00 PM","No Pedestrians Involved","Dry","No Unusual Conditions","Daylight","Violation Driver 1","Controls Functioning","Clear","Rear End","Related","Other Vehicle","Not Applicable","Not Applicable","East Of",""
"680191","CR-0000089413","0","1","0","0","21-121-0748","False","False","0","5/1/2021 5:21:00 PM","No Pedestrians Involved","Dry","No Unusual Conditions","Daylight","Violation Driver 1","No Controls Present/Factor","Clear","Other","Intersection","Parked Vehicle","Not Applicable","Not Applicable","At",""
"680192","CR-0000089414","1","0","0","0","21-122-0962","False","False","66","5/2/2021 9:30:00 PM","No Pedestrians Involved","Dry","Unknown","Dark - Street Light","Violation Driver 1","No Controls Present/Factor","Clear","Hit Object","Non-Related","Fixed Object","Not Applicable","Not Applicable","West Of","STREET LIGHT"
"680193","CR-0000089415","1","0","0","0","21-036-0754","False","False","0","2/5/2021 7:22:00 PM","No Pedestrians Involved","Dry","No Unusual Conditions","Dark - Street Light","Violation Driver 1","Controls Functioning","Clear","Rear End","Intersection","Other Vehicle","Not Applicable","Not Applicable","At",""
"680194","CR-0000089416","0","1","0","0","21-037-0034","False","False","36","2/6/2021 12:52:00 AM","In Road - Includes Shoulder","Dry","No Unusual Conditions","Dark - Street Light","Violation Driver 1","Controls Functioning","Clear","Vehicle/Pedestrian","Related","Skateboard","West","East","East Of","PEDESTRIAN (SKATEBOARD)"
"680195","CR-0000089417","0","1","0","0","21-038-0866","False","False","","2/7/2021 10:15:00 PM","Crossing In Crosswalk - Not At Intersection","Dry","No Unusual Conditions","Dark - Street Light","Violation Driver 1","No Controls Present/Factor","Clear","Vehicle/Pedestrian","Non-Related","Pedestrian","South","North","East Of","PEDESTRIAN"
"680196","CR-0000089418","0","1","0","0","21-338-0264","False","False","414","12/4/2021 9:29:00 AM","No Pedestrians Involved","Dry","No Unusual Conditions","Daylight","Violation Driver 1","Controls Functioning","Clear","Vehicle/Bike","Non-Related","Bike","Not Applicable","Not Applicable","North Of",""
"680197","CR-0000089419","0","0","0","0","21-338-0375","False","False","0","12/4/2021 10:00:00 AM","No Pedestrians Involved","Dry","No Unusual Conditions","Daylight","Violation Driver 1","Controls Functioning","Clear","Broadside","Intersection","Other Vehicle","Not Applicable","Not Applicable","At",""
"680198","CR-0000089420","0","1","0","0","21-338-0509","True","False","344","12/4/2021 4:11:00 PM","No Pedestrians Involved","Dry","No Unusual Conditions","Daylight","Violation Driver 1","No Controls Present/Factor","Clear","Hit Object","Non-Related","Fixed Object","North","Not Applicable","South Of","hit tree"
"680199","CR-0000089421","0","0","0","0","21-338-0695","False","False","51","12/4/2021 6:31:00 PM","No Pedestrians Involved","Dry","Unknown","Dusk - Dawn","Violation Driver 1","Controls Functioning","Clear","Sideswipe","Non-Related","Motorcycle","Not Applicable","Not Applicable","West Of",""
"680200","CR-0000089422","0","0","1","0","21-338-0713","False","False","219","12/4/2021 6:47:00 PM","Crossing - Not In Crosswalk","Dry","No Unusual Conditions","Dark - Street Light","Pedestrian At Fault","Controls Functioning","Clear","Vehicle/Pedestrian","Non-Related","Pedestrian","Unknown","Unknown","West Of",""
"680201","CR-0000089423","0","0","0","0","21-339-0099","False","False","145","12/5/2021 1:51:00 AM","No Pedestrians Involved","Dry","No Unusual Conditions","Dark - Street Light","Violation Driver 1","No Controls Present/Factor","Clear","Sideswipe","Non-Related","Parked Vehicle","Not Applicable","Not Applicable","East Of",""
"680202","CR-0000089424","1","0","0","0","21-338-0979","True","False","110","12/4/2021 10:55:00 PM","No Pedestrians Involved","Dry","No Unusual Conditions","Dark - Street Light","Violation Driver 1","Controls Functioning","Clear","Hit Object","Non-Related","Fixed Object","Not Applicable","Not Applicable","South Of","HIT TREE"
"680203","CR-0000089425","0","0","0","0","21-339-9704","False","False","0","12/5/2021 12:18:00 PM","No Pedestrians Involved","Dry","No Unusual Conditions","Dark - Street Light","Unknown","Controls Functioning","Clear","Broadside","Intersection","Other Vehicle","Not Applicable","Not Applicable","At",""
"680204","CR-0000089426","0","0","0","0","21-339-0416","False","False","0","12/5/2021 12:19:00 PM","No Pedestrians Involved","Dry","No Unusual Conditions","Daylight","Violation Driver 1","Controls Functioning","Clear","Sideswipe","Intersection","Other Vehicle","Not Applicable","Not Applicable","At",""
"680205","CR-0000089427","0","1","0","0","21-339-0515","False","False","0","12/5/2021 2:33:00 PM","No Pedestrians Involved","Dry","No Unusual Conditions","Daylight","Violation Driver 1","No Controls Present/Factor","Clear","Vehicle/Bike","Intersection","Bike","Not Applicable","Not Applicable","At",""
"680206","CR-0000089428","0","0","0","0","21-339-0686","False","False","27","12/5/2021 5:55:00 PM","No Pedestrians Involved","Dry","No Unusual Conditions","Dark - Street Light","Violation Driver 1","Controls Functioning","Clear","Head On","Related","Parked Vehicle","Not Applicable","Not Applicable","East Of",""
"680207","CR-0000089429","0","0","0","0","21-339-0711","False","False","79","12/5/2021 6:34:00 PM","No Pedestrians Involved","Dry","Unknown","Dark - Street Light","Violation Driver 1","Controls Functioning","Clear","Broadside","Non-Related","Other Vehicle","Not Applicable","Not Applicable","West Of",""
"680208","CR-0000089430","0","1","0","0","21-340-0208","False","False","0","12/6/2021 8:33:00 AM","No Pedestrians Involved","Dry","No Unusual Conditions","Daylight","Violation Driver 1","Controls Functioning","Cloudy","Broadside","Intersection","Other Vehicle","Not Applicable","Not Applicable","At",""
"680209","CR-0000089431","0","0","0","0","21-340-0930","False","False","84","12/6/2021 10:58:00 PM","No Pedestrians Involved","Wet","No Unusual Conditions","Dark - Street Light","Violation Driver 1","Unknown","Rain","Rear End","Non-Related","Parked Vehicle","Not Applicable","Not Applicable","East Of",""
"680210","CR-0000089432","0","1","0","0","21-340-0338","False","False","19","12/6/2021 11:00:00 AM","No Pedestrians Involved","Dry","No Unusual Conditions","Daylight","Violation Driver 1","No Controls Present/Factor","Clear","Broadside","Related","Other Vehicle","Not Applicable","Not Applicable","South Of",""
"680211","CR-0000089433","1","0","0","0","21-340-0444","False","False","0","12/6/2021 1:05:00 PM","No Pedestrians Involved","Dry","No Unusual Conditions","Daylight","Unknown","Controls Functioning","Cloudy","Broadside","Intersection","Other Vehicle","Not Applicable","Not Applicable","At",""
"680212","CR-0000089434","0","0","0","0","21-340-0875","False","False","211","12/6/2021 9:01:00 PM","No Pedestrians Involved","Dry","No Unusual Conditions","Dark - Street Light","Violation Driver 1","No Controls Present/Factor","Clear","Sideswipe","Non-Related","Parked Vehicle","Not Applicable","Not Applicable","East Of",""
"680213","CR-0000089435","0","1","0","0","21-039-0388","False","False","51","2/8/2021 12:10:00 PM","No Pedestrians Involved","Dry","No Unusual Conditions","Daylight","Violation Driver 1","No Controls Present/Factor","Clear","Vehicle/Bike","Non-Related","Bike","Not Applicable","Not Applicable","West Of","BIKE"
"680214","CR-0000089436","1","0","0","0","21-041-0795","False","False","48","2/10/2021 6:14:00 PM","No Pedestrians Involved","Dry","No Unusual Conditions","Dark - Street Light","Violation Driver 1","No Controls Present/Factor","Clear","Broadside","Related","Other Vehicle","Not Applicable","Not Applicable","West Of",""
"680215","CR-0000089437","0","1","0","0","21-045-0165","False","False","0","2/14/2021 5:32:00 AM","No Pedestrians Involved","Dry","No Unusual Conditions","Dark - Street Light","Violation Driver 1","Controls Functioning","Clear","Head On","Intersection","Other Vehicle","Not Applicable","Not Applicable","At",""
"680216","CR-0000089438","1","1","0","0","21-045-0422","False","False","0","2/14/2021 1:20:00 PM","No Pedestrians Involved","Dry","No Unusual Conditions","Daylight","Violation Driver 1","Controls Functioning","Clear","Head On","Intersection","Other Vehicle","Not Applicable","Not Applicable","At",""
"680217","CR-0000089439","0","0","1","0","21-045-0596","False","False","115","2/14/2021 5:44:00 PM","Not In Road","Dry","No Unusual Conditions","Daylight","Violation Driver 1","No Controls Present/Factor","Clear","Vehicle/Pedestrian","Non-Related","Pedestrian","West","East","West Of","PEDESTRIAN"
"680218","CR-0000089440","2","0","0","0","21-045-0807","False","False","0","2/14/2021 10:48:00 PM","No Pedestrians Involved","Wet","No Unusual Conditions","Dark - Street Light","Violation Driver 1","Controls Functioning","Rain","Rear End","Intersection","Other Vehicle","Not Applicable","Not Applicable","At",""
"680219","CR-0000089441","1","0","0","0","21-046-0609","False","False","0","2/15/2021 5:30:00 PM","No Pedestrians Involved","Dry","No Unusual Conditions","Daylight","Violation Driver 1","Controls Functioning","Clear","Broadside","Intersection","Other Vehicle","Not Applicable","Not Applicable","At",""
"680220","CR-0000089442","1","0","0","0","21-051-0238","False","False","0","2/20/2021 9:46:00 AM","No Pedestrians Involved","Wet","No Unusual Conditions","Daylight","Violation Driver 1","Controls Functioning","Clear","Rear End","Intersection","Other Vehicle","Not Applicable","Not Applicable","At",""
"680221","CR-0000089443","1","0","0","0","21-058-0941","False","False","0","2/27/2021 11:54:00 PM","No Pedestrians Involved","Dry","No Unusual Conditions","Dark - Street Light","Violation Driver 1","Controls Functioning","Clear","Broadside","Intersection","Other Vehicle","Not Applicable","Not Applicable","At",""
"680222","CR-0000089444","1","0","0","0","21-059-0181","False","False","0","2/28/2021 6:20:00 AM","No Pedestrians Involved","Dry","No Unusual Conditions","Dusk - Dawn","Violation Driver 1","Controls Functioning","Clear","Broadside","Intersection","Other Vehicle","Not Applicable","Not Applicable","At",""
"680223","CR-0000089445","1","0","0","0","21-341-0190","False","False","72","12/7/2021 8:31:00 AM","No Pedestrians Involved","Dry","No Unusual Conditions","Daylight","Violation Driver 1","No Controls Present/Factor","Clear","Vehicle/Bike","Non-Related","Bike","Not Applicable","Not Applicable","South Of",""
"680224","CR-0000089446","2","0","0","0","21-062-0972","False","False","","3/3/2021 8:18:00 PM","No Pedestrians Involved","Dry","No Unusual Conditions","Dark - Street Light","Violation Driver 1","Controls Functioning","Clear","Rear End","Non-Related","Other Vehicle","Not Applicable","Not Applicable","North Of",""
"680225","CR-0000089447","0","0","1","0","21-063-0016","False","False","0","3/4/2021 12:09:00 AM","Crossing - Not In Crosswalk","Dry","No Unusual Conditions","Dark - Street Light","Violation Driver 1","Controls Functioning","Unknown","Vehicle/Pedestrian","Intersection","Pedestrian","East","West","At","PEDESTRIAN"
"680226","CR-0000089448","0","0","0","0","21-341-0339","False","False","0","12/7/2021 11:20:00 AM","No Pedestrians Involved","Dry","No Unusual Conditions","Daylight","Violation Driver 1","No Controls Present/Factor","Clear","Sideswipe","Intersection","Other Vehicle","Not Applicable","Not Applicable","At","city vehicle involved"
"680227","CR-0000089449","0","0","1","0","21-069-0822","False","False","0","3/10/2021 8:39:00 PM","Crossing In Crosswalk - At Intersection","Dry","No Unusual Conditions","Dark - Street Light","Violation Driver 1","Controls Functioning","Cloudy","Vehicle/Pedestrian","Intersection","Pedestrian","East","West","At","PEDESTRIAN"
"680228","CR-0000089451","0","1","0","0","21-341-0353","False","False","0","12/7/2021 11:33:00 AM","No Pedestrians Involved","Dry","Unknown","Daylight","Violation Driver 1","Controls Functioning","Cloudy","Broadside","Intersection","Other Vehicle","Not Applicable","Not Applicable","At",""
"680229","CR-0000089450","0","0","0","0","21-330-0938","False","False","0","11/26/2021 10:50:00 PM","No Pedestrians Involved","Dry","No Unusual Conditions","Dark - Street Light","Violation Driver 1","No Controls Present/Factor","Clear","Sideswipe","Intersection","Other Vehicle","Not Applicable","Not Applicable","At","CITY EMERGENCY VEHICLE
(POLICE CAR)"
"680230","CR-0000089452","0","0","0","0","21-341-0792","False","False","51","12/7/2021 6:44:00 PM","No Pedestrians Involved","Dry","No Unusual Conditions","Dark - Street Light","Violation Driver 1","Controls Functioning","Clear","Rear End","Non-Related","Other Vehicle","Not Applicable","Not Applicable","West Of",""
"680231","CR-0000089453","0","1","0","0","21-341-0818","False","False","72","12/7/2021 7:13:00 PM","No Pedestrians Involved","Dry","No Unusual Conditions","Dark - Street Light Not Functioning","Violation Driver 1","No Controls Present/Factor","Clear","Rear End","Non-Related","Parked Vehicle","Not Applicable","Not Applicable","North Of",""
"680232","CR-0000089454","0","1","0","0","21-341-0838","False","False","0","12/7/2021 7:40:00 PM","No Pedestrians Involved","Dry","No Unusual Conditions","Dark - Street Light","Violation Driver 1","Controls Functioning","Clear","Broadside","Intersection","Other Vehicle","Not Applicable","Not Applicable","At",""
"680233","CR-0000089455","0","0","0","0","21-342-0094","False","False","0","12/8/2021 5:05:00 AM","No Pedestrians Involved","Dry","No Unusual Conditions","Dark - Street Light","Violation Driver 1","Controls Functioning","Clear","Broadside","Intersection","Other Vehicle","Not Applicable","Not Applicable","At",""
"680234","CR-0000089456","2","0","0","0","21-342-0126","False","False","350","12/8/2021 6:40:00 AM","No Pedestrians Involved","Dry","No Unusual Conditions","Dusk - Dawn","Violation Driver 1","Controls Functioning","Clear","Broadside","Non-Related","Other Vehicle","Not Applicable","Not Applicable","South Of",""
"680235","CR-0000089457","1","0","0","0","21-342-0143","False","False","0","12/8/2021 7:17:00 AM","No Pedestrians Involved","Dry","No Unusual Conditions","Daylight","Violation Driver 1","Controls Functioning","Clear","Broadside","Intersection","Other Vehicle","Not Applicable","Not Applicable","At",""
"680236","CR-0000089459","0","0","0","0","21-342-0351","False","False","242","12/8/2021 9:57:00 AM","No Pedestrians Involved","Dry","No Unusual Conditions","Daylight","Violation Driver 1","No Controls Present/Factor","Cloudy","Rear End","Non-Related","Other Vehicle","Not Applicable","Not Applicable","North Of",""
"680237","CR-0000089460","0","1","0","0","21-342-0546","False","False","165","12/8/2021 2:17:00 PM","No Pedestrians Involved","Dry","No Unusual Conditions","Daylight","Violation Driver 1","No Controls Present/Factor","Clear","Broadside","Non-Related","Motorcycle","Not Applicable","Not Applicable","North Of","0"
"680238","CR-0000089462","0","0","0","0","21-330-0063","False","False","125","11/26/2021 1:30:00 AM","No Pedestrians Involved","Dry","No Unusual Conditions","Dark - Street Light","Violation Driver 1","Controls Functioning","Clear","Sideswipe","Non-Related","Parked Vehicle","Not Applicable","Not Applicable","East Of",""
"680239","CR-0000089463","0","0","0","0","21-330-0205","False","False","0","11/26/2021 8:10:00 AM","No Pedestrians Involved","Dry","No Unusual Conditions","Daylight","Violation Driver 1","Controls Functioning","Clear","Sideswipe","Intersection","Other Vehicle","Not Applicable","Not Applicable","At",""
"680240","CR-0000089464","0","0","0","0","21-331-9701","False","True","51","11/26/2021 9:10:00 AM","No Pedestrians Involved","Dry","No Unusual Conditions","Daylight","Violation Driver 1","Controls Functioning","Clear","Sideswipe","Non-Related","Other Vehicle","Not Applicable","Not Applicable","West Of",""
"680241","CR-0000089465","1","0","0","0","21-330-0574","False","False","0","11/26/2021 4:00:00 PM","No Pedestrians Involved","Dry","No Unusual Conditions","Daylight","Violation Driver 1","Controls Functioning","Clear","Head On","Intersection","Other Vehicle","South","Not Applicable","At",""
"680242","CR-0000089466","0","0","0","0","21-330-0601","False","False","0","11/26/2021 4:44:00 PM","No Pedestrians Involved","Dry","No Unusual Conditions","Dusk - Dawn","Violation Driver 1","No Controls Present/Factor","Clear","Broadside","Intersection","Other Vehicle","Not Applicable","Not Applicable","At",""
"680243","CR-0000089467","1","0","0","0","21-330-0924","False","False","0","11/26/2021 10:16:00 PM","No Pedestrians Involved","Dry","No Unusual Conditions","Dark - Street Light","Violation Driver 1","Controls Functioning","Clear","Broadside","Intersection","Other Vehicle","Not Applicable","Not Applicable","At",""
"680244","CR-0000089468","0","0","0","0","21-331-0046","False","False","244","11/27/2021 12:50:00 AM","No Pedestrians Involved","Dry","Obstruction On Roadway","Dark - Street Light","Violation Driver 1","No Controls Present/Factor","Clear","Rear End","Non-Related","Other Vehicle","Not Applicable","Not Applicable","South Of",""
"680245","CR-0000089469","0","0","1","0","21-331-0490","False","False","0","11/27/2021 2:09:00 PM","Crossing In Crosswalk - At Intersection","Dry","No Unusual Conditions","Daylight","Violation Driver 1","Controls Functioning","Clear","Vehicle/Pedestrian","Intersection","Pedestrian","West","East","At","PEDESTRIAN"
"680246","CR-0000089471","0","0","0","0","21-332-9703","False","True","","11/27/2021 7:35:00 PM","No Pedestrians Involved","Dry","No Unusual Conditions","Dark - Street Light","Violation Driver 1","Controls Functioning","Clear","Rear End","Non-Related","Other Vehicle","Not Applicable","Not Applicable","Unknown",""
"680247","CR-0000089472","1","0","0","0","21-331-1039","True","False","300","11/27/2021 11:16:00 PM","No Pedestrians Involved","Dry","No Unusual Conditions","Dark - Street Light","Violation Driver 1","No Controls Present/Factor","Clear","Hit Object","Non-Related","Fixed Object","Not Applicable","South","South Of","TREE"
"680248","CR-0000089473","0","0","0","0","21-331-0318","True","False","0","11/27/2021 10:40:00 AM","No Pedestrians Involved","Dry","No Unusual Conditions","Daylight","Violation Driver 1","Controls Functioning","Clear","Broadside","Intersection","Other Vehicle","Not Applicable","Not Applicable","At","???"
"680249","CR-0000089474","1","1","0","0","21-331-0348","False","False","0","11/27/2021 11:16:00 AM","No Pedestrians Involved","Dry","No Unusual Conditions","Daylight","Violation Driver 1","Controls Functioning","Clear","Broadside","Intersection","Other Vehicle","Not Applicable","Not Applicable","At",""
"680250","CR-0000089475","1","0","0","0","21-331-0464","False","False","51","11/27/2021 1:38:00 PM","No Pedestrians Involved","Dry","No Unusual Conditions","Daylight","Violation Driver 1","Controls Functioning","Clear","Rear End","Non-Related","Other Vehicle","Not Applicable","Not Applicable","South Of",""
"680251","CR-0000089476","0","0","0","0","21-332-0217","False","False","78","11/28/2021 5:30:00 AM","No Pedestrians Involved","Dry","Unknown","Dusk - Dawn","Violation Driver 1","No Controls Present/Factor","Clear","Broadside","Non-Related","Parked Vehicle","Not Applicable","Not Applicable","West Of",""
"680252","CR-0000089477","1","0","0","0","21-332-0230","False","False","0","11/28/2021 6:21:00 AM","No Pedestrians Involved","Dry","No Unusual Conditions","Dusk - Dawn","Violation Driver 1","Controls Functioning","Clear","Other","Intersection","Non-Collision","Not Applicable","Not Applicable","At",""
"680253","CR-0000089478","0","0","0","0","21-332-0362","False","False","40","11/28/2021 11:17:00 AM","No Pedestrians Involved","Dry","No Unusual Conditions","Daylight","Violation Driver 1","No Controls Present/Factor","Clear","Sideswipe","Related","Other Vehicle","Not Applicable","Not Applicable","North Of",""
"680254","CR-0000089479","0","0","0","0","21-332-0399","False","False","0","11/28/2021 12:50:00 PM","No Pedestrians Involved","Dry","No Unusual Conditions","Daylight","Violation Driver 1","Controls Functioning","Clear","Sideswipe","Intersection","Motor Vehicle On Other Roadway","Not Applicable","Not Applicable","At",""
"680255","CR-0000089480","0","0","0","0","21-332-0631","False","False","38","11/28/2021 4:53:00 PM","No Pedestrians Involved","Dry","No Unusual Conditions","Daylight","Violation Driver 1","No Controls Present/Factor","Clear","Rear End","Related","Parked Vehicle","Not Applicable","Not Applicable","East Of",""
"680256","CR-0000089481","1","0","0","0","21-332-0775","True","False","0","11/28/2021 7:45:00 PM","No Pedestrians Involved","Dry","No Unusual Conditions","Daylight","Violation Driver 1","Controls Functioning","Clear","Head On","Intersection","Fixed Object","Not Applicable","Not Applicable","At","SIGN AND TREE"
"680257","CR-0000089482","0","0","0","0","21-332-0789","False","False","280","11/28/2021 8:24:00 PM","No Pedestrians Involved","Dry","No Unusual Conditions","Dark - Street Light","Violation Driver 1","No Controls Present/Factor","Clear","Sideswipe","Non-Related","Parked Vehicle","Not Applicable","Not Applicable","South Of",""
"680258","CR-0000089483","2","0","0","0","21-333-0066","True","False","22","11/29/2021 1:29:00 AM","No Pedestrians Involved","Dry","No Unusual Conditions","Dark - Street Light","Violation Driver 1","Controls Functioning","Clear","Head On","Related","Fixed Object","Not Applicable","Not Applicable","West Of","TRAFFIC SIGNAL"
"680259","CR-0000089484","0","0","0","0","21-333-0092","False","False","120","11/29/2021 3:20:00 AM","No Pedestrians Involved","Dry","No Unusual Conditions","Dark - Street Light","Violation Driver 1","No Controls Present/Factor","Clear","Head On","Non-Related","Parked Vehicle","Not Applicable","Not Applicable","West Of",""
"680260","CR-0000089485","0","0","0","0","21-333-0248","False","False","18","11/29/2021 8:50:00 AM","No Pedestrians Involved","Dry","No Unusual Conditions","Dark - Street Light","Violation Driver 1","No Controls Present/Factor","Snow","Head On","Related","Parked Vehicle","Not Applicable","Not Applicable","East Of",""
"680261","CR-0000089486","2","0","0","0","21-333-0375","False","False","0","11/29/2021 11:15:00 AM","No Pedestrians Involved","Dry","No Unusual Conditions","Daylight","Violation Driver 1","Controls Functioning","Clear","Rear End","Intersection","Other Vehicle","Not Applicable","Not Applicable","At",""
"680262","CR-0000089487","1","0","0","0","21-333-0524","False","False","149","11/29/2021 1:50:00 PM","No Pedestrians Involved","Dry","No Unusual Conditions","Daylight","Violation Driver 1","No Controls Present/Factor","Clear","Vehicle/Bike","Non-Related","Bike","Not Applicable","Not Applicable","South Of","BIKE"
"680263","CR-0000089488","1","0","0","0","21-333-0608","False","False","100","11/29/2021 3:30:00 PM","No Pedestrians Involved","Dry","No Unusual Conditions","Daylight","Violation Driver 1","No Controls Present/Factor","Clear","Sideswipe","Non-Related","Other Vehicle","Not Applicable","Not Applicable","West Of",""
"680264","CR-0000089489","0","0","0","0","21-333-0633","False","False","51","11/29/2021 4:00:00 PM","No Pedestrians Involved","Dry","No Unusual Conditions","Daylight","Violation Driver 1","Controls Functioning","Clear","Rear End","Non-Related","Other Vehicle","Not Applicable","Not Applicable","East Of","SCCO EMERGENCY VEHICLE INVOLVED"
"680265","CR-0000089470","0","0","0","0","21-332-9705","False","True","","11/27/2021 4:00:00 PM","No Pedestrians Involved","Dry","No Unusual Conditions","Daylight","Violation Driver 1","Controls Functioning","Clear","Rear End","Non-Related","Other Vehicle","Not Applicable","Not Applicable","East Of",""
"680266","CR-0000089490","1","0","0","0","21-333-0746","False","False","0","11/29/2021 5:53:00 PM","No Pedestrians Involved","Dry","No Unusual Conditions","Dark - Street Light","Violation Driver 1","No Controls Present/Factor","Clear","Broadside","Intersection","Other Vehicle","Not Applicable","Not Applicable","At",""
"680267","CR-0000089491","0","0","0","0","21-335-9703","False","True","","11/29/2021 3:10:00 PM","No Pedestrians Involved","Dry","No Unusual Conditions","Daylight","Violation Driver 1","Controls Functioning","Clear","Rear End","Non-Related","Other Vehicle","Not Applicable","Not Applicable","South Of",""
"680268","CR-0000089492","1","0","0","0","21-334-0087","True","False","0","11/30/2021 2:32:00 AM","No Pedestrians Involved","Dry","No Unusual Conditions","Dark - Street Light","Violation Driver 1","Controls Functioning","Clear","Hit Object","Intersection","Fixed Object","Not Applicable","Not Applicable","At","TRAFFIC SIGNAL"
"680269","CR-0000089493","0","0","0","0","21-334-0248","False","False","0","11/30/2021 8:44:00 AM","No Pedestrians Involved","Dry","No Unusual Conditions","Daylight","Violation Driver 1","No Controls Present/Factor","Clear","Rear End","Intersection","Other Vehicle","Not Applicable","Not Applicable","At",""
"680270","CR-0000089494","0","1","0","0","21-334-0415","False","False","0","11/30/2021 11:18:00 AM","No Pedestrians Involved","Dry","No Unusual Conditions","Daylight","Bike At Fault","Controls Functioning","Clear","Head On","Intersection","Bike","Not Applicable","Not Applicable","At","BIKE"
"680271","CR-0000089495","0","0","0","0","21-334-0429","False","False","0","11/30/2021 11:29:00 AM","No Pedestrians Involved","Dry","No Unusual Conditions","Daylight","Violation Driver 1","Unknown","Clear","Broadside","Intersection","Other Vehicle","Not Applicable","Not Applicable","At",""
"680272","CR-0000089496","0","0","0","0","21-334-0578","False","False","0","11/30/2021 1:45:00 PM","No Pedestrians Involved","Dry","No Unusual Conditions","Daylight","Violation Driver 1","Controls Functioning","Clear","Rear End","Intersection","Other Vehicle","Not Applicable","Not Applicable","At","CITY VEHICLE (DOT)"
"680273","CR-0000089497","3","0","0","0","21-334-0637","False","False","0","11/30/2021 3:20:00 PM","No Pedestrians Involved","Dry","No Unusual Conditions","Daylight","Violation Driver 1","Controls Functioning","Clear","Head On","Intersection","Other Vehicle","Not Applicable","Not Applicable","At",""
"680274","CR-0000089498","0","1","0","0","21-342-0782","False","False","400","12/8/2021 5:50:00 PM","No Pedestrians Involved","Dry","No Unusual Conditions","Dark - Street Light","Violation Driver 1","No Controls Present/Factor","Clear","Rear End","Non-Related","Other Vehicle","Not Applicable","Not Applicable","South Of",""
"680275","CR-0000089499","0","0","0","0","21-331-0349","False","False","277","11/27/2021 3:53:00 PM","No Pedestrians Involved","Dry","No Unusual Conditions","Daylight","Violation Driver 1","Controls Functioning","Clear","Rear End","Non-Related","Other Vehicle","Not Applicable","Not Applicable","South Of",""
"680276","CR-0000089500","1","0","0","0","21-334-0640","False","False","18","11/30/2021 2:55:00 PM","No Pedestrians Involved","Dry","No Unusual Conditions","Daylight","Violation Driver 1","Controls Functioning","Clear","Broadside","Related","Bike","Not Applicable","Not Applicable","South Of","BIKE"
"680277","CR-0000089501","1","0","0","0","21-334-0763","False","False","0","11/30/2021 4:23:00 PM","Crossing In Crosswalk - At Intersection","Dry","No Unusual Conditions","Daylight","Violation Driver 1","Controls Functioning","Clear","Sideswipe","Intersection","Pedestrian","West","East","At","PEDESTRIAN"
"680278","CR-0000089502","2","0","0","0","21-334-0925","False","False","30","11/30/2021 7:29:00 PM","No Pedestrians Involved","Dry","No Unusual Conditions","Dark - Street Light","Violation Driver 1","No Controls Present/Factor","Clear","Rear End","Related","Other Vehicle","Not Applicable","Not Applicable","West Of",""
"680279","CR-0000089503","0","0","0","0","21-334-0980","False","False","59","11/30/2021 8:25:00 PM","No Pedestrians Involved","Dry","No Unusual Conditions","Dark - Street Light","Violation Driver 1","No Controls Present/Factor","Clear","Rear End","Non-Related","Parked Vehicle","Not Applicable","Not Applicable","South Of",""
"680280","CR-0000089504","0","0","0","0","21-335-9708","False","True","","11/30/2021 4:00:00 PM","No Pedestrians Involved","Dry","No Unusual Conditions","Daylight","Violation Driver 1","Controls Functioning","Clear","Sideswipe","Non-Related","Other Vehicle","Not Applicable","Not Applicable","South Of",""
"680281","CR-0000089505","1","0","0","0","21-342-0795","False","False","0","12/8/2021 6:01:00 PM","No Pedestrians Involved","Dry","No Unusual Conditions","Dark - Street Light","Unknown","Controls Functioning","Clear","Head On","Intersection","Other Vehicle","Not Applicable","Not Applicable","At",""
"680282","CR-0000089506","1","0","0","0","21-342-0857","False","False","0","12/8/2021 7:12:00 PM","No Pedestrians Involved","Dry","No Unusual Conditions","Dark - Street Light","Violation Driver 1","Controls Functioning","Clear","Broadside","Intersection","Other Vehicle","Not Applicable","Not Applicable","At",""
"680283","CR-0000089507","0","0","0","0","21-342-0355","False","False","0","12/8/2021 11:11:00 AM","No Pedestrians Involved","Dry","No Unusual Conditions","Daylight","Violation Driver 1","No Controls Present/Factor","Clear","Broadside","Related","Other Vehicle","Not Applicable","Not Applicable","North Of",""
"680284","CR-0000089508","1","0","0","0","21-342-0147","False","False","0","12/8/2021 7:24:00 AM","Crossing In Crosswalk - At Intersection","Dry","No Unusual Conditions","Daylight","Violation Driver 1","No Controls Present/Factor","Clear","Vehicle/Pedestrian","Intersection","Pedestrian","North","South","At",""