"CrashFactId","Name","MinorInjuries","ModerateInjuries","SevereInjuries","FatalInjuries","TcrNumber","CityDamageFlag","ShortFormFlag","Distance","CrashDateTime","PedestrianAction","RoadwaySurface","RoadwayCondition","Lighting","PrimaryCollisionFactor","TrafficControl","Weather","CollisionType","ProximityToIntersection","VehicleInvolvedWith","PedestrianDirectionFrom","PedestrianDirectionTo","DirectionFromIntersection","Comment"
"680285","CR-0000089509","1","0","0","0","21-343-0230","False","False","347","12/9/2021 9:09:00 AM","No Pedestrians Involved","Wet","No Unusual Conditions","Daylight","Violation Driver 1","No Controls Present/Factor","Cloudy","Head On","Non-Related","Other Vehicle","Not Applicable","Not Applicable","South Of",""
"680286","CR-0000089510","0","0","0","0","21-343-0246","False","False","60","12/9/2021 9:24:00 AM","No Pedestrians Involved","Dry","No Unusual Conditions","Daylight","Violation Driver 1","No Controls Present/Factor","Cloudy","Sideswipe","Non-Related","Other Vehicle","Not Applicable","Not Applicable","East Of",""
"680287","CR-0000089511","1","0","0","0","21-343-0412","False","False","51","12/9/2021 12:39:00 PM","No Pedestrians Involved","Dry","No Unusual Conditions","Daylight","Violation Driver 1","Controls Functioning","Clear","Sideswipe","Non-Related","Other Vehicle","Not Applicable","Not Applicable","South Of",""
"680288","CR-0000089512","0","0","0","0","21-343-0618","False","False","30","12/9/2021 5:25:00 PM","No Pedestrians Involved","Dry","No Unusual Conditions","Dark - Street Light","Violation Driver 1","No Controls Present/Factor","Clear","Hit Object","Related","Fixed Object","Not Applicable","Not Applicable","West Of","V1 hit sound barrier"
"680289","CR-0000089513","1","0","0","0","21-343-0587","False","False","0","12/9/2021 4:56:00 PM","No Pedestrians Involved","Dry","No Unusual Conditions","Dusk - Dawn","Violation Driver 1","Controls Functioning","Clear","Broadside","Intersection","Other Vehicle","Not Applicable","Not Applicable","At",""
"680290","CR-0000089514","1","1","0","0","21-343-0801","False","False","0","12/9/2021 9:35:00 PM","No Pedestrians Involved","Dry","No Unusual Conditions","Dark - Street Light","Violation Driver 1","Controls Functioning","Clear","Rear End","Intersection","Other Vehicle","Not Applicable","Not Applicable","At",""
"680291","CR-0000089515","3","0","0","0","21-344-0600","False","False","51","12/10/2021 3:22:00 PM","No Pedestrians Involved","Dry","No Unusual Conditions","Daylight","Violation Driver 1","Controls Functioning","Clear","Rear End","Non-Related","Other Vehicle","Not Applicable","Not Applicable","West Of",""
"680292","CR-0000089516","0","0","0","0","21-344-0734","False","False","0","12/10/2021 5:23:00 PM","No Pedestrians Involved","Dry","No Unusual Conditions","Dark - Street Light","Violation Driver 1","Controls Functioning","Clear","Broadside","Intersection","Other Vehicle","Not Applicable","Not Applicable","At",""
"680293","CR-0000089517","0","0","0","0","21-350-0460","False","False","100","12/10/2021 10:30:00 PM","No Pedestrians Involved","Dry","No Unusual Conditions","Daylight","Violation Driver 1","No Controls Present/Factor","Clear","Sideswipe","Non-Related","Motor Vehicle On Other Roadway","Not Applicable","Not Applicable","North Of",""
"680294","CR-0000089518","0","0","0","0","21-344-0088","True","False","0","12/10/2021 3:00:00 AM","No Pedestrians Involved","Dry","No Unusual Conditions","Dark - Street Light","Violation Driver 1","Controls Functioning","Clear","Hit Object","Intersection","Fixed Object","Not Applicable","Not Applicable","At","v1 hit light pole"
"680295","CR-0000089519","0","0","0","0","21-344-0043","False","False","25","12/10/2021 1:32:00 AM","No Pedestrians Involved","Dry","No Unusual Conditions","Dark - Street Light","Violation Driver 1","No Controls Present/Factor","Clear","Hit Object","Related","Fixed Object","Not Applicable","Not Applicable","North Of","hit curb and fence"
"680296","CR-0000089520","1","0","0","0","21-344-0191","False","False","131","12/10/2021 8:00:00 AM","No Pedestrians Involved","Dry","No Unusual Conditions","Daylight","Violation Driver 1","No Controls Present/Factor","Clear","Rear End","Non-Related","Other Vehicle","Not Applicable","Not Applicable","West Of",""
"680297","CR-0000089521","0","0","0","0","21-344-0417","False","False","0","12/10/2021 12:16:00 PM","No Pedestrians Involved","Dry","No Unusual Conditions","Daylight","Violation Driver 1","Controls Functioning","Clear","Head On","Intersection","Other Vehicle","Not Applicable","Not Applicable","At",""
"680298","CR-0000089522","1","0","0","0","21-344-0511","False","False","27","12/10/2021 1:50:00 PM","No Pedestrians Involved","Dry","No Unusual Conditions","Daylight","Violation Driver 1","No Controls Present/Factor","Clear","Head On","Related","Other Vehicle","Not Applicable","Not Applicable","East Of",""
"680299","CR-0000089523","0","0","0","0","21-344-0606","False","False","51","12/10/2021 3:30:00 PM","No Pedestrians Involved","Dry","No Unusual Conditions","Dusk - Dawn","Violation Driver 1","Controls Functioning","Clear","Rear End","Non-Related","Other Vehicle","Not Applicable","Not Applicable","North Of",""
"680300","CR-0000089524","0","1","0","0","21-344-0670","False","False","0","12/10/2021 4:33:00 PM","Crossing In Crosswalk - At Intersection","Dry","No Unusual Conditions","Daylight","Pedestrian At Fault","Controls Functioning","Clear","Vehicle/Pedestrian","Intersection","Pedestrian","North","South","At",""
"680301","CR-0000089525","0","0","0","0","21-344-0791","False","False","0","12/10/2021 6:12:00 PM","No Pedestrians Involved","Dry","No Unusual Conditions","Dusk - Dawn","Violation Driver 1","No Controls Present/Factor","Clear","Sideswipe","Intersection","Parked Vehicle","Not Applicable","Not Applicable","At",""
"680302","CR-0000089526","0","1","0","0","21-344-0781","False","False","352","12/10/2021 6:01:00 PM","Not In Road","Dry","No Unusual Conditions","Dark - Street Light","Violation Driver 1","No Controls Present/Factor","Clear","Vehicle/Pedestrian","Non-Related","Pedestrian","No Direction (Not Walking)","No Direction (Not Walking)","South Of",""
"680303","CR-0000089527","1","0","0","0","21-344-0806","False","False","0","12/10/2021 6:24:00 PM","Crossing In Crosswalk - At Intersection","Dry","No Unusual Conditions","Dark - Street Light","Pedestrian At Fault","Controls Functioning","Clear","Broadside","Intersection","Pedestrian","South","North","At",""
"680304","CR-0000089528","0","0","0","0","21-344-1043","False","False","51","12/10/2021 8:43:00 PM","No Pedestrians Involved","Dry","No Unusual Conditions","Dark - Street Light","Violation Driver 1","Controls Functioning","Clear","Broadside","Non-Related","Parked Vehicle","Not Applicable","Not Applicable","East Of",""
"680305","CR-0000089529","1","0","0","0","21-352-0135","False","False","0","12/18/2021 2:10:00 AM","No Pedestrians Involved","Dry","No Unusual Conditions","Dark - Street Light","Violation Driver 1","Controls Functioning","Clear","Head On","Intersection","Other Vehicle","Not Applicable","Not Applicable","At",""
"680306","CR-0000089530","1","0","0","0","21-352-0754","False","False","285","12/18/2021 5:36:00 PM","Not In Road","Dry","No Unusual Conditions","Dark - Street Light","Violation Driver 1","No Controls Present/Factor","Clear","Vehicle/Pedestrian","Non-Related","Pedestrian","Unknown","Unknown","North Of","PEDESTRIAN"
"680307","CR-0000089531","0","0","0","0","21-352-0781","True","False","700","12/18/2021 5:58:00 PM","No Pedestrians Involved","Dry","No Unusual Conditions","Dark - Street Light","Violation Driver 1","Controls Functioning","Clear","Sideswipe","Non-Related","Other Vehicle","Not Applicable","Not Applicable","East Of","PD EMERGENCY VEHICLE"
"680308","CR-0000089534","2","0","0","0","21-353-0735","False","False","0","12/18/2021 6:36:00 PM","No Pedestrians Involved","Dry","No Unusual Conditions","Dark - Street Light","Violation Driver 1","Controls Functioning","Clear","Broadside","Intersection","Other Vehicle","Not Applicable","Not Applicable","At",""
"680309","CR-0000089535","0","1","0","0","21-352-0946","False","False","0","12/18/2021 8:45:00 PM","Crossing In Crosswalk - At Intersection","Dry","No Unusual Conditions","Dark - Street Light","Violation Driver 1","Controls Functioning","Clear","Vehicle/Pedestrian","Intersection","Pedestrian","West","East","At","PEDESTRIAN"
"680310","CR-0000089536","3","0","0","0","21-352-1121","False","False","140","12/18/2021 11:29:00 PM","No Pedestrians Involved","Dry","No Unusual Conditions","Dark - Street Light","Violation Driver 1","No Controls Present/Factor","Clear","Sideswipe","Non-Related","Other Vehicle","Not Applicable","Not Applicable","South Of",""
"680311","CR-0000089537","0","0","0","0","21-352-0240","False","False","0","12/18/2021 5:48:00 AM","No Pedestrians Involved","Dry","No Unusual Conditions","Dark - Street Light","Violation Driver 1","Controls Functioning","Clear","Hit Object","Intersection","Fixed Object","Not Applicable","Not Applicable","At","FENCE"
"680312","CR-0000089538","1","0","0","0","21-352-0271","True","False","","12/18/2021 6:00:00 AM","No Pedestrians Involved","Dry","No Unusual Conditions","Daylight","Violation Driver 1","No Controls Present/Factor","Clear","Hit Object","Non-Related","Fixed Object","Not Applicable","Not Applicable","South Of","(3) LIGHT POLES ... CITY PROPERTY"
"680313","CR-0000089539","0","0","0","0","21-352-0951","False","False","0","12/18/2021 8:55:00 PM","No Pedestrians Involved","Dry","No Unusual Conditions","Dark - Street Light","Violation Driver 1","Controls Functioning","Unknown","Rear End","Intersection","Other Vehicle","Not Applicable","Not Applicable","At",""
"680314","CR-0000089540","0","0","0","0","21-352-1153","False","False","108","12/18/2021 11:53:00 PM","No Pedestrians Involved","Dry","No Unusual Conditions","Dark - Street Light","Violation Driver 1","Controls Functioning","Clear","Broadside","Non-Related","Parked Vehicle","Not Applicable","Not Applicable","East Of",""
"680315","CR-0000089541","0","0","0","0","21-352-0184","True","False","0","12/18/2021 3:30:00 AM","No Pedestrians Involved","Dry","No Unusual Conditions","Dark - Street Light","Violation Driver 1","Controls Functioning","Clear","Hit Object","Intersection","Fixed Object","Not Applicable","Not Applicable","At","TRAFFIC SIGNAL"
"680316","CR-0000089542","0","0","0","0","21-352-0284","False","False","","12/18/2021 7:39:00 AM","No Pedestrians Involved","Dry","No Unusual Conditions","Daylight","Violation Driver 1","Controls Functioning","Clear","Rear End","Non-Related","Other Vehicle","Not Applicable","Not Applicable","North Of",""
"680317","CR-0000089543","0","0","0","0","21-352-0455","False","False","132","12/18/2021 12:05:00 PM","No Pedestrians Involved","Dry","No Unusual Conditions","Daylight","Violation Driver 1","Controls Functioning","Clear","Broadside","Non-Related","Parked Vehicle","Not Applicable","Not Applicable","West Of",""
"680318","CR-0000089544","0","1","0","0","21-352-0581","False","False","0","12/18/2021 3:15:00 PM","Crossing In Crosswalk - At Intersection","Dry","No Unusual Conditions","Dusk - Dawn","Violation Driver 1","Controls Functioning","Clear","Vehicle/Pedestrian","Intersection","Pedestrian","South","North","At","PEDESTRIAN"
"680319","CR-0000089545","0","1","0","0","21-352-0323","False","False","51","12/18/2021 3:48:00 PM","No Pedestrians Involved","Dry","No Unusual Conditions","Daylight","Violation Driver 1","Controls Functioning","Clear","Hit Object","Non-Related","Fixed Object","Not Applicable","Not Applicable","South Of","TELEPHONE POLE AND HYDRANT"
"680320","CR-0000089546","0","1","0","0","21-352-0820","False","False","162","12/18/2021 6:30:00 PM","No Pedestrians Involved","Dry","No Unusual Conditions","Dark - Street Light","Violation Driver 1","No Controls Present/Factor","Clear","Sideswipe","Non-Related","Parked Vehicle","Not Applicable","Not Applicable","North Of",""
"680321","CR-0000089547","0","0","0","0","21-352-1037","False","False","47","12/18/2021 10:13:00 PM","No Pedestrians Involved","Dry","No Unusual Conditions","Dark - Street Light","Violation Driver 1","No Controls Present/Factor","Clear","Head On","Related","Parked Vehicle","Not Applicable","Not Applicable","West Of",""
"680322","CR-0000089548","0","0","0","0","21-352-1010","False","False","237","12/18/2021 10:45:00 PM","No Pedestrians Involved","Dry","No Unusual Conditions","Dark - Street Light Not Functioning","Violation Driver 1","No Controls Present/Factor","Clear","Head On","Non-Related","Parked Vehicle","Not Applicable","Not Applicable","East Of","CITY PROPERTY"
"680323","CR-0000089549","0","0","0","0","21-353-0414","False","False","86","12/19/2021 12:06:00 PM","No Pedestrians Involved","Dry","No Unusual Conditions","Daylight","Violation Driver 1","Controls Functioning","Clear","Hit Object","Non-Related","Fixed Object","Not Applicable","Not Applicable","South Of","PROPERTY DAMAGE"
"680324","CR-0000089550","0","0","0","0","21-353-0445","False","False","0","12/19/2021 12:46:00 PM","No Pedestrians Involved","Dry","No Unusual Conditions","Daylight","Violation Driver 1","Controls Functioning","Clear","Broadside","Intersection","Other Vehicle","Not Applicable","Not Applicable","At",""
"680325","CR-0000089551","0","0","0","0","21-353-0548","False","False","0","12/19/2021 2:00:00 PM","No Pedestrians Involved","Dry","No Unusual Conditions","Daylight","Violation Driver 1","Controls Functioning","Clear","Sideswipe","Intersection","Other Vehicle","Not Applicable","Not Applicable","At",""
"680326","CR-0000089552","0","1","0","0","21-353-0509","False","False","318","12/19/2021 4:00:00 PM","No Pedestrians Involved","Dry","No Unusual Conditions","Daylight","Violation Driver 1","No Controls Present/Factor","Clear","Sideswipe","Non-Related","Parked Vehicle","Not Applicable","Not Applicable","East Of",""
"680327","CR-0000089553","0","0","0","0","21-353-0732","True","False","136","12/19/2021 6:34:00 PM","No Pedestrians Involved","Dry","No Unusual Conditions","Dark - Street Light","Violation Driver 1","No Controls Present/Factor","Clear","Head On","Non-Related","Parked Vehicle","Not Applicable","Not Applicable","North Of","LIGHT POLE"
"680328","CR-0000089554","0","0","0","0","21-353-0744","False","False","51","12/19/2021 6:53:00 PM","No Pedestrians Involved","Dry","No Unusual Conditions","Dusk - Dawn","Violation Driver 1","No Controls Present/Factor","Clear","Sideswipe","Non-Related","Other Vehicle","Not Applicable","Not Applicable","North Of",""
"680329","CR-0000089555","0","0","0","0","21-354-0230","False","False","0","12/19/2021 7:00:00 PM","No Pedestrians Involved","Dry","Unknown","Dusk - Dawn","Violation Driver 1","No Controls Present/Factor","Clear","Rear End","Intersection","Parked Vehicle","Not Applicable","Not Applicable","At",""
"680330","CR-0000089556","0","1","0","0","21-353-0828","False","False","25","12/19/2021 8:49:00 PM","No Pedestrians Involved","Dry","No Unusual Conditions","Dark - Street Light","Violation Driver 1","Controls Functioning","Clear","Sideswipe","Related","Other Vehicle","Not Applicable","Not Applicable","North Of",""
"680331","CR-0000089557","0","0","0","0","21-353-0862","False","False","70","12/19/2021 9:34:00 PM","No Pedestrians Involved","Dry","No Unusual Conditions","Dark - Street Light","Violation Driver 1","No Controls Present/Factor","Clear","Sideswipe","Non-Related","Parked Vehicle","Not Applicable","Not Applicable","West Of",""
"680332","CR-0000089558","0","0","0","0","21-353-0946","False","False","190","12/19/2021 10:56:00 PM","No Pedestrians Involved","Dry","No Unusual Conditions","Dark - Street Light","Violation Driver 1","Controls Functioning","Clear","Rear End","Non-Related","Parked Vehicle","Not Applicable","Not Applicable","West Of",""
"680333","CR-0000089559","0","0","0","0","21-353-0076","False","False","94","12/19/2021 1:15:00 AM","No Pedestrians Involved","Dry","No Unusual Conditions","Dark - Street Light","Violation Driver 1","No Controls Present/Factor","Clear","Other","Non-Related","Other Vehicle","Not Applicable","Not Applicable","South Of",""
"680334","CR-0000089560","2","0","0","0","21-353-0318","False","False","0","12/19/2021 9:33:00 AM","No Pedestrians Involved","Dry","No Unusual Conditions","Daylight","Violation Driver 1","Controls Functioning","Clear","Broadside","Intersection","Other Vehicle","Not Applicable","Not Applicable","At",""
"680335","CR-0000089561","1","0","0","0","21-354-0223","False","False","40","12/20/2021 7:58:00 AM","No Pedestrians Involved","Dry","No Unusual Conditions","Daylight","Violation Driver 1","No Controls Present/Factor","Clear","Sideswipe","Related","Other Vehicle","Not Applicable","Not Applicable","South Of",""
"680336","CR-0000089562","1","0","0","0","21-354-0876","False","False","30","12/20/2021 8:40:00 PM","In Road - Includes Shoulder","Dry","No Unusual Conditions","Dark - Street Light","Violation Driver 1","Controls Functioning","Clear","Vehicle/Pedestrian","Related","Pedestrian","West","East","North Of","PEDESTRIAN"
"680337","CR-0000089563","1","0","0","0","21-354-0706","False","False","262","12/20/2021 4:58:00 PM","No Pedestrians Involved","Dry","No Unusual Conditions","Dusk - Dawn","Bike At Fault","No Controls Present/Factor","Clear","Vehicle/Bike","Non-Related","Bike","Not Applicable","Not Applicable","North Of","BIKE"
"680338","CR-0000089564","1","1","0","0","21-354-0782","False","False","182","12/20/2021 6:25:00 PM","No Pedestrians Involved","Dry","No Unusual Conditions","Dark - Street Light","Violation Driver 1","No Controls Present/Factor","Clear","Sideswipe","Non-Related","Parked Vehicle","Not Applicable","Not Applicable","South Of",""
"680339","CR-0000089565","1","0","0","0","21-354-0784","False","False","50","12/20/2021 6:26:00 PM","No Pedestrians Involved","Dry","No Unusual Conditions","Dusk - Dawn","Violation Driver 1","Controls Functioning","Clear","Rear End","Related","Other Vehicle","Not Applicable","Not Applicable","South Of",""
"680340","CR-0000089566","0","0","0","0","21-354-0954","False","False","108","12/20/2021 7:29:00 PM","No Pedestrians Involved","Dry","No Unusual Conditions","Dark - Street Light","Violation Driver 1","Controls Functioning","Cloudy","Sideswipe","Non-Related","Parked Vehicle","Not Applicable","Not Applicable","North Of",""
"680341","CR-0000089567","0","0","1","0","21-354-0851","False","False","0","12/20/2021 8:00:00 PM","Crossing - Not In Crosswalk","Dry","No Unusual Conditions","Dark - Street Light","Pedestrian At Fault","Controls Functioning","Clear","Vehicle/Pedestrian","Intersection","Pedestrian","East","West","At","PEDESTRIAN"
"680342","CR-0000089568","0","0","1","0","21-354-0087","True","False","0","12/20/2021 1:59:00 AM","No Pedestrians Involved","Dry","No Unusual Conditions","Dark - Street Light","Violation Driver 1","Controls Functioning","Clear","Hit Object","Intersection","Fixed Object","Not Applicable","Not Applicable","At","LIGHT POLE"
"680343","CR-0000089569","0","0","0","0","21-355-0002","False","False","112","12/21/2021 12:00:00 AM","No Pedestrians Involved","Unknown","Unknown","Unknown","Violation Driver 1","Unknown","Unknown","Sideswipe","Non-Related","Parked Vehicle","Not Applicable","Not Applicable","West Of",""
"680344","CR-0000089570","1","0","0","0","21-355-0033","False","False","35","12/21/2021 12:49:00 AM","No Pedestrians Involved","Dry","No Unusual Conditions","Dark - Street Light","Violation Driver 1","Controls Functioning","Clear","Rear End","Related","Parked Vehicle","Not Applicable","Not Applicable","West Of",""
"680345","CR-0000089571","1","0","0","0","21-355-0220","False","False","0","12/21/2021 7:49:00 AM","No Pedestrians Involved","Dry","No Unusual Conditions","Daylight","Violation Driver 1","Controls Functioning","Clear","Broadside","Intersection","Other Vehicle","Not Applicable","Not Applicable","At",""
"680346","CR-0000089572","1","0","0","0","21-355-0465","False","False","0","12/21/2021 1:12:00 PM","No Pedestrians Involved","Dry","No Unusual Conditions","Daylight","Violation Driver 1","Controls Functioning","Clear","Broadside","Intersection","Other Vehicle","South","Not Applicable","At",""
"680347","CR-0000089573","0","0","0","0","21-357-9704","False","True","0","12/21/2021 5:20:00 PM","No Pedestrians Involved","Wet","No Unusual Conditions","Dark - Street Light","Violation Driver 1","No Controls Present/Factor","Rain","Broadside","Intersection","Other Vehicle","Not Applicable","Not Applicable","At",""
"680348","CR-0000089574","0","0","0","0","21-355-0486","False","False","84","12/21/2021 1:34:00 PM","No Pedestrians Involved","Dry","No Unusual Conditions","Daylight","Violation Driver 1","Controls Functioning","Clear","Sideswipe","Non-Related","Other Vehicle","Not Applicable","Not Applicable","West Of",""
"680349","CR-0000089575","3","0","0","0","21-355-0723","False","False","260","12/21/2021 5:28:00 PM","No Pedestrians Involved","Wet","No Unusual Conditions","Dusk - Dawn","Violation Driver 1","No Controls Present/Factor","Clear","Head On","Non-Related","Other Vehicle","Not Applicable","Not Applicable","South Of",""
"680350","CR-0000089576","1","0","0","0","21-355-0732","False","False","0","12/21/2021 5:38:00 PM","Crossing In Crosswalk - At Intersection","Wet","Unknown","Dark - Street Light","Violation Driver 1","Controls Functioning","Rain","Vehicle/Pedestrian","Intersection","Pedestrian","East","West","At","(2) - PEDESTRIANS"
"680351","CR-0000089577","1","0","0","0","21-355-0870","False","False","0","12/21/2021 8:55:00 PM","No Pedestrians Involved","Wet","No Unusual Conditions","Dark - Street Light","Violation Driver 1","Controls Functioning","Rain","Head On","Intersection","Other Vehicle","Not Applicable","Not Applicable","At",""
"680352","CR-0000089578","0","1","0","0","21-355-0897","False","False","0","12/21/2021 9:40:00 PM","No Pedestrians Involved","Wet","No Unusual Conditions","Dark - Street Light","Violation Driver 1","Controls Functioning","Rain","Broadside","Intersection","Other Vehicle","Not Applicable","Not Applicable","At",""
"680353","CR-0000089579","0","0","0","0","21-356-0136","False","False","210","12/22/2021 2:30:00 AM","No Pedestrians Involved","Wet","No Unusual Conditions","Dark - Street Light","Violation Driver 1","No Controls Present/Factor","Rain","Rear End","Non-Related","Parked Vehicle","Not Applicable","Not Applicable","North Of",""
"680354","CR-0000089580","1","0","0","0","21-357-0145","False","False","0","12/23/2021 6:05:00 AM","No Pedestrians Involved","Wet","No Unusual Conditions","Dark - Street Light","Violation Driver 1","Controls Functioning","Rain","Broadside","Intersection","Other Vehicle","Not Applicable","Not Applicable","At",""
"680355","CR-0000089581","1","0","0","0","21-356-0589","False","False","0","12/22/2021 3:52:00 PM","No Pedestrians Involved","Wet","No Unusual Conditions","Daylight","Violation Driver 1","Controls Functioning","Rain","Rear End","Intersection","Other Vehicle","Not Applicable","Not Applicable","At","PD EMERGENCY VEHICLE INVOLVED"
"680356","CR-0000089582","1","0","0","0","21-356-0817","False","False","0","12/22/2021 8:16:00 PM","No Pedestrians Involved","Dry","No Unusual Conditions","Dark - Street Light","Violation Driver 1","Controls Functioning","Clear","Head On","Intersection","Other Vehicle","Not Applicable","Not Applicable","At",""
"680357","CR-0000089583","1","0","0","0","21-356-0442","False","False","51","12/22/2021 1:07:00 PM","No Pedestrians Involved","Dry","No Unusual Conditions","Daylight","Violation Driver 1","No Controls Present/Factor","Cloudy","Sideswipe","Non-Related","Other Vehicle","Not Applicable","Not Applicable","East Of",""
"680358","CR-0000089584","0","0","0","0","21-356-0865","True","False","334","12/22/2021 9:19:00 PM","No Pedestrians Involved","Wet","No Unusual Conditions","Dark - Street Light","Violation Driver 1","No Controls Present/Factor","Rain","Hit Object","Non-Related","Fixed Object","Not Applicable","Not Applicable","West Of","LIGHT POLE (CITY OWNED)"
"680359","CR-0000089585","2","0","0","0","21-356-0952","False","False","642","12/22/2021 11:22:00 PM","No Pedestrians Involved","Wet","No Unusual Conditions","Dark - Street Light","Violation Driver 1","Controls Functioning","Rain","Hit Object","Non-Related","Fixed Object","Not Applicable","Not Applicable","North Of","HIT HOTEL SIGN AND DRIVEWAY CURB"
"680360","CR-0000089586","0","0","0","0","21-357-9702","False","True","51","12/22/2021 1:00:00 PM","No Pedestrians Involved","Dry","No Unusual Conditions","Daylight","Violation Driver 1","No Controls Present/Factor","Clear","Broadside","Non-Related","Other Vehicle","Not Applicable","Not Applicable","South Of",""
"680361","CR-0000089587","1","0","0","0","21-357-0726","False","False","42","12/23/2021 7:45:00 PM","No Pedestrians Involved","Dry","No Unusual Conditions","Dark - Street Light","Violation Driver 1","Controls Functioning","Clear","Rear End","Related","Other Vehicle","Not Applicable","Not Applicable","West Of","SCCO SHERIFF'S CAR"
"680362","CR-0000089588","0","0","0","0","21-357-0198","False","False","323","12/23/2021 8:18:00 AM","No Pedestrians Involved","Wet","No Unusual Conditions","Daylight","Violation Driver 1","No Controls Present/Factor","Rain","Rear End","Non-Related","Parked Vehicle","Not Applicable","Not Applicable","West Of",""
"680363","CR-0000089589","1","0","0","0","21-357-0221","False","False","0","12/23/2021 9:05:00 AM","No Pedestrians Involved","Wet","No Unusual Conditions","Daylight","Violation Driver 1","Controls Functioning","Rain","Broadside","Intersection","Other Vehicle","Not Applicable","Not Applicable","At","VTA BUS"
"680364","CR-0000089590","1","0","0","0","21-357-0321","False","False","0","12/23/2021 11:58:00 AM","No Pedestrians Involved","Wet","No Unusual Conditions","Daylight","Violation Driver 1","Controls Functioning","Cloudy","Broadside","Intersection","Other Vehicle","Not Applicable","Not Applicable","At",""
"680365","CR-0000089591","2","0","0","0","21-357-0329","False","False","0","12/23/2021 12:00:00 PM","No Pedestrians Involved","Dry","No Unusual Conditions","Daylight","Violation Driver 1","Controls Functioning","Clear","Broadside","Intersection","Other Vehicle","Not Applicable","Not Applicable","At",""
"680366","CR-0000089592","0","0","0","0","21-357-0496","False","False","0","12/23/2021 3:40:00 PM","No Pedestrians Involved","Dry","No Unusual Conditions","Daylight","Violation Driver 1","Controls Functioning","Clear","Head On","Intersection","Motorcycle","Not Applicable","Not Applicable","At",""
"680367","CR-0000089593","0","0","0","0","21-357-0770","False","False","51","12/23/2021 8:36:00 PM","No Pedestrians Involved","Dry","No Unusual Conditions","Dusk - Dawn","Violation Driver 1","No Controls Present/Factor","Clear","Rear End","Non-Related","Other Vehicle","Not Applicable","Not Applicable","Unknown",""
"680368","CR-0000089595","1","0","0","0","21-358-0041","True","False","0","12/24/2021 12:55:00 AM","No Pedestrians Involved","Wet","No Unusual Conditions","Dark - Street Light","Violation Driver 1","Controls Functioning","Rain","Hit Object","Intersection","Fixed Object","Not Applicable","Not Applicable","At","LIGHT POLE"
"680369","CR-0000089596","0","0","0","0","21-358-0147","True","False","45","12/24/2021 4:55:00 AM","No Pedestrians Involved","Wet","No Unusual Conditions","Dark - Street Light","Violation Driver 1","No Controls Present/Factor","Rain","Hit Object","Related","Fixed Object","Not Applicable","Not Applicable","South Of","LIGHT POLE"
"680370","CR-0000089594","0","1","0","0","21-358-0019","True","False","0","12/24/2021 12:16:00 AM","No Pedestrians Involved","Slippery (Muddy Oily etc.)","Other","Dark - No Street Light","Violation Driver 1","Controls Functioning","Rain","Hit Object","Intersection","Fixed Object","Not Applicable","Not Applicable","At","LIGHT POLE"
"680371","CR-0000089597","1","0","0","0","21-358-0454","False","False","938","12/24/2021 2:58:00 PM","No Pedestrians Involved","Dry","No Unusual Conditions","Daylight","Violation Driver 1","No Controls Present/Factor","Clear","Head On","Non-Related","Motor Vehicle On Other Roadway","Not Applicable","Not Applicable","North Of",""
"680372","CR-0000089598","0","0","0","0","21-358-0637","False","False","","12/24/2021 6:56:00 PM","No Pedestrians Involved","Dry","No Unusual Conditions","Dark - Street Light","Violation Driver 1","Controls Functioning","Clear","Rear End","Non-Related","Other Vehicle","Not Applicable","Not Applicable","West Of",""
"680373","CR-0000089599","0","0","0","0","21-358-0709","False","False","35","12/24/2021 8:47:00 PM","No Pedestrians Involved","Dry","No Unusual Conditions","Dark - Street Light","Violation Driver 1","No Controls Present/Factor","Clear","Sideswipe","Related","Parked Vehicle","Not Applicable","Not Applicable","South Of",""
"680374","CR-0000089600","1","0","0","0","21-358-0697","False","False","0","12/24/2021 8:26:00 PM","No Pedestrians Involved","Dry","No Unusual Conditions","Dark - Street Light","Bike At Fault","Controls Functioning","Clear","Vehicle/Bike","Intersection","Bike","Not Applicable","Not Applicable","At","BIKE"
"680375","CR-0000089601","1","0","0","0","21-358-0698","False","False","0","12/24/2021 8:30:00 PM","No Pedestrians Involved","Wet","No Unusual Conditions","Dark - Street Light","Violation Driver 1","Controls Functioning","Cloudy","Broadside","Intersection","Other Vehicle","Not Applicable","Not Applicable","At",""
"680376","CR-0000089602","0","1","0","0","21-358-0585","False","False","0","12/24/2021 5:52:00 PM","Crossing - Not In Crosswalk","Dry","No Unusual Conditions","Dark - Street Light","Pedestrian At Fault","Controls Functioning","Clear","Vehicle/Pedestrian","Intersection","Pedestrian","West","East","At","PEDESTRIAN"
"680377","CR-0000089603","0","0","0","0","21-359-0151","True","False","31","12/25/2021 2:18:00 AM","No Pedestrians Involved","Dry","No Unusual Conditions","Dark - Street Light","Violation Driver 1","No Controls Present/Factor","Cloudy","Hit Object","Related","Fixed Object","Not Applicable","Not Applicable","East Of","LIGHT POLE"
"680378","CR-0000089604","0","0","0","0","21-359-0164","False","False","18","12/25/2021 2:36:00 AM","No Pedestrians Involved","Dry","No Unusual Conditions","Dark - Street Light","Violation Driver 1","Controls Functioning","Clear","Hit Object","Related","Fixed Object","Not Applicable","Not Applicable","North Of","FENCE"