"CrashFactId","Name","MinorInjuries","ModerateInjuries","SevereInjuries","FatalInjuries","TcrNumber","CityDamageFlag","ShortFormFlag","Distance","CrashDateTime","PedestrianAction","RoadwaySurface","RoadwayCondition","Lighting","PrimaryCollisionFactor","TrafficControl","Weather","CollisionType","ProximityToIntersection","VehicleInvolvedWith","PedestrianDirectionFrom","PedestrianDirectionTo","DirectionFromIntersection","Comment"
"680379","CR-0000089605","0","0","0","0","21-359-0178","False","False","138","12/25/2021 2:57:00 AM","No Pedestrians Involved","Wet","No Unusual Conditions","Dark - Street Light","Violation Driver 1","No Controls Present/Factor","Rain","Head On","Non-Related","Parked Vehicle","Not Applicable","Not Applicable","East Of",""
"680380","CR-0000089606","1","0","0","0","21-359-0184","False","False","60","12/25/2021 3:12:00 AM","No Pedestrians Involved","Dry","No Unusual Conditions","Dark - Street Light","Violation Driver 1","Unknown","Cloudy","Rear End","Non-Related","Parked Vehicle","Not Applicable","Not Applicable","South Of",""
"680381","CR-0000089607","1","0","0","0","21-359-0270","True","False","45","12/25/2021 6:50:00 AM","No Pedestrians Involved","Wet","No Unusual Conditions","Dusk - Dawn","Violation Driver 1","Controls Functioning","Rain","Hit Object","Related","Fixed Object","Not Applicable","Not Applicable","South Of","CELL SIGNAL POLE AND STREET LIGHT"
"680382","CR-0000089608","1","0","0","0","21-359-0440","False","False","0","12/25/2021 1:27:00 PM","No Pedestrians Involved","Wet","No Unusual Conditions","Daylight","Violation Driver 1","Controls Functioning","Rain","Broadside","Intersection","Other Vehicle","Not Applicable","Not Applicable","At",""
"680383","CR-0000089609","1","0","0","0","21-359-0445","False","False","282","12/25/2021 1:39:00 PM","No Pedestrians Involved","Wet","No Unusual Conditions","Daylight","Violation Driver 1","No Controls Present/Factor","Rain","Broadside","Non-Related","Other Vehicle","Not Applicable","Not Applicable","North Of",""
"680384","CR-0000089610","1","0","0","0","21-359-0457","False","False","0","12/25/2021 2:08:00 PM","No Pedestrians Involved","Wet","No Unusual Conditions","Daylight","Violation Driver 1","Controls Functioning","Rain","Broadside","Intersection","Other Vehicle","Not Applicable","Not Applicable","At",""
"680385","CR-0000089611","0","0","0","0","21-359-0617","False","False","0","12/25/2021 8:00:00 PM","No Pedestrians Involved","Wet","No Unusual Conditions","Dark - Street Light","Violation Driver 1","No Controls Present/Factor","Rain","Hit Object","Intersection","Fixed Object","Not Applicable","Not Applicable","At","HOUSE GATE"
"680386","CR-0000089612","0","0","0","0","21-359-0652","False","False","300","12/25/2021 8:27:00 PM","No Pedestrians Involved","Wet","No Unusual Conditions","Dark - Street Light","Violation Driver 1","No Controls Present/Factor","Unknown","Broadside","Non-Related","Parked Vehicle","Not Applicable","Not Applicable","East Of",""
"680387","CR-0000089613","0","0","0","0","21-359-0663","True","False","0","12/25/2021 9:33:00 PM","No Pedestrians Involved","Wet","Unknown","Dark - Street Light","Violation Driver 1","Controls Functioning","Rain","Hit Object","Intersection","Fixed Object","Not Applicable","Not Applicable","At","LIGHT POLE"
"680388","CR-0000089614","0","0","0","0","21-360-0013","True","False","0","12/26/2021 12:13:00 AM","No Pedestrians Involved","Dry","No Unusual Conditions","Dark - Street Light","Violation Driver 1","Controls Functioning","Clear","Hit Object","Intersection","Fixed Object","Not Applicable","Not Applicable","At","TRAFFIC SIGNAL"
"680389","CR-0000089615","0","0","0","0","21-360-0049","True","False","295","12/26/2021 1:41:00 AM","No Pedestrians Involved","Wet","No Unusual Conditions","Dark - Street Light","Violation Driver 1","Controls Functioning","Rain","Hit Object","Non-Related","Fixed Object","Not Applicable","Not Applicable","South Of","TREE AND NO PARKING SIGN"
"680390","CR-0000089616","0","0","0","0","21-360-0080","False","False","54","12/26/2021 2:58:00 AM","No Pedestrians Involved","Wet","No Unusual Conditions","Dark - No Street Light","Violation Driver 1","Controls Functioning","Cloudy","Rear End","Non-Related","Other Vehicle","Not Applicable","Not Applicable","South Of",""
"680391","CR-0000089617","0","1","0","0","21-360-0446","True","False","55","12/26/2021 4:09:00 PM","No Pedestrians Involved","Slippery (Muddy Oily etc.)","Other","Daylight","Violation Driver 1","Controls Functioning","Cloudy","Hit Object","Non-Related","Fixed Object","Not Applicable","Not Applicable","North Of","SPEED LIMIT SIGN"
"680392","CR-0000089618","2","0","0","0","21-360-0232","False","False","28","12/26/2021 10:50:00 AM","No Pedestrians Involved","Dry","No Unusual Conditions","Daylight","Violation Driver 1","Controls Functioning","Cloudy","Rear End","Related","Other Vehicle","Not Applicable","Not Applicable","West Of",""
"680393","CR-0000089619","0","0","0","0","21-361-0056","False","False","0","12/27/2021 1:33:00 AM","No Pedestrians Involved","Wet","No Unusual Conditions","Dark - Street Light","Violation Driver 1","Controls Functioning","Rain","Hit Object","Intersection","Fixed Object","Not Applicable","Not Applicable","At","AT&T CABLE BOX WAS DAMAGED DURING THE COLLISION"
"680394","CR-0000089620","0","0","0","0","21-361-0114","True","False","480","12/27/2021 5:42:00 AM","No Pedestrians Involved","Wet","No Unusual Conditions","Dark - Street Light","Violation Driver 1","No Controls Present/Factor","Rain","Hit Object","Non-Related","Fixed Object","Not Applicable","Not Applicable","South Of","LIGHT POLE"
"680395","CR-0000089621","0","1","0","0","21-361-0290","False","False","0","12/27/2021 11:11:00 AM","Crossing In Crosswalk - At Intersection","Wet","No Unusual Conditions","Daylight","Violation Driver 1","Controls Functioning","Rain","Vehicle/Pedestrian","Intersection","Pedestrian","South","North","At","PEDESTRIAN"
"680396","CR-0000089622","0","0","0","0","21-361-0586","False","False","0","12/27/2021 12:00:00 PM","No Pedestrians Involved","Wet","No Unusual Conditions","Daylight","Violation Driver 1","No Controls Present/Factor","Clear","Head On","Intersection","Other Vehicle","Not Applicable","Not Applicable","At",""
"680397","CR-0000089623","0","0","0","0","21-361-0335","False","False","0","12/27/2021 12:02:00 PM","No Pedestrians Involved","Slippery (Muddy Oily etc.)","No Unusual Conditions","Daylight","Violation Driver 1","Controls Functioning","Rain","Broadside","Intersection","Other Vehicle","Not Applicable","Not Applicable","At",""
"680398","CR-0000089624","0","1","0","0","21-361-0405","False","False","72","12/27/2021 1:11:00 PM","No Pedestrians Involved","Wet","No Unusual Conditions","Daylight","Violation Driver 1","No Controls Present/Factor","Clear","Rear End","Non-Related","Parked Vehicle","Not Applicable","Not Applicable","East Of",""
"680399","CR-0000089625","0","0","0","0","21-361-0499","True","False","950","12/27/2021 2:40:00 PM","No Pedestrians Involved","Wet","No Unusual Conditions","Daylight","Violation Driver 1","No Controls Present/Factor","Cloudy","Hit Object","Non-Related","Fixed Object","Not Applicable","Not Applicable","East Of","CITY FENCE"
"680400","CR-0000089626","0","0","1","0","21-361-0686","False","False","0","12/27/2021 6:03:00 PM","No Pedestrians Involved","Wet","No Unusual Conditions","Dark - Street Light","Violation Driver 1","Controls Functioning","Clear","Broadside","Intersection","Other Vehicle","Not Applicable","Not Applicable","At",""
"680401","CR-0000089627","1","0","0","0","21-361-0691","False","False","24","12/27/2021 6:06:00 PM","Crossing - Not In Crosswalk","Wet","No Unusual Conditions","Dark - Street Light","Pedestrian At Fault","Controls Functioning","Rain","Vehicle/Pedestrian","Related","Pedestrian","East","West","South Of","PEDESTRIAN"
"680402","CR-0000089628","0","1","0","0","21-361-0830","False","False","0","12/27/2021 9:07:00 PM","No Pedestrians Involved","Dry","No Unusual Conditions","Dark - Street Light","Violation Driver 1","Unknown","Clear","Broadside","Intersection","Bike","Not Applicable","Not Applicable","At","BIKE"
"680403","CR-0000089629","1","0","0","0","21-362-0155","False","False","0","12/28/2021 6:18:00 AM","No Pedestrians Involved","Dry","No Unusual Conditions","Dusk - Dawn","Violation Driver 1","Controls Functioning","Clear","Broadside","Intersection","Motor Vehicle On Other Roadway","Not Applicable","Not Applicable","At",""
"680404","CR-0000089630","0","0","0","0","21-362-0347","False","False","485","12/28/2021 11:25:00 AM","No Pedestrians Involved","Wet","No Unusual Conditions","Daylight","Violation Driver 1","Controls Functioning","Cloudy","Sideswipe","Non-Related","Other Vehicle","Not Applicable","Not Applicable","West Of",""
"680405","CR-0000089631","2","0","0","0","21-362-0213","False","False","0","12/28/2021 8:40:00 AM","No Pedestrians Involved","Wet","No Unusual Conditions","Daylight","Violation Driver 1","Controls Functioning","Cloudy","Broadside","Intersection","Other Vehicle","Not Applicable","Not Applicable","At",""
"680406","CR-0000089632","2","0","0","0","21-362-0688","False","False","0","12/28/2021 5:32:00 PM","No Pedestrians Involved","Slippery (Muddy Oily etc.)","No Unusual Conditions","Dark - Street Light","Violation Driver 1","Controls Functioning","Cloudy","Head On","Intersection","Other Vehicle","Not Applicable","Not Applicable","At",""
"680407","CR-0000089633","0","0","0","0","21-362-0789","False","False","200","12/28/2021 8:10:00 PM","No Pedestrians Involved","Dry","No Unusual Conditions","Dark - Street Light","Violation Driver 1","No Controls Present/Factor","Unknown","Sideswipe","Non-Related","Other Vehicle","Not Applicable","Not Applicable","South Of",""
"680408","CR-0000089634","0","0","0","0","21-362-0877","False","False","0","12/28/2021 10:00:00 PM","No Pedestrians Involved","Dry","No Unusual Conditions","Dark - Street Light","Violation Driver 1","No Controls Present/Factor","Clear","Broadside","Intersection","Other Vehicle","Not Applicable","Not Applicable","At",""
"680409","CR-0000089635","0","0","0","0","21-362-0866","False","False","0","12/28/2021 10:09:00 PM","No Pedestrians Involved","Dry","No Unusual Conditions","Dark - Street Light","Violation Driver 1","No Controls Present/Factor","Clear","Head On","Intersection","Other Vehicle","Not Applicable","Not Applicable","At",""
"680410","CR-0000089636","1","0","0","0","21-362-0888","False","False","21","12/28/2021 10:32:00 PM","No Pedestrians Involved","Dry","No Unusual Conditions","Dark - Street Light","Violation Driver 1","Controls Functioning","Clear","Rear End","Related","Other Vehicle","Not Applicable","Not Applicable","West Of",""
"680411","CR-0000089637","1","0","0","0","21-362-0936","True","False","0","12/28/2021 11:55:00 PM","No Pedestrians Involved","Wet","No Unusual Conditions","Dark - Street Light","Violation Driver 1","No Controls Present/Factor","Rain","Hit Object","Intersection","Fixed Object","Not Applicable","Not Applicable","At","STREET SIGN AND LIGHT POLE"
"680412","CR-0000089638","1","0","0","0","21-363-0104","True","False","339","12/29/2021 3:27:00 AM","No Pedestrians Involved","Wet","No Unusual Conditions","Dark - Street Light","Violation Driver 1","No Controls Present/Factor","Cloudy","Hit Object","Non-Related","Fixed Object","Not Applicable","Not Applicable","West Of","TREE"
"680413","CR-0000089639","0","0","0","0","21-363-0163","False","False","0","12/29/2021 7:28:00 AM","No Pedestrians Involved","Wet","Unknown","Daylight","Violation Driver 1","Controls Functioning","Rain","Broadside","Intersection","Other Vehicle","Not Applicable","Not Applicable","At",""
"680414","CR-0000089640","0","0","0","0","21-363-0177","False","False","0","12/29/2021 7:57:00 AM","No Pedestrians Involved","Dry","No Unusual Conditions","Daylight","Violation Driver 1","No Controls Present/Factor","Clear","Rear End","Intersection","Other Vehicle","Not Applicable","Not Applicable","At",""
"680415","CR-0000089641","1","1","0","0","21-363-0481","True","False","0","12/29/2021 2:12:00 PM","No Pedestrians Involved","Wet","No Unusual Conditions","Daylight","Violation Driver 1","Controls Functioning","Rain","Hit Object","Intersection","Fixed Object","Not Applicable","Not Applicable","At","LIGHT POLE AND RAILROAD SIGN"
"680416","CR-0000089642","0","0","0","0","21-363-0515","False","False","0","12/29/2021 2:57:00 PM","No Pedestrians Involved","Wet","No Unusual Conditions","Daylight","Violation Driver 1","Unknown","Rain","Broadside","Intersection","Other Vehicle","Not Applicable","Not Applicable","At",""
"680417","CR-0000089643","0","0","0","0","21-363-0881","False","False","25","12/29/2021 11:02:00 PM","No Pedestrians Involved","Wet","No Unusual Conditions","Dark - Street Light","Violation Driver 1","No Controls Present/Factor","Cloudy","Hit Object","Related","Fixed Object","Not Applicable","Not Applicable","North Of","CURB AND ELEMENTARY SCHOOL FENCE"
"680418","CR-0000089644","0","0","0","0","21-363-0390","False","False","229","12/29/2021 11:33:00 AM","No Pedestrians Involved","Dry","No Unusual Conditions","Daylight","Violation Driver 1","No Controls Present/Factor","Cloudy","Sideswipe","Non-Related","Other Vehicle","Not Applicable","Not Applicable","South Of","EMERGENCY VEHICLE INVOLVED (PD)"
"680419","CR-0000089645","1","0","0","0","21-364-0202","False","False","0","12/30/2021 7:56:00 AM","No Pedestrians Involved","Wet","No Unusual Conditions","Daylight","Violation Driver 1","Controls Functioning","Clear","Broadside","Intersection","Other Vehicle","Not Applicable","Not Applicable","At",""
"680420","CR-0000089646","0","0","1","0","21-364-0330","False","False","0","12/30/2021 10:54:00 AM","No Pedestrians Involved","Dry","No Unusual Conditions","Dusk - Dawn","Violation Driver 1","Controls Functioning","Clear","Broadside","Intersection","Other Vehicle","Not Applicable","Not Applicable","At",""
"680421","CR-0000089647","0","0","0","0","21-364-0459","False","False","0","12/30/2021 1:17:00 PM","No Pedestrians Involved","Dry","No Unusual Conditions","Daylight","Violation Driver 1","Controls Functioning","Clear","Broadside","Intersection","Other Vehicle","Not Applicable","Not Applicable","At",""
"680422","CR-0000089648","0","1","0","0","21-364-0553","False","False","0","12/20/2021 3:18:00 PM","Crossing In Crosswalk - At Intersection","Dry","No Unusual Conditions","Daylight","Violation Driver 1","Controls Functioning","Clear","Vehicle/Pedestrian","Intersection","Pedestrian","North","South","At","PEDESTRIAN"
"680423","CR-0000089649","2","0","0","0","21-364-0555","False","False","0","12/30/2021 3:30:00 PM","No Pedestrians Involved","Dry","No Unusual Conditions","Daylight","Violation Driver 1","Controls Functioning","Clear","Broadside","Intersection","Other Vehicle","Not Applicable","Not Applicable","At",""
"680424","CR-0000089650","2","0","0","0","21-364-0617","False","False","155","12/30/2021 4:37:00 PM","No Pedestrians Involved","Dry","No Unusual Conditions","Daylight","Violation Driver 1","No Controls Present/Factor","Clear","Broadside","Non-Related","Other Vehicle","Not Applicable","Not Applicable","West Of",""
"680425","CR-0000089651","1","0","0","0","21-364-0832","False","False","30","12/30/2021 9:50:00 PM","No Pedestrians Involved","Dry","No Unusual Conditions","Dusk - Dawn","Violation Driver 1","Controls Functioning","Clear","Rear End","Related","Other Vehicle","Not Applicable","Not Applicable","West Of",""
"680426","CR-0000089652","0","0","0","0","21-364-0855","False","False","0","12/30/2021 10:15:00 PM","No Pedestrians Involved","Dry","No Unusual Conditions","Dark - No Street Light","Violation Driver 1","Controls Functioning","Clear","Rear End","Intersection","Other Vehicle","Not Applicable","Not Applicable","At",""
"680427","CR-0000089653","2","0","0","0","21-364-0905","False","False","101","12/30/2021 11:33:00 PM","No Pedestrians Involved","Dry","No Unusual Conditions","Dark - Street Light","Violation Driver 1","Controls Functioning","Unknown","Rear End","Non-Related","Other Vehicle","Not Applicable","Not Applicable","West Of",""
"680428","CR-0000089654","0","1","0","0","21-365-0447","False","False","51","12/31/2021 3:05:00 PM","No Pedestrians Involved","Dry","No Unusual Conditions","Daylight","Violation Driver 1","No Controls Present/Factor","Clear","Rear End","Non-Related","Other Vehicle","Not Applicable","Not Applicable","West Of",""
"680429","CR-0000089655","1","0","0","0","21-365-0658","False","False","105","12/31/2021 7:29:00 PM","No Pedestrians Involved","Dry","No Unusual Conditions","Dark - Street Light","Violation Driver 1","Controls Functioning","Clear","Rear End","Non-Related","Other Vehicle","Not Applicable","Not Applicable","West Of",""
"680430","CR-0000089656","2","0","0","0","21-365-0068","False","False","47","12/31/2021 1:42:00 AM","No Pedestrians Involved","Dry","No Unusual Conditions","Dark - Street Light","Violation Driver 1","Controls Functioning","Clear","Rear End","Related","Other Vehicle","Not Applicable","Not Applicable","South Of",""
"680431","CR-0000089657","0","0","0","0","22-008-0351","False","False","47","12/25/2021 4:56:00 AM","No Pedestrians Involved","Dry","No Unusual Conditions","Dark - Street Light","Violation Driver 1","Controls Functioning","Clear","Hit Object","Related","Fixed Object","Not Applicable","Not Applicable","East Of","Fence"
"680432","CR-0000089659","1","0","0","0","21-364-0368","False","False","0","12/30/2021 11:45:00 AM","No Pedestrians Involved","Dry","No Unusual Conditions","Daylight","Bike At Fault","No Controls Present/Factor","Clear","Vehicle/Bike","Intersection","Bike","Not Applicable","Not Applicable","At","BIKE"
"680433","CR-0000089660","1","0","0","0","21-363-0524","False","False","0","12/29/2021 3:05:00 PM","No Pedestrians Involved","Wet","No Unusual Conditions","Daylight","Violation Driver 1","Controls Functioning","Cloudy","Broadside","Intersection","Other Vehicle","Not Applicable","Not Applicable","At",""
"680434","CR-0000089661","0","0","0","0","22-004-9709","False","True","","12/25/2021 11:00:00 AM","No Pedestrians Involved","Dry","No Unusual Conditions","Dark - Street Light","Unknown","No Controls Present/Factor","Clear","Sideswipe","Related","Parked Vehicle","Not Applicable","Not Applicable","South Of",""
"680435","CR-0000089662","0","0","0","0","22-018-4006","False","True","51","12/31/2021 11:30:00 PM","No Pedestrians Involved","Unknown","Unknown","Unknown","Unknown","Unknown","Unknown","Sideswipe","Non-Related","Parked Vehicle","Not Applicable","Not Applicable","North Of",""
"680437","CR-0000089672","0","0","0","0","21-145-0165","False","False","440","5/25/2021 7:05:00 AM","No Pedestrians Involved","Dry","No Unusual Conditions","Daylight","Violation Driver 1","Unknown","Clear","Sideswipe","Non-Related","Parked Vehicle","Not Applicable","Not Applicable","South Of",""
"680438","CR-0000089673","0","0","0","0","21-124-0484","False","False","30","5/4/2021 1:12:00 PM","No Pedestrians Involved","Dry","No Unusual Conditions","Daylight","Violation Driver 1","Controls Functioning","Clear","Rear End","Related","Other Vehicle","Not Applicable","Not Applicable","North Of",""
"680439","CR-0000089674","0","0","0","0","21-121-0130","False","False","220","5/1/2021 3:41:00 AM","No Pedestrians Involved","Dry","No Unusual Conditions","Daylight","Violation Driver 1","No Controls Present/Factor","Clear","Hit Object","Non-Related","Fixed Object","Not Applicable","Not Applicable","South Of","CURB"
"680440","CR-0000089675","0","0","0","0","21-120-1105","False","False","0","4/30/2021 11:41:00 PM","No Pedestrians Involved","Dry","No Unusual Conditions","Dark - Street Light Not Functioning","Violation Driver 1","Controls Not Functioning","Clear","Broadside","Intersection","Other Vehicle","Not Applicable","Not Applicable","At",""
"680441","CR-0000089676","0","0","0","0","21-121-0092","False","False","0","5/1/2021 2:10:00 AM","No Pedestrians Involved","Dry","No Unusual Conditions","Dark - Street Light","Violation Driver 1","Controls Functioning","Clear","Sideswipe","Intersection","Other Vehicle","Not Applicable","Not Applicable","At",""
"680442","CR-0000089677","0","0","0","0","21-120-1027","False","False","120","4/30/2021 10:32:00 PM","No Pedestrians Involved","Dry","No Unusual Conditions","Dark - Street Light","Violation Driver 1","No Controls Present/Factor","Clear","Sideswipe","Non-Related","Other Vehicle","Not Applicable","Not Applicable","South Of",""
"680444","CR-0000089679","0","0","0","0","21-116-0390","False","False","78","4/26/2021 7:30:00 AM","No Pedestrians Involved","Dry","Unknown","Daylight","Violation Driver 1","No Controls Present/Factor","Cloudy","Sideswipe","Non-Related","Parked Vehicle","Not Applicable","Not Applicable","North Of",""
"680445","CR-0000089680","1","0","0","0","21-118-0367","False","False","","4/28/2021 11:30:00 AM","No Pedestrians Involved","Dry","No Unusual Conditions","Daylight","Violation Driver 1","Unknown","Clear","Rear End","Non-Related","Other Vehicle","Not Applicable","Not Applicable","East Of",""
"680446","CR-0000089681","0","0","0","0","21-121-0112","True","False","45","5/1/2021 3:34:00 AM","No Pedestrians Involved","Dry","No Unusual Conditions","Dark - Street Light","Violation Driver 1","No Controls Present/Factor","Clear","Head On","Related","Parked Vehicle","Not Applicable","Not Applicable","South Of","STREET SIGN"
"680448","CR-0000089683","0","0","0","0","21-172-0886","False","False","111","6/21/2021 7:06:00 PM","No Pedestrians Involved","Dry","No Unusual Conditions","Daylight","Violation Driver 1","Controls Functioning","Clear","Rear End","Non-Related","Other Vehicle","Not Applicable","Not Applicable","North Of",""
"680449","CR-0000089689","0","0","0","0","21-275-9701","False","True","51","10/2/2021 3:00:00 AM","No Pedestrians Involved","Dry","No Unusual Conditions","Dark - Street Light","Unknown","No Controls Present/Factor","Clear","Rear End","Non-Related","Parked Vehicle","Not Applicable","Not Applicable","West Of",""
"680450","CR-0000089690","0","0","0","0","21-275-9705","False","True","","10/2/2021 12:00:00 AM","No Pedestrians Involved","Dry","No Unusual Conditions","Dark - Street Light","Unknown","No Controls Present/Factor","Clear","Sideswipe","Related","Parked Vehicle","Not Applicable","Not Applicable","East Of",""
"680451","CR-0000089691","0","0","0","0","21-275-9703","False","True","","10/2/2021 12:35:00 PM","No Pedestrians Involved","Dry","No Unusual Conditions","Daylight","Unknown","Controls Functioning","Clear","Sideswipe","Related","Other Vehicle","Not Applicable","Not Applicable","Unknown",""
"680452","CR-0000089692","0","0","0","0","21-275-9702","False","False","51","10/2/2021 11:15:00 AM","No Pedestrians Involved","Dry","No Unusual Conditions","Daylight","Unknown","Controls Functioning","Clear","Rear End","Non-Related","Other Vehicle","Not Applicable","Not Applicable","West Of",""
"680453","CR-0000089693","1","0","0","0","22-028-9704","False","False","51","10/28/2021 10:00:00 PM","No Pedestrians Involved","Dry","No Unusual Conditions","Dark - No Street Light","Unknown","Controls Functioning","Clear","Vehicle/Bike","Non-Related","Bike","Not Applicable","Not Applicable","South Of",""
"680454","CR-0000089694","0","0","0","0","22-003-9704","False","True","51","12/31/2021 6:00:00 PM","No Pedestrians Involved","Dry","No Unusual Conditions","Dark - Street Light","Unknown","No Controls Present/Factor","Clear","Rear End","Non-Related","Parked Vehicle","Not Applicable","Not Applicable","Unknown",""
"680455","CR-0000089695","0","0","0","0","22-003-9703","False","True","","12/30/2021 12:54:00 PM","No Pedestrians Involved","Dry","No Unusual Conditions","Daylight","Unknown","Controls Functioning","Clear","Sideswipe","Related","Other Vehicle","Not Applicable","Not Applicable","Unknown",""
"680456","CR-0000089696","0","0","0","0","21-339-0679","False","False","0","12/5/2021 5:38:00 PM","No Pedestrians Involved","Dry","No Unusual Conditions","Dark - Street Light","Violation Driver 1","Controls Functioning","Clear","Vehicle/Bike","Intersection","Bike","Not Applicable","Not Applicable","At",""
"680457","CR-0000089698","0","0","0","0","21-315-0099","False","False","51","11/11/2021 3:48:00 AM","No Pedestrians Involved","Dry","No Unusual Conditions","Dark - Street Light","Violation Driver 1","No Controls Present/Factor","Clear","Rear End","Non-Related","Other Vehicle","Not Applicable","Not Applicable","North Of",""
"680458","CR-0000089697","1","0","0","0","21-346-0660","False","False","61","12/12/2021 6:13:00 PM","No Pedestrians Involved","Dry","No Unusual Conditions","Dark - Street Light","Violation Driver 1","Controls Functioning","Rain","Rear End","Non-Related","Motor Vehicle On Other Roadway","Not Applicable","Not Applicable","North Of",""
"680459","CR-0000089700","1","0","0","0","21-345-0842","False","False","","12/11/2021 7:41:00 PM","No Pedestrians Involved","Dry","No Unusual Conditions","Dark - Street Light","Violation Driver 1","No Controls Present/Factor","Clear","Rear End","Related","Other Vehicle","Not Applicable","Not Applicable","South Of",""
"680460","CR-0000089701","1","0","0","0","21-345-0070","True","False","62","12/11/2021 1:28:00 AM","No Pedestrians Involved","Dry","No Unusual Conditions","Dark - Street Light","Violation Driver 1","No Controls Present/Factor","Clear","Hit Object","Non-Related","Fixed Object","Not Applicable","Not Applicable","West Of","HIT LIGHT POLE"
"680461","CR-0000089702","2","0","0","0","21-345-0179","False","False","125","12/11/2021 5:42:00 AM","No Pedestrians Involved","Dry","No Unusual Conditions","Dark - Street Light","Violation Driver 1","Controls Functioning","Clear","Sideswipe","Non-Related","Other Vehicle","Not Applicable","Not Applicable","West Of",""
"680462","CR-0000089703","0","1","0","0","21-345-0365","False","False","0","12/11/2021 11:22:00 AM","No Pedestrians Involved","Dry","No Unusual Conditions","Daylight","Violation Driver 1","Controls Functioning","Clear","Broadside","Intersection","Other Vehicle","Not Applicable","Not Applicable","At",""
"680464","CR-0000089705","0","0","0","0","21-345-0579","False","False","0","12/11/2021 3:00:00 PM","No Pedestrians Involved","Dry","No Unusual Conditions","Daylight","Violation Driver 1","Controls Functioning","Clear","Sideswipe","Intersection","Other Vehicle","Not Applicable","Not Applicable","At",""
"680465","CR-0000089706","0","0","0","0","21-346-0431","False","False","51","12/11/2021 8:05:00 PM","No Pedestrians Involved","Dry","No Unusual Conditions","Dark - Street Light","Violation Driver 1","No Controls Present/Factor","Clear","Sideswipe","Non-Related","Other Vehicle","Not Applicable","Not Applicable","West Of",""
"680466","CR-0000089707","0","0","0","0","21-345-0888","False","False","0","12/11/2021 8:22:00 PM","No Pedestrians Involved","Dry","No Unusual Conditions","Dark - Street Light","Violation Driver 1","Controls Functioning","Cloudy","Sideswipe","Intersection","Light Rail Vehicle","Not Applicable","Not Applicable","At",""
"680467","CR-0000089708","1","0","0","0","21-345-0928","True","False","76","12/11/2021 9:11:00 PM","No Pedestrians Involved","Dry","No Unusual Conditions","Dark - Street Light","Violation Driver 1","Controls Functioning","Clear","Hit Object","Non-Related","Fixed Object","Not Applicable","Not Applicable","North Of","HIT LIGHT POLE"
"680468","CR-0000089709","0","0","1","0","21-345-1000","True","False","55","12/11/2021 10:30:00 PM","No Pedestrians Involved","Dry","No Unusual Conditions","Dark - Street Light","Violation Driver 1","Controls Functioning","Clear","Sideswipe","Non-Related","Other Vehicle","Not Applicable","Not Applicable","South Of","V1 HIT LIGHT POLE AFTER SIDESWIPING V2"
"680469","CR-0000089711","0","0","0","0","21-345-1085","False","False","395","12/11/2021 11:53:00 PM","No Pedestrians Involved","Dry","Unknown","Dark - Street Light","Violation Driver 1","Controls Functioning","Clear","Hit Object","Non-Related","Fixed Object","Not Applicable","Not Applicable","North Of","HIT TMOBILE BUILDING"
"680470","CR-0000089712","0","0","0","0","21-346-0086","False","False","36","12/12/2021 1:26:00 AM","No Pedestrians Involved","Dry","No Unusual Conditions","Dark - Street Light","Violation Driver 1","No Controls Present/Factor","Clear","Hit Object","Related","Fixed Object","Not Applicable","Not Applicable","East Of","HIT FIRE HYDRANT"
"680471","CR-0000089710","0","1","0","0","21-259-0775","False","False","0","9/16/2021 3:40:00 PM","In Road - Includes Shoulder","Dry","No Unusual Conditions","Daylight","Violation Driver 1","Unknown","Clear","Vehicle/Pedestrian","Intersection","Pedestrian","East","West","At","SCOOTER (NO MOTOR) (PEDESTRIAN)"
"680472","CR-0000089713","0","0","0","0","21-346-0129","True","False","55","12/12/2021 2:15:00 AM","No Pedestrians Involved","Dry","No Unusual Conditions","Dark - Street Light","Violation Driver 1","Controls Functioning","Clear","Hit Object","Non-Related","Other Object","Not Applicable","Not Applicable","East Of","V1 HIT TREE BRANCH, NO STOPPING SIGN, FIRE HYDRANT"
"680473","CR-0000089714","0","0","0","0","21-346-0161","True","False","51","12/12/2021 3:13:00 AM","No Pedestrians Involved","Wet","No Unusual Conditions","Dark - Street Light","Unknown","No Controls Present/Factor","Rain","Rear End","Non-Related","Parked Vehicle","Not Applicable","Not Applicable","South Of","V1 HIT 2 PARKED CARS AND THEN HIT V2 INTO A LIGHT POLE"
"680474","CR-0000089716","0","0","0","0","21-346-0183","False","False","439","12/12/2021 3:59:00 AM","No Pedestrians Involved","Snowy - Icy","No Unusual Conditions","Dark - Street Light","Violation Driver 1","Controls Functioning","Cloudy","Hit Object","Non-Related","Fixed Object","Not Applicable","Not Applicable","East Of","V1 HIT LIGHT POLE"
"680475","CR-0000089717","0","0","0","0","21-346-0266","True","False","0","12/12/2021 7:30:00 AM","No Pedestrians Involved","Wet","No Unusual Conditions","Daylight","Violation Driver 1","No Controls Present/Factor","Other","Hit Object","Intersection","Fixed Object","Not Applicable","Not Applicable","At","HIT STOP SIGN"
"680476","CR-0000089718","2","0","0","0","21-346-0500","False","False","0","12/12/2021 2:39:00 PM","No Pedestrians Involved","Wet","No Unusual Conditions","Daylight","Violation Driver 1","Controls Functioning","Rain","Broadside","Intersection","Other Vehicle","Not Applicable","Not Applicable","At",""