"CrashFactId","Name","MinorInjuries","ModerateInjuries","SevereInjuries","FatalInjuries","TcrNumber","CityDamageFlag","ShortFormFlag","Distance","CrashDateTime","PedestrianAction","RoadwaySurface","RoadwayCondition","Lighting","PrimaryCollisionFactor","TrafficControl","Weather","CollisionType","ProximityToIntersection","VehicleInvolvedWith","PedestrianDirectionFrom","PedestrianDirectionTo","DirectionFromIntersection","Comment"
"680479","CR-0000089721","0","0","0","0","21-364-9701","False","False","","12/27/2021 8:50:00 AM","No Pedestrians Involved","Wet","No Unusual Conditions","Daylight","Unknown","Controls Functioning","Rain","Rear End","Related","Other Vehicle","Not Applicable","Not Applicable","North Of",""
"680480","CR-0000089722","0","0","0","0","21-356-9713","False","True","0","12/21/2021 12:40:00 PM","No Pedestrians Involved","Dry","No Unusual Conditions","Daylight","Unknown","Controls Functioning","Clear","Rear End","Intersection","Other Vehicle","Not Applicable","Not Applicable","At",""
"680487","CR-0000089729","0","0","0","0","21-346-0518","False","False","105","12/12/2021 3:15:00 PM","No Pedestrians Involved","Dry","No Unusual Conditions","Daylight","Violation Driver 1","No Controls Present/Factor","Cloudy","Head On","Non-Related","Parked Vehicle","Not Applicable","Not Applicable","South Of",""
"680488","CR-0000089730","4","0","0","0","21-346-0566","False","False","331","12/12/2021 4:19:00 PM","No Pedestrians Involved","Wet","No Unusual Conditions","Daylight","Violation Driver 1","No Controls Present/Factor","Rain","Broadside","Non-Related","Other Vehicle","Not Applicable","Not Applicable","South Of",""
"680489","CR-0000089731","0","0","1","0","21-346-0698","False","False","216","12/12/2021 7:02:00 PM","Crossing - Not In Crosswalk","Wet","No Unusual Conditions","Dark - Street Light","Violation Driver 1","Controls Functioning","Rain","Vehicle/Pedestrian","Non-Related","Pedestrian","West","East","South Of",""
"680490","CR-0000089732","1","0","0","0","21-346-0710","False","False","0","12/12/2021 7:21:00 PM","No Pedestrians Involved","Wet","No Unusual Conditions","Dark - Street Light","Violation Driver 1","Controls Functioning","Rain","Broadside","Intersection","Other Vehicle","Not Applicable","Not Applicable","At",""
"680491","CR-0000089733","2","0","0","0","21-346-0803","False","False","0","12/12/2021 9:55:00 PM","No Pedestrians Involved","Wet","No Unusual Conditions","Dark - Street Light","Violation Driver 1","Controls Functioning","Rain","Broadside","Intersection","Other Vehicle","Not Applicable","Not Applicable","At",""
"680492","CR-0000089734","0","2","0","0","21-346-0802","True","False","105","12/12/2021 9:57:00 PM","No Pedestrians Involved","Wet","No Unusual Conditions","Dark - Street Light","Violation Driver 1","Controls Functioning","Rain","Hit Object","Non-Related","Fixed Object","Not Applicable","Not Applicable","South Of","hit tree"
"680493","CR-0000089735","0","0","0","0","21-346-0807","False","False","150","12/12/2021 10:00:00 PM","No Pedestrians Involved","Wet","No Unusual Conditions","Dark - Street Light","Violation Driver 1","No Controls Present/Factor","Rain","Rear End","Non-Related","Parked Vehicle","Not Applicable","Not Applicable","South Of",""
"680494","CR-0000089736","1","0","0","0","21-346-0823","False","False","60","12/12/2021 10:26:00 PM","No Pedestrians Involved","Wet","No Unusual Conditions","Dark - Street Light","Violation Driver 1","Controls Functioning","Rain","Broadside","Non-Related","Parked Vehicle","Not Applicable","Not Applicable","North Of",""
"680495","CR-0000089737","0","0","0","1","22-040-0779","False","False","188","2/9/2022 5:53:00 PM","In Road - Includes Shoulder","Dry","No Unusual Conditions","Daylight","Pedestrian At Fault","No Controls Present/Factor","Clear","Vehicle/Pedestrian","Non-Related","Pedestrian","No Direction (Not Walking)","No Direction (Not Walking)","South Of","Delayed Fatal 02/20/2022"
"680496","CR-0000089738","1","0","0","1","22-043-1060","True","False","88","2/12/2022 11:48:00 PM","No Pedestrians Involved","Dry","No Unusual Conditions","Dark - Street Light","Violation Driver 1","Controls Functioning","Clear","Hit Object","Non-Related","Fixed Object","Not Applicable","Not Applicable","South Of","Tree"
"680501","CR-0000089744","0","0","0","0","21-159-0596","False","False","104","6/6/2021 9:30:00 PM","No Pedestrians Involved","Dry","No Unusual Conditions","Dark - Street Light","Violation Driver 1","No Controls Present/Factor","Clear","Hit Object","Non-Related","Fixed Object","Not Applicable","Not Applicable","South Of",""
"680502","CR-0000089745","1","0","0","0","21-264-0399","False","False","0","9/21/2021 9:55:00 AM","No Pedestrians Involved","Dry","No Unusual Conditions","Daylight","Violation Driver 1","Controls Functioning","Clear","Broadside","Intersection","Other Vehicle","Not Applicable","Not Applicable","At",""
"680503","CR-0000089746","0","0","0","0","21-264-0735","False","False","","9/21/2021 3:55:00 PM","No Pedestrians Involved","Dry","No Unusual Conditions","Daylight","Violation Driver 1","Controls Functioning","Clear","Rear End","Related","Other Vehicle","Not Applicable","Not Applicable","North Of",""
"680504","CR-0000089747","0","0","0","0","21-264-1144","False","False","51","9/21/2021 11:13:00 PM","No Pedestrians Involved","Dry","No Unusual Conditions","Dark - Street Light","Violation Driver 1","Controls Functioning","Clear","Rear End","Non-Related","Other Vehicle","Not Applicable","Not Applicable","West Of",""
"680505","CR-0000089748","1","1","0","0","21-264-0557","False","False","22","9/21/2021 12:42:00 PM","No Pedestrians Involved","Dry","No Unusual Conditions","Daylight","Violation Driver 1","Controls Functioning","Clear","Rear End","Related","Other Vehicle","Not Applicable","Not Applicable","North Of",""
"680506","CR-0000089749","1","0","0","0","21-264-0322","True","False","22","9/21/2021 8:39:00 AM","No Pedestrians Involved","Dry","No Unusual Conditions","Daylight","Violation Driver 1","No Controls Present/Factor","Clear","Hit Object","Related","Fixed Object","Not Applicable","Not Applicable","East Of","NO PARKING SIGN AND POWER POLE"
"680507","CR-0000089750","0","0","0","0","21-264-0983","True","False","0","9/21/2021 8:11:00 PM","No Pedestrians Involved","Dry","Unknown","Dark - Street Light","Violation Driver 1","Unknown","Clear","Hit Object","Intersection","Fixed Object","Not Applicable","Not Applicable","At",""
"680508","CR-0000089751","1","0","0","0","21-265-0228","False","False","0","9/22/2021 8:11:00 AM","Crossing In Crosswalk - At Intersection","Dry","No Unusual Conditions","Daylight","Violation Driver 1","Controls Functioning","Clear","Vehicle/Pedestrian","Intersection","Pedestrian","North","South","At","PEDESTRIAN"
"680509","CR-0000089752","0","0","0","0","21-265-0174","False","False","3556","9/22/2021 7:30:00 AM","No Pedestrians Involved","Dry","No Unusual Conditions","Daylight","Violation Driver 1","No Controls Present/Factor","Clear","Sideswipe","Non-Related","Other Vehicle","Not Applicable","Not Applicable","North Of","VTA BUS"
"680510","CR-0000089753","2","2","0","0","21-265-0789","False","False","0","9/22/2021 5:23:00 PM","No Pedestrians Involved","Dry","No Unusual Conditions","Daylight","Violation Driver 1","No Controls Present/Factor","Clear","Broadside","Intersection","Other Vehicle","Not Applicable","Not Applicable","At",""
"680511","CR-0000089754","0","1","0","0","21-265-0518","False","False","0","9/22/2021 1:14:00 PM","Crossing In Crosswalk - At Intersection","Dry","No Unusual Conditions","Daylight","Violation Driver 1","Controls Functioning","Clear","Vehicle/Pedestrian","Intersection","Pedestrian","West","East","At","PEDESTRIAN"
"680512","CR-0000089755","0","0","0","0","21-265-0253","False","False","306","9/22/2021 7:00:00 AM","No Pedestrians Involved","Dry","No Unusual Conditions","Daylight","Violation Driver 1","No Controls Present/Factor","Clear","Rear End","Non-Related","Parked Vehicle","Not Applicable","Not Applicable","North Of",""
"680513","CR-0000089756","0","1","0","0","21-265-0985","False","False","180","9/22/2021 8:25:00 PM","No Pedestrians Involved","Dry","No Unusual Conditions","Dark - Street Light","Violation Driver 1","No Controls Present/Factor","Clear","Sideswipe","Non-Related","Parked Vehicle","Not Applicable","Not Applicable","West Of",""
"680514","CR-0000089757","0","1","0","0","21-265-1000","False","False","0","9/22/2021 8:56:00 PM","No Pedestrians Involved","Dry","No Unusual Conditions","Dark - Street Light","Violation Driver 1","Controls Functioning","Clear","Broadside","Intersection","Other Vehicle","Not Applicable","Not Applicable","At",""
"680515","CR-0000089758","0","0","0","0","21-265-0830","False","False","48","9/22/2021 5:48:00 PM","No Pedestrians Involved","Unknown","No Unusual Conditions","Daylight","Violation Driver 1","No Controls Present/Factor","Clear","Rear End","Related","Other Vehicle","Not Applicable","Not Applicable","South Of",""
"680516","CR-0000089759","0","0","1","0","21-265-0388","False","False","155","9/22/2021 10:40:00 AM","No Pedestrians Involved","Dry","No Unusual Conditions","Daylight","Violation Driver 1","No Controls Present/Factor","Clear","Sideswipe","Non-Related","Other Vehicle","Not Applicable","Not Applicable","South Of",""
"680517","CR-0000089760","0","0","0","0","21-346-0835","False","False","0","12/12/2021 10:43:00 PM","No Pedestrians Involved","Wet","No Unusual Conditions","Dark - Street Light","Violation Driver 1","No Controls Present/Factor","Rain","Broadside","Intersection","Other Vehicle","Not Applicable","Not Applicable","At",""
"680518","CR-0000089761","1","0","0","0","21-347-0162","False","False","305","12/13/2021 6:27:00 AM","No Pedestrians Involved","Wet","No Unusual Conditions","Dark - Street Light","Violation Driver 1","Unknown","Rain","Vehicle/Bike","Non-Related","Bike","Not Applicable","Not Applicable","South Of",""
"680519","CR-0000089762","0","0","0","0","21-266-0792","True","False","20","9/23/2021 6:15:00 PM","No Pedestrians Involved","Dry","No Unusual Conditions","Daylight","Violation Driver 1","No Controls Present/Factor","Clear","Hit Object","Related","Fixed Object","Not Applicable","Not Applicable","East Of","STOP SIGN"
"680520","CR-0000089763","0","0","0","0","21-266-1049","False","False","0","9/23/2021 11:28:00 PM","No Pedestrians Involved","Dry","No Unusual Conditions","Dark - Street Light","Violation Driver 1","No Controls Present/Factor","Clear","Broadside","Intersection","Other Vehicle","Not Applicable","Not Applicable","At",""
"680521","CR-0000089764","3","0","0","0","21-266-0995","False","False","0","9/23/2021 10:05:00 PM","No Pedestrians Involved","Dry","No Unusual Conditions","Dark - Street Light","Violation Driver 1","Controls Functioning","Clear","Broadside","Intersection","Other Vehicle","Not Applicable","Not Applicable","At",""
"680522","CR-0000089766","2","1","0","0","21-266-0872","False","False","0","9/23/2021 7:54:00 PM","No Pedestrians Involved","Dry","No Unusual Conditions","Dark - Street Light","Violation Driver 1","No Controls Present/Factor","Clear","Head On","Intersection","Other Vehicle","Not Applicable","Not Applicable","At",""
"680523","CR-0000089765","1","0","0","0","21-346-0159","True","False","0","12/12/2021 3:09:00 AM","No Pedestrians Involved","Dry","No Unusual Conditions","Dark - Street Light","Violation Driver 1","Controls Functioning","Clear","Broadside","Intersection","Other Vehicle","Not Applicable","Not Applicable","At","v1 hit bollard after first collision"
"680524","CR-0000089767","0","0","1","0","21-267-0181","False","False","0","9/24/2021 6:40:00 AM","No Pedestrians Involved","Dry","No Unusual Conditions","Dark - Street Light","Violation Driver 1","Controls Functioning","Clear","Vehicle/Bike","Intersection","Bike","Not Applicable","Not Applicable","At","BIKE"
"680525","CR-0000089768","1","0","0","0","21-267-0664","False","False","374","9/24/2021 3:16:00 PM","No Pedestrians Involved","Dry","No Unusual Conditions","Daylight","Violation Driver 1","No Controls Present/Factor","Clear","Broadside","Non-Related","Other Vehicle","Not Applicable","Not Applicable","West Of",""
"680526","CR-0000089769","1","0","0","0","21-267-0629","False","False","","9/24/2021 2:25:00 PM","No Pedestrians Involved","Dry","No Unusual Conditions","Daylight","Violation Driver 1","Controls Functioning","Clear","Rear End","Related","Motorcycle","Not Applicable","Not Applicable","North Of",""
"680527","CR-0000089770","1","0","0","0","21-347-0314","False","False","0","12/13/2021 10:40:00 AM","No Pedestrians Involved","Wet","No Unusual Conditions","Daylight","Violation Driver 1","No Controls Present/Factor","Rain","Sideswipe","Intersection","Other Vehicle","Not Applicable","Not Applicable","At",""
"680528","CR-0000089773","0","0","0","0","21-349-9716","False","True","51","12/13/2021 4:45:00 PM","No Pedestrians Involved","Wet","No Unusual Conditions","Dusk - Dawn","Unknown","Controls Functioning","Rain","Head On","Non-Related","Other Vehicle","Not Applicable","Not Applicable","North Of",""
"680529","CR-0000089774","2","0","0","0","21-347-0429","False","False","0","12/13/2021 12:36:00 PM","No Pedestrians Involved","Wet","Unknown","Daylight","Violation Driver 1","Controls Functioning","Rain","Broadside","Intersection","Other Vehicle","Not Applicable","Not Applicable","At",""
"680530","CR-0000089775","1","0","0","0","21-347-0766","False","False","0","12/13/2021 7:25:00 PM","Crossing In Crosswalk - At Intersection","Wet","No Unusual Conditions","Dark - No Street Light","Violation Driver 1","No Controls Present/Factor","Clear","Vehicle/Pedestrian","Intersection","Pedestrian","East","West","At",""
"680531","CR-0000089776","0","0","0","0","21-347-0840","False","False","98","12/13/2021 8:50:00 PM","No Pedestrians Involved","Wet","No Unusual Conditions","Dark - Street Light","Violation Driver 1","Controls Functioning","Rain","Hit Object","Non-Related","Fixed Object","Not Applicable","Not Applicable","West Of","v1 hit sidewalk"
"680532","CR-0000089777","0","1","0","0","21-348-0444","False","False","0","12/14/2021 1:09:00 PM","No Pedestrians Involved","Wet","No Unusual Conditions","Daylight","Violation Driver 1","Controls Functioning","Cloudy","Vehicle/Bike","Intersection","Bike","Not Applicable","Not Applicable","At",""
"680533","CR-0000089778","1","0","0","0","21-348-0414","False","False","0","12/14/2021 12:40:00 PM","No Pedestrians Involved","Dry","No Unusual Conditions","Daylight","Violation Driver 1","Controls Functioning","Cloudy","Sideswipe","Intersection","Other Vehicle","Not Applicable","Not Applicable","At",""
"680534","CR-0000089779","1","0","0","0","21-348-0509","False","False","51","12/14/2021 1:29:00 PM","No Pedestrians Involved","Dry","No Unusual Conditions","Daylight","Violation Driver 1","No Controls Present/Factor","Cloudy","Rear End","Non-Related","Other Vehicle","Not Applicable","Not Applicable","West Of",""
"680535","CR-0000089780","1","0","0","0","21-348-0619","False","False","0","12/14/2021 4:13:00 PM","No Pedestrians Involved","Dry","No Unusual Conditions","Daylight","Violation Driver 1","Controls Functioning","Clear","Rear End","Intersection","Other Vehicle","Not Applicable","Not Applicable","At",""
"680536","CR-0000089781","0","0","0","0","21-248-0653","False","False","51","12/14/2021 4:42:00 PM","No Pedestrians Involved","Wet","No Unusual Conditions","Daylight","Violation Driver 1","No Controls Present/Factor","Cloudy","Hit Object","Non-Related","Fixed Object","Not Applicable","Not Applicable","South Of","Hit Fence"
"680537","CR-0000089782","2","0","0","0","21-348-0849","False","False","0","12/14/2021 8:00:00 PM","No Pedestrians Involved","Wet","No Unusual Conditions","Dark - Street Light","Violation Driver 1","Controls Functioning","Rain","Head On","Intersection","Other Vehicle","Not Applicable","Not Applicable","At",""
"680538","CR-0000089783","0","0","0","0","21-348-0951","False","False","192","12/14/2021 11:08:00 PM","No Pedestrians Involved","Dry","No Unusual Conditions","Dark - Street Light","Violation Driver 1","Controls Functioning","Clear","Sideswipe","Non-Related","Parked Vehicle","Not Applicable","Not Applicable","South Of",""
"680539","CR-0000089784","1","0","0","0","21-349-0132","False","False","0","12/15/2021 5:45:00 AM","No Pedestrians Involved","Dry","No Unusual Conditions","Dark - Street Light","Violation Driver 1","Unknown","Clear","Head On","Intersection","Other Vehicle","Not Applicable","Not Applicable","At",""
"680540","CR-0000089785","0","0","0","0","22-020-9702","False","False","130","12/15/2021 8:30:00 AM","No Pedestrians Involved","Dry","No Unusual Conditions","Daylight","Unknown","No Controls Present/Factor","Clear","Sideswipe","Non-Related","Other Vehicle","Not Applicable","Not Applicable","North Of",""
"680541","CR-0000089786","1","0","0","0","21-349-0608","False","False","65","12/15/2021 3:15:00 PM","No Pedestrians Involved","Wet","No Unusual Conditions","Dusk - Dawn","Violation Driver 1","Controls Functioning","Clear","Rear End","Non-Related","Other Vehicle","Not Applicable","Not Applicable","North Of",""
"680542","CR-0000089787","2","0","0","0","21-349-0136","False","False","0","12/15/2021 7:49:00 PM","No Pedestrians Involved","Dry","No Unusual Conditions","Dark - Street Light","Violation Driver 1","Controls Functioning","Clear","Head On","Intersection","Other Vehicle","Not Applicable","Not Applicable","At",""
"680543","CR-0000089788","0","0","0","0","21-349-0209","True","False","30","12/15/2021 8:49:00 AM","No Pedestrians Involved","Dry","No Unusual Conditions","Daylight","Violation Driver 1","No Controls Present/Factor","Clear","Broadside","Related","Other Vehicle","Not Applicable","Not Applicable","West Of","v1 hit flashing xwalk sign after hitting v2"
"680544","CR-0000089789","0","0","0","0","21-349-0452","False","False","32","12/15/2021 12:50:00 PM","No Pedestrians Involved","Dry","No Unusual Conditions","Daylight","Violation Driver 1","Controls Functioning","Clear","Rear End","Related","Other Vehicle","Not Applicable","Not Applicable","West Of",""
"680545","CR-0000089790","0","0","0","0","21-349-0716","True","False","291","12/15/2021 5:18:00 PM","No Pedestrians Involved","Dry","No Unusual Conditions","Dark - Street Light","Violation Driver 1","No Controls Present/Factor","Clear","Broadside","Non-Related","Other Vehicle","Not Applicable","Not Applicable","North Of","V2 HIT SIGN ON CENER MEDIAN AFTER BEING HIT BY V1"
"680546","CR-0000089791","1","0","0","0","21-349-0991","False","False","59","12/15/2021 11:02:00 PM","No Pedestrians Involved","Wet","No Unusual Conditions","Dark - Street Light","Violation Driver 1","No Controls Present/Factor","Rain","Hit Object","Non-Related","Fixed Object","Not Applicable","Not Applicable","West Of","V1 HIT FIRE HYDRANT AND FENCE"
"680547","CR-0000089792","1","0","0","0","21-349-0935","False","False","0","12/15/2021 9:30:00 PM","No Pedestrians Involved","Wet","No Unusual Conditions","Dark - No Street Light","Violation Driver 1","Controls Functioning","Rain","Broadside","Intersection","Other Vehicle","Not Applicable","Not Applicable","At",""
"680548","CR-0000089793","0","0","0","0","21-349-0965","False","False","0","12/15/2021 10:15:00 PM","No Pedestrians Involved","Wet","No Unusual Conditions","Dark - Street Light","Violation Driver 1","Controls Functioning","Rain","Vehicle/Bike","Intersection","Bike","Not Applicable","Not Applicable","At",""
"680549","CR-0000089794","1","0","0","0","21-350-0234","False","False","0","12/16/2021 9:15:00 AM","No Pedestrians Involved","Wet","No Unusual Conditions","Daylight","Violation Driver 1","Controls Functioning","Clear","Broadside","Intersection","Other Vehicle","Not Applicable","Not Applicable","At",""
"680550","CR-0000089795","1","0","0","0","21-350-0369","False","False","0","12/16/2021 11:57:00 AM","No Pedestrians Involved","Wet","No Unusual Conditions","Daylight","Violation Driver 1","No Controls Present/Factor","Clear","Broadside","Intersection","Other Vehicle","Not Applicable","Not Applicable","At",""
"680551","CR-0000089796","1","1","0","0","21-350-0400","False","False","0","12/16/2021 12:33:00 PM","No Pedestrians Involved","Dry","No Unusual Conditions","Daylight","Violation Driver 1","Controls Functioning","Clear","Broadside","Intersection","Other Vehicle","Not Applicable","Not Applicable","At",""
"680552","CR-0000089797","1","0","0","0","21-350-0960","True","False","0","12/16/2021 11:47:00 PM","No Pedestrians Involved","Dry","No Unusual Conditions","Dark - Street Light","Violation Driver 1","Controls Functioning","Clear","Head On","Intersection","Other Vehicle","Not Applicable","Not Applicable","At","V2 HIT TRAFFIC SIGNAL POLE AFTER BEING HIT BY V1"
"680553","CR-0000089798","1","0","0","0","21-350-0674","False","False","100","12/16/2021 5:46:00 PM","No Pedestrians Involved","Dry","No Unusual Conditions","Dark - Street Light","Violation Driver 1","No Controls Present/Factor","Clear","Broadside","Non-Related","Other Vehicle","Not Applicable","Not Applicable","North Of",""
"680554","CR-0000089799","1","0","0","0","21-350-0749","False","False","0","12/16/2021 7:16:00 PM","No Pedestrians Involved","Dry","No Unusual Conditions","Dark - Street Light","Violation Driver 1","Controls Functioning","Clear","Head On","Intersection","Other Vehicle","Not Applicable","Not Applicable","At",""
"680555","CR-0000089800","0","0","1","0","21-267-1127","False","False","254","9/24/2021 11:21:00 PM","Crossing - Not In Crosswalk","Dry","Unknown","Dark - Street Light","Violation Driver 1","Controls Functioning","Clear","Vehicle/Pedestrian","Non-Related","Pedestrian","North","South","West Of","PEDESTRIAN"
"680556","CR-0000089801","0","0","0","0","21-268-9705","False","True","51","9/24/2021 1:00:00 AM","No Pedestrians Involved","Dry","Unknown","Dark - No Street Light","Unknown","Unknown","Clear","Sideswipe","Non-Related","Parked Vehicle","Not Applicable","Not Applicable","North Of",""
"680557","CR-0000089802","0","1","0","0","21-267-0246","False","False","285","9/24/2021 8:41:00 AM","No Pedestrians Involved","Dry","No Unusual Conditions","Daylight","Violation Driver 1","No Controls Present/Factor","Clear","Vehicle/Bike","Non-Related","Bike","Not Applicable","Not Applicable","East Of","BIKE"
"680558","CR-0000089803","0","0","0","0","21-267-0495","False","False","194","9/24/2021 12:12:00 PM","No Pedestrians Involved","Dry","No Unusual Conditions","Daylight","Violation Driver 1","No Controls Present/Factor","Clear","Rear End","Non-Related","Parked Vehicle","Not Applicable","Not Applicable","West Of","SJ FIRE DEPT. VEHICLE"
"680559","CR-0000089804","1","0","0","0","21-267-0779","False","False","122","9/24/2021 5:23:00 PM","No Pedestrians Involved","Dry","No Unusual Conditions","Daylight","Violation Driver 1","No Controls Present/Factor","Clear","Vehicle/Bike","Non-Related","Bike","Not Applicable","Not Applicable","North Of","BIKE"
"680560","CR-0000089805","0","0","0","0","21-267-0920","False","False","42","9/24/2021 7:38:00 PM","Crossing - Not In Crosswalk","Dry","Reduced Roadway Width","Dark - Street Light","Violation Driver 1","No Controls Present/Factor","Clear","Vehicle/Pedestrian","Related","Pedestrian","West","East","North Of","PEDESTRIAN"
"680561","CR-0000089806","0","0","0","0","21-268-0134","False","False","57","9/25/2021 4:50:00 AM","No Pedestrians Involved","Dry","No Unusual Conditions","Dark - Street Light","Violation Driver 1","Controls Functioning","Clear","Sideswipe","Non-Related","Parked Vehicle","Not Applicable","Not Applicable","East Of",""
"680562","CR-0000089807","0","2","0","0","21-268-0189","False","False","0","9/25/2021 7:35:00 AM","No Pedestrians Involved","Dry","No Unusual Conditions","Daylight","Violation Driver 1","Controls Functioning","Clear","Broadside","Intersection","Other Vehicle","Not Applicable","Not Applicable","At",""
"680563","CR-0000089808","0","0","0","0","21-268-0853","False","False","0","9/25/2021 9:55:00 PM","No Pedestrians Involved","Dry","No Unusual Conditions","Dark - Street Light","Violation Driver 1","No Controls Present/Factor","Clear","Broadside","Intersection","Other Vehicle","Not Applicable","Not Applicable","At",""
"680564","CR-0000089809","0","0","0","0","21-268-0529","False","False","140","9/25/2021 3:40:00 AM","No Pedestrians Involved","Dry","No Unusual Conditions","Dark - Street Light","Violation Driver 1","No Controls Present/Factor","Clear","Head On","Non-Related","Parked Vehicle","Not Applicable","Not Applicable","North Of",""
"680565","CR-0000089810","0","0","0","0","21-268-0555","True","False","47","9/25/2021 4:17:00 PM","No Pedestrians Involved","Dry","No Unusual Conditions","Daylight","Violation Driver 1","Controls Functioning","Clear","Hit Object","Related","Fixed Object","Not Applicable","Not Applicable","East Of","TREE"
"680566","CR-0000089812","0","1","0","0","21-351-0542","False","False","58","12/17/2021 2:36:00 PM","In Road - Includes Shoulder","Dry","No Unusual Conditions","Daylight","Violation Driver 1","No Controls Present/Factor","Clear","Vehicle/Pedestrian","Non-Related","Pedestrian","Unknown","Unknown","Unknown",""
"680567","CR-0000089811","0","1","0","0","21-268-0354","False","False","0","9/25/2021 12:20:00 PM","No Pedestrians Involved","Dry","No Unusual Conditions","Daylight","Violation Driver 1","No Controls Present/Factor","Clear","Broadside","Intersection","Motorcycle","Not Applicable","Not Applicable","At",""
"680568","CR-0000089814","0","0","0","0","21-268-0380","False","False","120","9/25/2021 11:44:00 AM","No Pedestrians Involved","Dry","No Unusual Conditions","Daylight","Violation Driver 1","No Controls Present/Factor","Clear","Head On","Non-Related","Other Vehicle","Not Applicable","Not Applicable","West Of",""
"680569","CR-0000089813","0","0","0","0","21-351-0096","False","False","33","12/17/2021 2:43:00 AM","No Pedestrians Involved","Dry","No Unusual Conditions","Dark - Street Light","Violation Driver 1","No Controls Present/Factor","Clear","Hit Object","Related","Fixed Object","Not Applicable","Not Applicable","West Of","hit fence"
"680570","CR-0000089815","0","0","0","0","21-268-0269","False","False","70","9/25/2021 10:02:00 AM","No Pedestrians Involved","Dry","Unknown","Daylight","Violation Driver 1","Controls Functioning","Clear","Sideswipe","Non-Related","Other Vehicle","Not Applicable","Not Applicable","East Of",""
"680571","CR-0000089816","0","0","0","0","21-351-0104","False","False","76","12/17/2021 3:00:00 AM","No Pedestrians Involved","Dry","No Unusual Conditions","Dark - Street Light","Violation Driver 1","No Controls Present/Factor","Clear","Hit Object","Non-Related","Fixed Object","Not Applicable","Not Applicable","North Of","v1 hit pole"
"680572","CR-0000089817","0","0","0","0","21-351-0849","False","False","0","12/17/2021 7:38:00 PM","No Pedestrians Involved","Dry","No Unusual Conditions","Dark - Street Light","Violation Driver 1","No Controls Present/Factor","Clear","Rear End","Intersection","Other Vehicle","Not Applicable","Not Applicable","At",""
"680573","CR-0000089818","0","0","0","0","21-351-0917","False","False","","12/17/2021 8:46:00 PM","No Pedestrians Involved","Dry","Other","Dark - Street Light","Violation Driver 1","Controls Functioning","Clear","Sideswipe","Related","Other Vehicle","Not Applicable","Not Applicable","North Of",""
"680574","CR-0000089819","0","0","0","0","21-268-0193","False","False","24","9/25/2021 7:43:00 AM","No Pedestrians Involved","Dry","No Unusual Conditions","Daylight","Violation Driver 1","Controls Functioning","Clear","Sideswipe","Related","Parked Vehicle","Not Applicable","Not Applicable","South Of",""
"680575","CR-0000089820","0","0","0","0","21-351-0095","False","False","74","12/17/2021 2:42:00 AM","No Pedestrians Involved","Dry","No Unusual Conditions","Dark - Street Light","Violation Driver 1","Controls Functioning","Clear","Rear End","Non-Related","Parked Vehicle","Not Applicable","Not Applicable","East Of",""
"680576","CR-0000089821","2","0","0","0","21-268-0854","False","False","0","9/25/2021 9:57:00 PM","No Pedestrians Involved","Dry","No Unusual Conditions","Dark - Street Light","Violation Driver 1","Controls Functioning","Clear","Rear End","Intersection","Other Vehicle","Not Applicable","Not Applicable","At",""
"680577","CR-0000089822","0","0","0","0","21-351-0172","False","False","0","12/17/2021 7:11:00 AM","No Pedestrians Involved","Dry","No Unusual Conditions","Daylight","Violation Driver 1","Controls Functioning","Clear","Broadside","Intersection","Other Vehicle","Not Applicable","Not Applicable","At",""
"680578","CR-0000089823","0","0","0","0","21-351-0325","False","False","155","12/17/2021 10:10:00 AM","No Pedestrians Involved","Dry","No Unusual Conditions","Daylight","Violation Driver 1","Controls Functioning","Clear","Sideswipe","Non-Related","Other Vehicle","Not Applicable","Not Applicable","East Of",""
"680579","CR-0000089824","0","0","0","0","21-351-0502","False","False","34","12/17/2021 1:57:00 PM","No Pedestrians Involved","Dry","No Unusual Conditions","Daylight","Violation Driver 1","No Controls Present/Factor","Clear","Sideswipe","Related","Motorcycle","Not Applicable","Not Applicable","East Of",""
"680580","CR-0000089825","0","0","0","0","21-351-0865","False","False","0","12/17/2021 7:55:00 PM","No Pedestrians Involved","Dry","No Unusual Conditions","Dark - Street Light","Violation Driver 1","Controls Functioning","Clear","Broadside","Intersection","Other Vehicle","Not Applicable","Not Applicable","At",""
"680581","CR-0000089826","0","0","0","0","21-351-1006","False","False","25","12/17/2021 10:18:00 PM","No Pedestrians Involved","Dry","No Unusual Conditions","Dark - Street Light","Violation Driver 1","Controls Functioning","Clear","Hit Object","Related","Fixed Object","Not Applicable","Not Applicable","West Of","hit curb"
"680582","CR-0000089827","0","0","0","0","21-351-1083","False","False","40","12/17/2021 11:35:00 PM","No Pedestrians Involved","Dry","No Unusual Conditions","Dark - Street Light","Violation Driver 1","No Controls Present/Factor","Clear","Sideswipe","Related","Parked Vehicle","Not Applicable","Not Applicable","East Of",""
"680583","CR-0000089828","0","0","0","1","22-050-0141","True","False","800","2/19/2022 5:38:00 AM","No Pedestrians Involved","Dry","No Unusual Conditions","Dark - No Street Light","Violation Driver 1","Controls Functioning","Clear","Hit Object","Non-Related","Fixed Object","Not Applicable","Not Applicable","South Of","Median island, Tree"